visit_id,arrival_time,triage_time,provider_time,decision_time,departure_time,acuity,disposition,arrival_mode,age,sex
732,2024-01-08 00:32,2024-01-08 00:36,2024-01-08 01:37,2024-01-08 04:00,2024-01-08 04:00,3,HOME,WALK IN,56,F
733,2024-01-08 01:00,2024-01-08 01:06,2024-01-08 01:06,2024-01-08 03:21,2024-01-08 03:21,1,HOME,WALK IN,52,M
734,2024-01-08 01:23,2024-01-08 01:29,2024-01-08 02:10,2024-01-08 02:38,2024-01-08 02:38,3,ADMITTED,AMBULANCE,54,F
735,2024-01-08 01:26,2024-01-08 01:32,2024-01-08 02:28,2024-01-08 03:21,2024-01-08 03:21,4,HOME,WALK IN,58,F
736,2024-01-08 01:50,2024-01-08 01:56,2024-01-08 02:06,2024-01-08 05:05,2024-01-08 05:05,2,HOME,AMBULANCE,19,M
737,2024-01-08 02:06,2024-01-08 02:13,2024-01-08 02:29,2024-01-08 03:37,2024-01-08 03:37,4,HOME,WALK IN,59,M
738,2024-01-08 04:20,2024-01-08 04:23,2024-01-08 04:23,2024-01-08 06:18,2024-01-08 06:18,3,HOME,WALK IN,69,F
739,2024-01-08 04:23,2024-01-08 04:26,2024-01-08 04:26,2024-01-08 05:07,2024-01-08 05:07,3,HOME,WALK IN,56,F
740,2024-01-08 05:04,2024-01-08 05:07,2024-01-08 05:07,2024-01-08 06:58,2024-01-08 06:58,2,ADMITTED,AMBULANCE,83,F
741,2024-01-08 05:20,2024-01-08 05:34,2024-01-08 05:34,2024-01-08 10:32,2024-01-08 10:32,3,HOME,WALK IN,65,F
742,2024-01-08 05:40,2024-01-08 05:50,2024-01-08 05:50,2024-01-08 06:23,2024-01-08 06:23,3,HOME,WALK IN,72,F
743,2024-01-08 07:27,2024-01-08 07:32,2024-01-08 07:32,2024-01-08 08:05,2024-01-08 08:05,3,HOME,WALK IN,74,M
744,2024-01-08 08:55,2024-01-08 09:07,2024-01-08 09:07,2024-01-08 10:30,2024-01-08 10:30,2,HOME,WALK IN,37,M
745,2024-01-08 09:44,2024-01-08 09:49,2024-01-08 09:49,2024-01-08 11:44,2024-01-08 11:44,3,HOME,WALK IN,81,M
746,2024-01-08 09:59,2024-01-08 10:03,2024-01-08 10:03,2024-01-08 12:36,2024-01-08 12:36,3,ADMITTED,WALK IN,32,M
747,2024-01-08 10:00,2024-01-08 10:07,2024-01-08 10:07,2024-01-08 11:43,2024-01-08 11:43,2,ADMITTED,AMBULANCE,61,M
748,2024-01-08 10:05,2024-01-08 10:09,,,2024-01-08 13:10,4,LEFT WITHOUT BEING SEEN,WALK IN,56,F
749,2024-01-08 10:08,2024-01-08 10:15,2024-01-08 10:15,2024-01-08 12:05,2024-01-08 12:05,1,ADMITTED,AMBULANCE,63,M
750,2024-01-08 10:10,2024-01-08 10:17,2024-01-08 10:32,2024-01-08 12:32,2024-01-08 12:32,3,ADMITTED,WALK IN,71,F
751,2024-01-08 10:12,2024-01-08 10:18,2024-01-08 10:18,2024-01-08 12:08,2024-01-08 12:08,1,ADMITTED,AMBULANCE,64,M
752,2024-01-08 10:13,2024-01-08 10:22,,,2024-01-08 11:27,4,LEFT WITHOUT BEING SEEN,WALK IN,45,F
753,2024-01-08 10:14,2024-01-08 10:22,2024-01-08 10:34,2024-01-08 11:48,2024-01-08 11:48,3,HOME,WALK IN,44,M
754,2024-01-08 10:27,2024-01-08 10:37,2024-01-08 10:52,2024-01-08 15:23,2024-01-08 15:23,3,HOME,WALK IN,36,M
755,2024-01-08 10:32,2024-01-08 10:35,2024-01-08 10:52,2024-01-08 11:51,2024-01-08 11:51,3,ADMITTED,AMBULANCE,40,M
756,2024-01-08 10:44,2024-01-08 10:47,2024-01-08 10:53,2024-01-08 13:52,2024-01-08 13:52,3,HOME,AMBULANCE,21,M
757,2024-01-08 10:47,2024-01-08 10:52,2024-01-08 10:56,2024-01-08 13:13,2024-01-08 13:13,3,HOME,WALK IN,46,M
758,2024-01-08 10:50,2024-01-08 10:53,2024-01-08 10:54,2024-01-08 15:53,2024-01-08 15:53,2,HOME,WALK IN,37,M
759,2024-01-08 10:52,2024-01-08 11:00,2024-01-08 11:16,2024-01-08 13:11,2024-01-08 13:11,2,HOME,AMBULANCE,46,F
760,2024-01-08 11:12,2024-01-08 11:18,2024-01-08 11:44,2024-01-08 15:41,2024-01-08 15:41,2,HOME,AMBULANCE,71,F
761,2024-01-08 11:32,2024-01-08 11:41,,,2024-01-08 12:16,4,LEFT WITHOUT BEING SEEN,WALK IN,43,M
762,2024-01-08 11:35,2024-01-08 11:43,2024-01-08 12:36,2024-01-08 15:53,2024-01-08 15:53,3,HOME,WALK IN,57,M
763,2024-01-08 11:35,2024-01-08 11:45,2024-01-08 11:51,2024-01-08 17:02,2024-01-08 17:02,2,HOME,WALK IN,69,F
764,2024-01-08 11:36,2024-01-08 11:50,2024-01-08 13:07,2024-01-08 16:25,2024-01-08 16:25,3,HOME,AMBULANCE,65,F
765,2024-01-08 11:44,2024-01-08 11:53,2024-01-08 12:08,2024-01-08 15:05,2024-01-08 15:05,2,ADMITTED,WALK IN,33,F
766,2024-01-08 11:54,2024-01-08 11:59,,,2024-01-08 14:04,4,LEFT WITHOUT BEING SEEN,WALK IN,51,F
767,2024-01-08 11:55,2024-01-08 12:02,2024-01-08 13:11,2024-01-08 15:39,2024-01-08 15:39,3,HOME,WALK IN,37,F
768,2024-01-08 11:59,2024-01-08 12:05,,,2024-01-08 13:17,4,LEFT WITHOUT BEING SEEN,WALK IN,67,M
769,2024-01-08 12:01,2024-01-08 12:07,2024-01-08 13:13,2024-01-08 17:27,2024-01-08 17:27,3,HOME,WALK IN,84,F
770,2024-01-08 12:17,2024-01-08 12:21,2024-01-08 14:25,2024-01-08 15:35,2024-01-08 15:35,4,HOME,WALK IN,48,F
771,2024-01-08 12:20,2024-01-08 12:27,2024-01-08 13:14,2024-01-08 15:21,2024-01-08 15:21,3,ADMITTED,AMBULANCE,59,M
772,2024-01-08 12:26,2024-01-08 12:32,,,2024-01-08 13:44,5,LEFT WITHOUT BEING SEEN,WALK IN,30,M
773,2024-01-08 12:37,2024-01-08 12:42,2024-01-08 13:52,2024-01-08 17:20,2024-01-08 17:20,3,ADMITTED,AMBULANCE,83,F
774,2024-01-08 12:40,2024-01-08 12:45,2024-01-08 14:02,2024-01-08 18:46,2024-01-08 18:46,3,ADMITTED,WALK IN,78,M
775,2024-01-08 13:06,2024-01-08 13:17,2024-01-08 14:29,2024-01-08 17:09,2024-01-08 17:09,4,HOME,AMBULANCE,47,M
776,2024-01-08 13:16,2024-01-08 13:21,2024-01-08 14:11,2024-01-08 15:04,2024-01-08 15:04,3,ADMITTED,WALK IN,25,M
777,2024-01-08 13:19,2024-01-08 13:26,2024-01-08 13:52,2024-01-08 17:23,2024-01-08 17:23,3,HOME,WALK IN,81,F
778,2024-01-08 13:28,2024-01-08 13:31,2024-01-08 14:18,2024-01-08 17:25,2024-01-08 17:25,3,ADMITTED,WALK IN,70,F
779,2024-01-08 13:56,2024-01-08 14:02,2024-01-08 14:45,2024-01-08 16:05,2024-01-08 16:05,4,HOME,WALK IN,55,F
780,2024-01-08 14:08,2024-01-08 14:14,2024-01-08 15:39,2024-01-08 19:52,2024-01-08 19:52,3,HOME,WALK IN,46,F
781,2024-01-08 14:36,2024-01-08 14:48,2024-01-08 15:53,2024-01-08 16:17,2024-01-08 16:17,4,HOME,WALK IN,49,M
782,2024-01-08 14:50,2024-01-08 14:56,2024-01-08 15:41,2024-01-08 17:12,2024-01-08 17:12,3,HOME,WALK IN,37,M
783,2024-01-08 14:53,2024-01-08 15:02,2024-01-08 15:04,2024-01-08 18:01,2024-01-08 18:01,2,HOME,AMBULANCE,87,M
784,2024-01-08 15:01,2024-01-08 15:04,2024-01-08 15:05,2024-01-08 16:08,2024-01-08 16:08,2,ADMITTED,WALK IN,46,M
785,2024-01-08 15:03,2024-01-08 15:07,2024-01-08 15:23,2024-01-08 18:27,2024-01-08 18:27,2,HOME,WALK IN,42,M
786,2024-01-08 15:42,2024-01-08 15:53,2024-01-08 15:53,2024-01-08 18:55,2024-01-08 18:55,3,HOME,WALK IN,53,F
787,2024-01-08 15:52,2024-01-08 15:58,2024-01-08 15:58,2024-01-08 18:07,2024-01-08 18:07,1,ADMITTED,AMBULANCE,26,M
788,2024-01-08 16:23,2024-01-08 16:25,2024-01-08 16:25,2024-01-08 21:13,2024-01-08 21:13,2,ADMITTED,WALK IN,27,M
789,2024-01-08 16:39,2024-01-08 16:44,2024-01-08 16:44,2024-01-08 18:55,2024-01-08 18:55,1,ADMITTED,WALK IN,52,M
790,2024-01-08 16:48,2024-01-08 16:56,2024-01-08 17:36,2024-01-08 18:14,2024-01-08 18:14,5,HOME,WALK IN,29,F
791,2024-01-08 16:49,2024-01-08 16:52,2024-01-08 17:27,2024-01-08 18:20,2024-01-08 18:20,3,HOME,WALK IN,30,F
792,2024-01-08 16:58,2024-01-08 17:01,2024-01-08 17:48,2024-01-08 18:30,2024-01-08 18:30,5,HOME,WALK IN,46,M
793,2024-01-08 17:03,2024-01-08 17:10,2024-01-08 17:31,2024-01-08 19:32,2024-01-08 19:32,4,HOME,WALK IN,87,M
794,2024-01-08 17:05,2024-01-08 17:08,2024-01-08 17:31,2024-01-08 18:25,2024-01-08 18:25,4,HOME,WALK IN,36,M
795,2024-01-08 17:20,2024-01-08 17:23,2024-01-08 17:28,2024-01-08 19:25,2024-01-08 19:25,3,ADMITTED,WALK IN,21,M
796,2024-01-08 17:46,2024-01-08 17:50,2024-01-08 17:50,2024-01-08 19:44,2024-01-08 19:44,3,ADMITTED,WALK IN,86,F
797,2024-01-08 17:58,2024-01-08 18:02,2024-01-08 18:02,2024-01-08 18:23,2024-01-08 18:23,5,HOME,WALK IN,34,F
798,2024-01-08 18:00,2024-01-08 18:20,2024-01-08 18:27,2024-01-08 21:24,2024-01-08 21:24,2,ADMITTED,WALK IN,72,F
799,2024-01-08 18:02,2024-01-08 18:05,2024-01-08 18:07,2024-01-08 20:05,2024-01-08 20:05,4,HOME,WALK IN,25,F
800,2024-01-08 18:05,2024-01-08 18:10,2024-01-08 18:10,2024-01-08 19:36,2024-01-08 19:36,4,ADMITTED,WALK IN,43,F
801,2024-01-08 18:13,2024-01-08 18:22,2024-01-08 18:29,2024-01-08 19:36,2024-01-08 19:36,3,HOME,WALK IN,58,F
802,2024-01-08 18:46,2024-01-08 18:54,2024-01-08 18:54,2024-01-08 20:47,2024-01-08 20:47,2,ADMITTED,AMBULANCE,60,M
803,2024-01-08 18:50,2024-01-08 18:55,2024-01-08 18:55,2024-01-08 20:22,2024-01-08 20:22,3,ADMITTED,WALK IN,73,M
804,2024-01-08 18:56,2024-01-08 19:06,2024-01-08 19:06,2024-01-08 20:14,2024-01-08 20:14,4,HOME,WALK IN,36,M
805,2024-01-08 19:43,2024-01-08 19:49,2024-01-08 19:49,2024-01-08 20:16,2024-01-08 20:16,4,HOME,WALK IN,74,M
806,2024-01-08 19:45,2024-01-08 19:52,2024-01-08 19:52,2024-01-08 21:37,2024-01-08 21:37,2,HOME,WALK IN,68,M
807,2024-01-08 20:05,2024-01-08 20:12,2024-01-08 20:12,2024-01-08 22:03,2024-01-08 22:03,2,ADMITTED,WALK IN,47,F
808,2024-01-08 20:08,2024-01-08 20:10,2024-01-08 20:10,2024-01-08 20:51,2024-01-08 20:51,4,HOME,WALK IN,24,M
809,2024-01-08 20:12,2024-01-08 20:15,2024-01-08 20:20,2024-01-08 23:47,2024-01-08 23:47,2,ADMITTED,WALK IN,50,M
810,2024-01-08 20:15,2024-01-08 20:21,2024-01-08 20:22,2024-01-09 02:19,2024-01-09 02:19,2,ADMITTED,AMBULANCE,95,F
811,2024-01-08 20:31,2024-01-08 20:41,2024-01-08 20:51,2024-01-08 22:00,2024-01-08 22:00,3,HOME,WALK IN,57,F
812,2024-01-08 21:05,2024-01-08 21:11,2024-01-08 21:11,2024-01-09 03:03,2024-01-09 03:03,4,HOME,WALK IN,30,F
813,2024-01-08 21:21,2024-01-08 21:27,2024-01-08 21:27,2024-01-09 00:21,2024-01-09 00:21,3,HOME,WALK IN,34,M
814,2024-01-08 21:30,2024-01-08 21:43,2024-01-08 21:43,2024-01-08 23:00,2024-01-08 23:00,3,HOME,AMBULANCE,47,F
815,2024-01-08 21:52,2024-01-08 21:55,2024-01-08 22:03,2024-01-09 00:31,2024-01-09 00:31,2,ADMITTED,AMBULANCE,66,M
816,2024-01-08 22:29,2024-01-08 22:36,2024-01-08 22:36,2024-01-09 00:15,2024-01-09 00:15,3,ADMITTED,WALK IN,38,F
817,2024-01-08 23:24,2024-01-08 23:30,2024-01-08 23:30,2024-01-09 03:58,2024-01-09 03:58,3,HOME,WALK IN,37,M
818,2024-01-09 01:58,2024-01-09 02:00,2024-01-09 02:00,2024-01-09 04:34,2024-01-09 04:34,2,ADMITTED,WALK IN,76,M
819,2024-01-09 02:59,2024-01-09 03:03,2024-01-09 03:03,2024-01-09 05:26,2024-01-09 05:26,2,HOME,WALK IN,54,M
820,2024-01-09 03:09,2024-01-09 03:14,2024-01-09 03:55,2024-01-09 06:09,2024-01-09 06:09,2,HOME,WALK IN,34,F
821,2024-01-09 03:37,2024-01-09 03:39,2024-01-09 04:54,2024-01-09 05:20,2024-01-09 05:20,4,HOME,WALK IN,66,F
822,2024-01-09 03:42,2024-01-09 03:44,2024-01-09 03:58,2024-01-09 05:43,2024-01-09 05:43,3,HOME,WALK IN,47,F
823,2024-01-09 04:12,2024-01-09 04:17,2024-01-09 04:34,2024-01-09 09:29,2024-01-09 09:29,2,HOME,WALK IN,74,M
824,2024-01-09 04:39,2024-01-09 05:04,2024-01-09 05:04,2024-01-09 07:51,2024-01-09 07:51,2,ADMITTED,WALK IN,66,M
825,2024-01-09 04:46,2024-01-09 05:09,2024-01-09 05:09,2024-01-09 07:35,2024-01-09 07:35,3,ADMITTED,WALK IN,66,F
826,2024-01-09 06:31,2024-01-09 06:34,2024-01-09 06:34,2024-01-09 08:11,2024-01-09 08:11,1,HOME,WALK IN,25,M
827,2024-01-09 07:00,2024-01-09 07:06,2024-01-09 07:06,2024-01-09 12:58,2024-01-09 12:58,4,HOME,WALK IN,70,F
828,2024-01-09 07:26,2024-01-09 07:31,2024-01-09 07:35,2024-01-09 08:43,2024-01-09 08:43,4,HOME,WALK IN,32,F
829,2024-01-09 07:37,2024-01-09 07:42,2024-01-09 07:51,2024-01-09 13:59,2024-01-09 13:59,2,ADMITTED,AMBULANCE,42,F
830,2024-01-09 08:05,2024-01-09 08:12,2024-01-09 08:12,2024-01-09 11:07,2024-01-09 11:07,2,ADMITTED,WALK IN,64,F
831,2024-01-09 08:14,2024-01-09 08:18,2024-01-09 08:18,2024-01-09 11:19,2024-01-09 11:19,3,HOME,WALK IN,63,F
832,2024-01-09 08:21,2024-01-09 08:29,2024-01-09 08:29,2024-01-09 11:10,2024-01-09 11:10,3,ADMITTED,AMBULANCE,50,F
833,2024-01-09 08:33,2024-01-09 08:38,2024-01-09 08:43,2024-01-09 11:12,2024-01-09 11:12,3,HOME,WALK IN,80,F
834,2024-01-09 08:44,2024-01-09 08:49,2024-01-09 09:07,2024-01-09 09:37,2024-01-09 09:37,4,HOME,WALK IN,48,M
835,2024-01-09 08:44,2024-01-09 08:54,2024-01-09 09:09,2024-01-09 16:32,2024-01-09 16:32,4,ADMITTED,WALK IN,68,M
836,2024-01-09 08:56,2024-01-09 09:01,2024-01-09 09:44,2024-01-09 10:43,2024-01-09 10:43,4,HOME,WALK IN,62,M
837,2024-01-09 09:03,2024-01-09 09:10,2024-01-09 09:29,2024-01-09 11:16,2024-01-09 11:16,3,HOME,WALK IN,42,F
838,2024-01-09 09:04,2024-01-09 09:17,2024-01-09 09:33,2024-01-09 10:32,2024-01-09 10:32,3,HOME,AMBULANCE,48,M
839,2024-01-09 09:06,2024-01-09 09:20,2024-01-09 09:44,2024-01-09 11:06,2024-01-09 11:06,4,HOME,WALK IN,48,F
840,2024-01-09 09:15,2024-01-09 09:24,2024-01-09 09:24,2024-01-09 12:24,2024-01-09 12:24,1,ADMITTED,WALK IN,25,M
841,2024-01-09 09:17,2024-01-09 09:31,2024-01-09 09:37,2024-01-09 11:56,2024-01-09 11:56,3,HOME,WALK IN,23,F
842,2024-01-09 09:26,2024-01-09 09:37,2024-01-09 09:39,2024-01-09 11:59,2024-01-09 11:59,3,HOME,AMBULANCE,36,M
843,2024-01-09 09:27,2024-01-09 09:43,2024-01-09 09:54,2024-01-09 11:03,2024-01-09 11:03,5,HOME,WALK IN,60,M
844,2024-01-09 09:53,2024-01-09 09:57,2024-01-09 09:57,2024-01-09 12:05,2024-01-09 12:05,1,ADMITTED,AMBULANCE,69,F
845,2024-01-09 09:58,2024-01-09 10:03,2024-01-09 10:05,2024-01-09 12:32,2024-01-09 12:32,3,HOME,WALK IN,52,F
846,2024-01-09 10:03,2024-01-09 10:08,2024-01-09 13:08,2024-01-09 18:02,2024-01-09 18:02,4,HOME,WALK IN,42,M
847,2024-01-09 10:05,2024-01-09 10:07,2024-01-09 12:01,2024-01-09 13:54,2024-01-09 13:54,3,ADMITTED,WALK IN,52,M
848,2024-01-09 10:16,2024-01-09 10:21,2024-01-09 10:32,2024-01-09 12:27,2024-01-09 12:27,1,ADMITTED,AMBULANCE,43,M
849,2024-01-09 10:17,2024-01-09 10:25,2024-01-09 11:19,2024-01-09 14:49,2024-01-09 14:49,2,ADMITTED,WALK IN,74,M
850,2024-01-09 10:20,2024-01-09 10:24,2024-01-09 11:16,2024-01-09 15:15,2024-01-09 15:15,2,HOME,WALK IN,44,M
851,2024-01-09 10:30,2024-01-09 10:35,2024-01-09 10:44,2024-01-09 14:34,2024-01-09 14:34,1,ADMITTED,AMBULANCE,79,F
852,2024-01-09 10:31,2024-01-09 10:35,2024-01-09 11:31,2024-01-09 12:59,2024-01-09 12:59,3,HOME,AMBULANCE,48,M
853,2024-01-09 10:44,2024-01-09 10:51,2024-01-09 12:05,2024-01-09 13:35,2024-01-09 13:35,3,HOME,WALK IN,40,M
854,2024-01-09 10:58,2024-01-09 11:04,2024-01-09 12:07,2024-01-09 14:30,2024-01-09 14:30,3,HOME,WALK IN,53,F
855,2024-01-09 11:08,2024-01-09 11:14,2024-01-09 13:55,2024-01-09 16:18,2024-01-09 16:18,4,HOME,WALK IN,47,F
856,2024-01-09 11:17,2024-01-09 11:20,,,2024-01-09 12:53,5,LEFT WITHOUT BEING SEEN,WALK IN,17,M
857,2024-01-09 11:28,2024-01-09 11:30,2024-01-09 12:27,2024-01-09 15:06,2024-01-09 15:06,3,ADMITTED,AMBULANCE,72,M
858,2024-01-09 12:03,2024-01-09 12:07,2024-01-09 12:32,2024-01-09 16:38,2024-01-09 16:38,3,ADMITTED,WALK IN,42,F
859,2024-01-09 12:05,2024-01-09 12:16,2024-01-09 12:58,2024-01-09 14:51,2024-01-09 14:51,3,HOME,WALK IN,28,M
860,2024-01-09 12:07,2024-01-09 12:17,2024-01-09 12:59,2024-01-09 13:55,2024-01-09 13:55,3,HOME,WALK IN,35,M
861,2024-01-09 12:18,2024-01-09 12:20,2024-01-09 13:03,2024-01-09 16:40,2024-01-09 16:40,3,HOME,WALK IN,37,F
862,2024-01-09 12:25,2024-01-09 12:27,2024-01-09 13:59,2024-01-09 15:20,2024-01-09 15:20,5,HOME,WALK IN,51,F
863,2024-01-09 12:42,2024-01-09 12:52,2024-01-09 12:57,2024-01-09 14:33,2024-01-09 14:33,2,ADMITTED,AMBULANCE,62,M
864,2024-01-09 13:20,2024-01-09 13:23,2024-01-09 13:35,2024-01-09 17:49,2024-01-09 17:49,3,ADMITTED,WALK IN,43,F
865,2024-01-09 13:55,2024-01-09 13:59,2024-01-09 13:59,2024-01-09 17:09,2024-01-09 17:09,1,HOME,WALK IN,58,M
866,2024-01-09 13:55,2024-01-09 14:04,2024-01-09 14:04,2024-01-09 16:38,2024-01-09 16:38,1,ADMITTED,AMBULANCE,79,M
867,2024-01-09 14:14,2024-01-09 14:22,2024-01-09 14:33,2024-01-09 16:44,2024-01-09 16:44,2,HOME,WALK IN,58,M
868,2024-01-09 14:14,2024-01-09 14:20,2024-01-09 14:49,2024-01-09 18:25,2024-01-09 18:25,3,HOME,WALK IN,73,F
869,2024-01-09 14:27,2024-01-09 14:30,2024-01-09 14:34,2024-01-09 16:33,2024-01-09 16:33,2,HOME,AMBULANCE,49,M
870,2024-01-09 14:29,2024-01-09 14:44,2024-01-09 14:51,2024-01-09 16:36,2024-01-09 16:36,3,HOME,WALK IN,41,F
871,2024-01-09 15:06,2024-01-09 15:11,2024-01-09 15:23,2024-01-09 17:58,2024-01-09 17:58,4,HOME,WALK IN,72,F
872,2024-01-09 15:09,2024-01-09 15:15,2024-01-09 15:20,2024-01-09 17:19,2024-01-09 17:19,3,HOME,WALK IN,70,M
873,2024-01-09 15:15,2024-01-09 15:23,2024-01-09 15:32,2024-01-09 18:54,2024-01-09 18:54,3,HOME,WALK IN,29,F
874,2024-01-09 15:16,2024-01-09 15:27,,,2024-01-09 16:47,4,LEFT WITHOUT BEING SEEN,WALK IN,59,F
875,2024-01-09 15:17,2024-01-09 15:26,,,2024-01-09 17:21,5,LEFT WITHOUT BEING SEEN,WALK IN,72,F
876,2024-01-09 15:39,2024-01-09 15:43,,,2024-01-09 18:38,5,LEFT WITHOUT BEING SEEN,WALK IN,49,M
877,2024-01-09 15:46,2024-01-09 15:56,,,2024-01-09 18:38,5,LEFT WITHOUT BEING SEEN,WALK IN,21,F
878,2024-01-09 15:58,2024-01-09 16:01,2024-01-09 17:34,2024-01-09 19:23,2024-01-09 19:23,4,ADMITTED,WALK IN,38,F
879,2024-01-09 15:59,2024-01-09 16:04,2024-01-09 17:35,2024-01-09 18:29,2024-01-09 18:29,4,HOME,WALK IN,57,F
880,2024-01-09 16:00,2024-01-09 16:04,2024-01-09 16:38,2024-01-09 18:35,2024-01-09 18:35,2,HOME,AMBULANCE,61,F
881,2024-01-09 16:13,2024-01-09 16:18,2024-01-09 16:40,2024-01-09 18:49,2024-01-09 18:49,3,HOME,WALK IN,56,M
882,2024-01-09 16:37,2024-01-09 16:42,2024-01-09 16:44,2024-01-09 18:31,2024-01-09 18:31,3,HOME,AMBULANCE,31,F
883,2024-01-09 16:56,2024-01-09 17:05,2024-01-09 17:19,2024-01-09 19:51,2024-01-09 19:51,3,ADMITTED,WALK IN,53,M
884,2024-01-09 16:57,2024-01-09 17:05,2024-01-09 17:05,2024-01-09 20:10,2024-01-09 20:10,1,ADMITTED,AMBULANCE,76,M
885,2024-01-09 17:05,2024-01-09 17:12,2024-01-09 18:02,2024-01-09 23:12,2024-01-09 23:12,4,ADMITTED,AMBULANCE,85,F
886,2024-01-09 17:12,2024-01-09 17:18,2024-01-09 17:20,2024-01-09 20:36,2024-01-09 20:36,3,ADMITTED,AMBULANCE,73,F
887,2024-01-09 17:23,2024-01-09 17:27,2024-01-09 19:13,2024-01-09 20:02,2024-01-09 20:02,4,HOME,WALK IN,48,M
888,2024-01-09 17:24,2024-01-09 17:28,2024-01-09 20:19,2024-01-09 21:26,2024-01-09 21:26,4,HOME,WALK IN,51,F
889,2024-01-09 17:31,2024-01-09 17:37,2024-01-09 17:59,2024-01-09 20:18,2024-01-09 20:18,2,HOME,WALK IN,31,F
890,2024-01-09 17:35,2024-01-09 17:40,2024-01-09 17:49,2024-01-09 19:56,2024-01-09 19:56,1,HOME,AMBULANCE,56,F
891,2024-01-09 17:47,2024-01-09 17:50,,,2024-01-09 19:54,4,LEFT WITHOUT BEING SEEN,WALK IN,33,M
892,2024-01-09 17:51,2024-01-09 17:54,,,2024-01-09 20:12,4,LEFT WITHOUT BEING SEEN,WALK IN,48,M
893,2024-01-09 18:00,2024-01-09 18:10,2024-01-09 18:25,2024-01-09 20:41,2024-01-09 20:41,1,ADMITTED,AMBULANCE,54,M
894,2024-01-09 18:00,2024-01-09 18:05,2024-01-09 18:35,2024-01-09 20:19,2024-01-09 20:19,2,HOME,AMBULANCE,46,M
895,2024-01-09 18:25,2024-01-09 18:28,2024-01-09 18:45,2024-01-09 20:54,2024-01-09 20:54,2,ADMITTED,WALK IN,57,M
896,2024-01-09 18:39,2024-01-09 18:42,,,2024-01-09 20:01,4,LEFT WITHOUT BEING SEEN,WALK IN,73,F
897,2024-01-09 18:52,2024-01-09 18:54,2024-01-09 18:54,2024-01-09 21:41,2024-01-09 21:41,3,HOME,WALK IN,49,F
898,2024-01-09 19:08,2024-01-09 19:13,,,2024-01-09 20:17,5,LEFT WITHOUT BEING SEEN,WALK IN,35,F
899,2024-01-09 19:08,2024-01-09 19:16,2024-01-09 19:20,2024-01-09 23:19,2024-01-09 23:19,3,HOME,AMBULANCE,39,M
900,2024-01-09 19:20,2024-01-09 19:22,2024-01-09 19:23,2024-01-09 20:49,2024-01-09 20:49,2,HOME,AMBULANCE,32,F
901,2024-01-09 19:22,2024-01-09 19:28,2024-01-09 20:19,2024-01-09 21:12,2024-01-09 21:12,5,HOME,WALK IN,29,M
902,2024-01-09 19:38,2024-01-09 19:41,2024-01-09 20:00,2024-01-09 21:32,2024-01-09 21:32,2,ADMITTED,AMBULANCE,34,F
903,2024-01-09 19:39,2024-01-09 19:45,2024-01-09 20:18,2024-01-09 21:29,2024-01-09 21:29,3,HOME,WALK IN,45,M
904,2024-01-09 20:09,2024-01-09 20:14,,,2024-01-09 22:05,5,LEFT WITHOUT BEING SEEN,WALK IN,60,M
905,2024-01-09 20:24,2024-01-09 20:31,2024-01-09 20:54,2024-01-09 22:39,2024-01-09 22:39,4,ADMITTED,WALK IN,47,M
906,2024-01-09 20:33,2024-01-09 20:38,2024-01-09 20:41,2024-01-09 22:52,2024-01-09 22:52,2,ADMITTED,WALK IN,54,F
907,2024-01-09 20:34,2024-01-09 20:40,2024-01-09 22:04,2024-01-09 23:44,2024-01-09 23:44,4,ADMITTED,WALK IN,50,M
908,2024-01-09 20:56,2024-01-09 21:01,2024-01-09 21:41,2024-01-09 23:10,2024-01-09 23:10,3,HOME,AMBULANCE,35,F
909,2024-01-09 21:00,2024-01-09 21:05,2024-01-09 22:41,2024-01-10 07:22,2024-01-10 07:22,4,HOME,WALK IN,42,F
910,2024-01-09 21:08,2024-01-09 21:13,2024-01-09 21:31,2024-01-09 23:40,2024-01-09 23:40,2,HOME,WALK IN,73,M
911,2024-01-09 21:10,2024-01-09 21:15,,,2024-01-09 22:36,4,LEFT WITHOUT BEING SEEN,WALK IN,22,M
912,2024-01-09 21:12,2024-01-09 21:19,2024-01-09 21:42,2024-01-09 23:13,2024-01-09 23:13,3,HOME,WALK IN,25,M
913,2024-01-09 21:12,2024-01-09 21:18,2024-01-09 21:32,2024-01-10 00:44,2024-01-10 00:44,2,HOME,WALK IN,22,F
914,2024-01-09 21:30,2024-01-09 21:33,2024-01-09 21:46,2024-01-10 01:01,2024-01-10 01:01,3,ADMITTED,WALK IN,62,M
915,2024-01-09 21:43,2024-01-09 21:49,2024-01-09 22:46,2024-01-10 00:18,2024-01-10 00:18,4,HOME,WALK IN,28,F
916,2024-01-09 21:43,2024-01-09 21:49,,,2024-01-09 22:54,5,LEFT WITHOUT BEING SEEN,WALK IN,29,F
917,2024-01-09 21:44,2024-01-09 21:51,2024-01-09 22:52,2024-01-10 00:21,2024-01-10 00:21,4,ADMITTED,AMBULANCE,56,F
918,2024-01-09 21:47,2024-01-09 22:07,2024-01-09 22:20,2024-01-09 23:17,2024-01-09 23:17,3,HOME,WALK IN,27,M
919,2024-01-09 21:57,2024-01-09 22:00,2024-01-09 22:01,2024-01-09 23:38,2024-01-09 23:38,3,HOME,WALK IN,32,M
920,2024-01-09 22:26,2024-01-09 22:33,2024-01-09 22:39,2024-01-10 02:49,2024-01-10 02:49,2,HOME,WALK IN,46,F
921,2024-01-09 22:45,2024-01-09 22:59,2024-01-09 23:17,2024-01-10 00:35,2024-01-10 00:35,3,ADMITTED,WALK IN,70,F
922,2024-01-09 22:50,2024-01-09 23:02,2024-01-09 23:26,2024-01-09 23:31,2024-01-09 23:31,4,HOME,WALK IN,19,F
923,2024-01-09 23:02,2024-01-09 23:06,2024-01-09 23:19,2024-01-10 00:18,2024-01-10 00:18,3,HOME,WALK IN,36,M
924,2024-01-09 23:29,2024-01-09 23:35,2024-01-09 23:35,2024-01-10 00:15,2024-01-10 00:15,4,HOME,WALK IN,31,F
925,2024-01-09 23:40,2024-01-09 23:47,2024-01-09 23:47,2024-01-10 02:44,2024-01-10 02:44,3,HOME,WALK IN,69,M
926,2024-01-09 23:42,2024-01-09 23:50,2024-01-09 23:50,2024-01-10 00:49,2024-01-10 00:49,4,HOME,WALK IN,29,M
927,2024-01-10 00:15,2024-01-10 00:20,2024-01-10 00:20,2024-01-10 02:13,2024-01-10 02:13,2,HOME,WALK IN,38,F
928,2024-01-10 00:23,2024-01-10 00:28,2024-01-10 00:28,2024-01-10 01:48,2024-01-10 01:48,3,ADMITTED,WALK IN,68,M
929,2024-01-10 00:31,2024-01-10 00:35,2024-01-10 00:35,2024-01-10 00:55,2024-01-10 00:55,5,HOME,WALK IN,27,F
930,2024-01-10 00:56,2024-01-10 00:59,2024-01-10 00:59,2024-01-10 03:19,2024-01-10 03:19,2,HOME,WALK IN,36,M
931,2024-01-10 01:04,2024-01-10 01:06,2024-01-10 01:06,2024-01-10 03:38,2024-01-10 03:38,2,ADMITTED,WALK IN,60,M
932,2024-01-10 01:15,2024-01-10 01:19,2024-01-10 01:57,2024-01-10 05:08,2024-01-10 05:08,3,HOME,WALK IN,44,M
933,2024-01-10 01:19,2024-01-10 01:30,2024-01-10 01:30,2024-01-10 04:44,2024-01-10 04:44,1,HOME,WALK IN,54,F
934,2024-01-10 02:06,2024-01-10 02:13,2024-01-10 02:13,2024-01-10 03:22,2024-01-10 03:22,4,HOME,WALK IN,45,F
935,2024-01-10 02:18,2024-01-10 02:26,2024-01-10 03:38,2024-01-10 06:03,2024-01-10 06:03,3,HOME,WALK IN,34,M
936,2024-01-10 02:21,2024-01-10 02:33,2024-01-10 02:49,2024-01-10 07:00,2024-01-10 07:00,2,ADMITTED,AMBULANCE,81,F
937,2024-01-10 02:42,2024-01-10 02:46,2024-01-10 03:40,2024-01-10 05:52,2024-01-10 05:52,4,HOME,WALK IN,24,M
938,2024-01-10 02:49,2024-01-10 02:55,,,2024-01-10 05:28,4,LEFT WITHOUT BEING SEEN,WALK IN,23,F
939,2024-01-10 02:53,2024-01-10 02:59,2024-01-10 03:22,2024-01-10 06:10,2024-01-10 06:10,2,ADMITTED,WALK IN,32,M
940,2024-01-10 03:40,2024-01-10 03:46,2024-01-10 04:44,2024-01-10 05:49,2024-01-10 05:49,2,HOME,WALK IN,63,M
941,2024-01-10 04:10,2024-01-10 04:14,2024-01-10 05:08,2024-01-10 07:14,2024-01-10 07:14,3,HOME,WALK IN,21,F
942,2024-01-10 04:33,2024-01-10 04:38,2024-01-10 05:52,2024-01-10 12:41,2024-01-10 12:41,3,HOME,WALK IN,68,F
943,2024-01-10 04:43,2024-01-10 04:46,2024-01-10 06:10,2024-01-10 07:44,2024-01-10 07:44,3,ADMITTED,AMBULANCE,48,F
944,2024-01-10 05:29,2024-01-10 05:35,2024-01-10 05:44,2024-01-10 08:01,2024-01-10 08:35,2,ADMITTED,WALK IN,30,F
945,2024-01-10 05:40,2024-01-10 05:50,2024-01-10 06:26,2024-01-10 07:11,2024-01-10 07:11,4,HOME,WALK IN,39,F
946,2024-01-10 07:42,2024-01-10 07:48,2024-01-10 07:48,2024-01-10 09:41,2024-01-10 09:41,3,ADMITTED,WALK IN,67,M
947,2024-01-10 08:11,2024-01-10 08:15,2024-01-10 08:15,2024-01-10 10:06,2024-01-10 10:06,4,HOME,WALK IN,40,F
948,2024-01-10 08:21,2024-01-10 08:28,2024-01-10 08:28,2024-01-10 11:29,2024-01-10 11:29,3,ADMITTED,AMBULANCE,51,M
949,2024-01-10 08:36,2024-01-10 08:41,2024-01-10 08:41,2024-01-10 11:34,2024-01-10 11:34,3,HOME,WALK IN,37,F
950,2024-01-10 08:52,2024-01-10 08:54,2024-01-10 08:54,2024-01-10 09:52,2024-01-10 09:52,4,HOME,WALK IN,36,M
951,2024-01-10 09:01,2024-01-10 09:15,2024-01-10 09:15,2024-01-10 10:42,2024-01-10 11:15,3,ADMITTED,AMBULANCE,32,M
952,2024-01-10 09:08,2024-01-10 09:19,2024-01-10 09:19,2024-01-10 11:21,2024-01-10 11:21,1,ADMITTED,AMBULANCE,35,F
953,2024-01-10 09:42,2024-01-10 09:49,2024-01-10 09:49,2024-01-10 11:41,2024-01-10 11:41,3,HOME,WALK IN,45,M
954,2024-01-10 09:52,2024-01-10 09:58,2024-01-10 09:58,2024-01-10 12:38,2024-01-10 12:38,3,HOME,WALK IN,68,M
955,2024-01-10 09:53,2024-01-10 10:02,2024-01-10 10:06,2024-01-10 13:11,2024-01-10 13:11,3,ADMITTED,AMBULANCE,81,F
956,2024-01-10 10:05,2024-01-10 10:08,2024-01-10 10:20,2024-01-10 12:19,2024-01-10 12:19,3,ADMITTED,WALK IN,61,M
957,2024-01-10 10:36,2024-01-10 10:52,2024-01-10 11:44,2024-01-10 13:24,2024-01-10 13:24,3,HOME,AMBULANCE,33,F
958,2024-01-10 10:40,2024-01-10 10:43,2024-01-10 10:43,2024-01-10 11:56,2024-01-10 11:56,4,HOME,WALK IN,65,F
959,2024-01-10 10:45,2024-01-10 10:53,2024-01-10 11:22,2024-01-10 13:52,2024-01-10 13:52,2,HOME,WALK IN,39,M
960,2024-01-10 11:14,2024-01-10 11:18,2024-01-10 11:41,2024-01-10 13:47,2024-01-10 13:47,2,ADMITTED,AMBULANCE,66,M
961,2024-01-10 11:15,2024-01-10 11:22,2024-01-10 11:45,2024-01-10 14:11,2024-01-10 14:11,3,HOME,WALK IN,78,F
962,2024-01-10 11:16,2024-01-10 11:22,2024-01-10 11:56,2024-01-10 12:30,2024-01-10 12:30,4,HOME,WALK IN,31,M
963,2024-01-10 11:23,2024-01-10 11:26,2024-01-10 12:00,2024-01-10 12:41,2024-01-10 12:41,4,HOME,WALK IN,59,F
964,2024-01-10 11:41,2024-01-10 11:46,2024-01-10 11:53,2024-01-10 15:56,2024-01-10 15:56,3,HOME,WALK IN,46,M
965,2024-01-10 11:42,2024-01-10 11:47,2024-01-10 12:04,2024-01-10 12:23,2024-01-10 12:23,4,HOME,WALK IN,55,M
966,2024-01-10 11:43,2024-01-10 11:58,2024-01-10 12:05,2024-01-10 12:38,2024-01-10 12:38,5,HOME,WALK IN,59,F
967,2024-01-10 12:13,2024-01-10 12:22,2024-01-10 12:24,2024-01-10 14:49,2024-01-10 14:49,3,HOME,WALK IN,73,M
968,2024-01-10 12:30,2024-01-10 12:48,2024-01-10 12:48,2024-01-10 13:43,2024-01-10 13:43,3,ADMITTED,WALK IN,46,F
969,2024-01-10 12:32,2024-01-10 12:46,2024-01-10 12:46,2024-01-10 15:52,2024-01-10 15:52,3,HOME,AMBULANCE,78,M
970,2024-01-10 12:42,2024-01-10 12:52,2024-01-10 12:52,2024-01-10 15:11,2024-01-10 15:11,3,HOME,WALK IN,78,M
971,2024-01-10 13:03,2024-01-10 13:05,2024-01-10 13:05,2024-01-10 14:35,2024-01-10 14:35,3,ADMITTED,AMBULANCE,69,M
972,2024-01-10 13:34,2024-01-10 13:36,2024-01-10 13:36,2024-01-10 14:53,2024-01-10 14:53,2,HOME,AMBULANCE,81,F
973,2024-01-10 13:59,2024-01-10 14:04,2024-01-10 14:04,2024-01-10 18:34,2024-01-10 18:34,3,HOME,AMBULANCE,59,M
974,2024-01-10 14:23,2024-01-10 14:32,2024-01-10 14:32,2024-01-10 16:34,2024-01-10 16:34,3,ADMITTED,WALK IN,47,F
975,2024-01-10 14:35,2024-01-10 14:38,2024-01-10 14:38,2024-01-10 15:59,2024-01-10 15:59,4,ADMITTED,WALK IN,26,F
976,2024-01-10 14:57,2024-01-10 15:01,2024-01-10 15:01,2024-01-10 16:02,2024-01-10 16:02,4,HOME,WALK IN,20,F
977,2024-01-10 15:01,2024-01-10 15:05,2024-01-10 15:05,2024-01-10 15:13,2024-01-10 15:13,4,HOME,WALK IN,53,M
978,2024-01-10 15:03,2024-01-10 15:05,2024-01-10 15:06,2024-01-10 16:01,2024-01-10 16:01,5,HOME,WALK IN,40,F
979,2024-01-10 15:06,2024-01-10 15:10,2024-01-10 15:13,2024-01-10 17:31,2024-01-10 17:31,3,HOME,WALK IN,69,F
980,2024-01-10 15:08,2024-01-10 15:14,2024-01-10 16:14,2024-01-10 17:43,2024-01-10 17:43,4,HOME,WALK IN,31,F
981,2024-01-10 15:13,2024-01-10 15:16,2024-01-10 15:21,2024-01-10 18:29,2024-01-10 18:29,3,HOME,WALK IN,57,M
982,2024-01-10 15:29,2024-01-10 15:38,2024-01-10 16:02,2024-01-10 17:22,2024-01-10 17:22,3,HOME,WALK IN,43,M
983,2024-01-10 15:38,2024-01-10 15:43,2024-01-10 16:01,2024-01-10 20:19,2024-01-10 20:19,2,ADMITTED,AMBULANCE,47,M
984,2024-01-10 15:42,2024-01-10 15:45,2024-01-10 16:02,2024-01-10 17:36,2024-01-10 17:36,2,HOME,WALK IN,60,M
985,2024-01-10 16:02,2024-01-10 16:05,2024-01-10 16:13,2024-01-10 19:12,2024-01-10 19:12,3,HOME,WALK IN,58,M
986,2024-01-10 16:11,2024-01-10 16:15,2024-01-10 16:19,2024-01-10 18:29,2024-01-10 18:29,3,HOME,AMBULANCE,50,F
987,2024-01-10 16:24,2024-01-10 16:27,2024-01-10 16:34,2024-01-10 17:00,2024-01-10 17:00,5,HOME,WALK IN,22,M
988,2024-01-10 16:47,2024-01-10 16:51,2024-01-10 16:51,2024-01-10 18:52,2024-01-10 18:52,1,HOME,WALK IN,63,M
989,2024-01-10 17:02,2024-01-10 17:06,2024-01-10 17:06,2024-01-10 20:32,2024-01-10 20:32,2,ADMITTED,WALK IN,49,F
990,2024-01-10 17:08,2024-01-10 17:20,2024-01-10 17:20,2024-01-10 21:13,2024-01-10 21:13,2,HOME,WALK IN,40,M
991,2024-01-10 17:21,2024-01-10 17:28,2024-01-10 17:43,2024-01-10 20:27,2024-01-10 20:27,3,ADMITTED,WALK IN,75,F
992,2024-01-10 17:22,2024-01-10 17:29,2024-01-10 17:36,2024-01-10 20:05,2024-01-10 20:05,2,HOME,AMBULANCE,78,F
993,2024-01-10 17:41,2024-01-10 17:46,2024-01-10 17:46,2024-01-10 23:22,2024-01-10 23:22,3,ADMITTED,AMBULANCE,76,M
994,2024-01-10 17:55,2024-01-10 18:05,2024-01-10 18:29,2024-01-10 22:34,2024-01-10 22:34,2,HOME,AMBULANCE,79,M
995,2024-01-10 18:10,2024-01-10 18:19,2024-01-10 18:34,2024-01-10 23:02,2024-01-10 23:02,2,HOME,AMBULANCE,80,M
996,2024-01-10 18:12,2024-01-10 18:16,2024-01-10 18:29,2024-01-10 20:32,2024-01-10 20:32,2,ADMITTED,WALK IN,31,M
997,2024-01-10 18:22,2024-01-10 18:25,2024-01-10 18:36,2024-01-10 19:16,2024-01-10 19:16,3,HOME,AMBULANCE,37,M
998,2024-01-10 18:35,2024-01-10 18:41,2024-01-10 18:41,2024-01-10 18:59,2024-01-10 18:59,4,HOME,AMBULANCE,25,M
999,2024-01-10 18:37,2024-01-10 18:43,2024-01-10 18:43,2024-01-10 21:25,2024-01-10 21:25,3,ADMITTED,WALK IN,62,M
1000,2024-01-10 18:42,2024-01-10 18:48,2024-01-10 18:52,2024-01-10 21:29,2024-01-10 21:29,2,HOME,WALK IN,36,M
1001,2024-01-10 18:43,2024-01-10 18:52,2024-01-10 19:05,2024-01-10 21:21,2024-01-10 21:21,2,HOME,AMBULANCE,55,M
1002,2024-01-10 18:49,2024-01-10 18:53,2024-01-10 19:16,2024-01-10 20:36,2024-01-10 20:36,2,ADMITTED,AMBULANCE,85,M
1003,2024-01-10 19:09,2024-01-10 19:14,2024-01-10 19:21,2024-01-10 22:46,2024-01-10 22:46,4,ADMITTED,WALK IN,26,F
1004,2024-01-10 19:14,2024-01-10 19:23,2024-01-10 19:55,2024-01-11 03:03,2024-01-11 03:03,3,HOME,AMBULANCE,41,M
1005,2024-01-10 19:22,2024-01-10 19:27,2024-01-10 19:42,2024-01-10 21:50,2024-01-10 21:50,2,HOME,AMBULANCE,34,F
1006,2024-01-10 19:23,2024-01-10 19:27,2024-01-10 20:00,2024-01-10 20:41,2024-01-10 20:41,4,HOME,WALK IN,27,F
1007,2024-01-10 19:39,2024-01-10 19:44,2024-01-10 20:00,2024-01-10 21:23,2024-01-10 21:23,3,ADMITTED,WALK IN,36,F
1008,2024-01-10 20:00,2024-01-10 20:11,2024-01-10 20:32,2024-01-10 22:26,2024-01-10 22:26,2,HOME,WALK IN,43,M
1009,2024-01-10 20:40,2024-01-10 20:44,2024-01-10 20:44,2024-01-11 02:53,2024-01-11 02:53,1,HOME,AMBULANCE,88,M
1010,2024-01-10 20:45,2024-01-10 20:49,2024-01-10 20:49,2024-01-11 00:38,2024-01-11 00:38,3,HOME,WALK IN,36,F
1011,2024-01-10 20:54,2024-01-10 21:03,2024-01-10 21:36,2024-01-10 23:32,2024-01-10 23:32,4,HOME,WALK IN,58,F
1012,2024-01-10 20:54,2024-01-10 20:58,2024-01-10 21:29,2024-01-10 23:44,2024-01-10 23:44,2,HOME,WALK IN,46,F
1013,2024-01-10 21:08,2024-01-10 21:11,2024-01-10 21:34,2024-01-11 03:51,2024-01-11 03:51,3,ADMITTED,WALK IN,63,F
1014,2024-01-10 21:16,2024-01-10 21:25,2024-01-10 21:35,2024-01-11 01:26,2024-01-11 01:26,3,ADMITTED,WALK IN,50,M
1015,2024-01-10 21:46,2024-01-10 21:51,2024-01-10 21:51,2024-01-10 23:01,2024-01-10 23:01,3,HOME,WALK IN,74,M
1016,2024-01-10 22:17,2024-01-10 22:23,2024-01-10 22:23,2024-01-10 22:54,2024-01-10 22:54,4,HOME,WALK IN,52,F
1017,2024-01-10 22:46,2024-01-10 22:50,2024-01-10 22:50,2024-01-10 23:47,2024-01-10 23:47,3,ADMITTED,WALK IN,58,M
1018,2024-01-10 23:01,2024-01-10 23:07,2024-01-10 23:07,2024-01-11 04:26,2024-01-11 04:26,2,ADMITTED,WALK IN,58,F
1019,2024-01-10 23:12,2024-01-10 23:16,2024-01-10 23:16,2024-01-11 02:59,2024-01-11 02:59,3,HOME,WALK IN,24,F
1020,2024-01-10 23:43,2024-01-10 23:47,2024-01-10 23:47,2024-01-11 02:26,2024-01-11 02:26,2,ADMITTED,AMBULANCE,42,M
1021,2024-01-11 00:14,2024-01-11 00:16,2024-01-11 00:16,2024-01-11 02:25,2024-01-11 02:25,5,HOME,WALK IN,68,M
1022,2024-01-11 00:27,2024-01-11 00:31,2024-01-11 00:31,2024-01-11 02:24,2024-01-11 02:24,2,HOME,WALK IN,79,M
1023,2024-01-11 00:28,2024-01-11 00:35,2024-01-11 00:38,2024-01-11 01:28,2024-01-11 01:28,4,ADMITTED,AMBULANCE,52,M
1024,2024-01-11 01:30,2024-01-11 01:37,2024-01-11 01:37,2024-01-11 03:53,2024-01-11 03:53,2,HOME,AMBULANCE,21,M
1025,2024-01-11 01:41,2024-01-11 01:45,2024-01-11 01:45,2024-01-11 03:52,2024-01-11 03:52,1,ADMITTED,WALK IN,37,M
1026,2024-01-11 01:50,2024-01-11 01:59,2024-01-11 02:25,2024-01-11 03:20,2024-01-11 03:20,2,HOME,AMBULANCE,67,M
1027,2024-01-11 01:59,2024-01-11 02:06,2024-01-11 02:34,2024-01-11 04:03,2024-01-11 04:03,3,ADMITTED,AMBULANCE,36,M
1028,2024-01-11 02:10,2024-01-11 02:15,2024-01-11 02:26,2024-01-11 05:56,2024-01-11 05:56,2,HOME,AMBULANCE,42,M
1029,2024-01-11 02:49,2024-01-11 02:55,2024-01-11 03:03,2024-01-11 04:12,2024-01-11 04:12,4,ADMITTED,AMBULANCE,38,F
1030,2024-01-11 03:46,2024-01-11 03:53,2024-01-11 03:53,2024-01-11 05:44,2024-01-11 05:44,4,HOME,WALK IN,59,F
1031,2024-01-11 05:09,2024-01-11 05:13,2024-01-11 05:13,2024-01-11 05:32,2024-01-11 05:32,4,HOME,WALK IN,39,F
1032,2024-01-11 06:27,2024-01-11 06:33,2024-01-11 06:33,2024-01-11 09:15,2024-01-11 09:15,2,ADMITTED,WALK IN,35,M
1033,2024-01-11 06:36,2024-01-11 06:44,2024-01-11 06:44,2024-01-11 09:20,2024-01-11 09:20,4,HOME,WALK IN,69,F
1034,2024-01-11 06:47,2024-01-11 06:53,2024-01-11 06:54,2024-01-11 08:32,2024-01-11 08:32,5,HOME,WALK IN,65,F
1035,2024-01-11 06:49,2024-01-11 07:03,2024-01-11 07:03,2024-01-11 09:28,2024-01-11 09:28,1,ADMITTED,WALK IN,54,M
1036,2024-01-11 07:06,2024-01-11 07:16,2024-01-11 07:33,2024-01-11 09:08,2024-01-11 09:08,3,HOME,WALK IN,43,M
1037,2024-01-11 07:37,2024-01-11 07:45,2024-01-11 07:50,2024-01-11 09:11,2024-01-11 09:11,3,HOME,WALK IN,49,M
1038,2024-01-11 08:01,2024-01-11 08:07,2024-01-11 08:07,2024-01-11 10:06,2024-01-11 10:06,2,HOME,AMBULANCE,48,M
1039,2024-01-11 08:23,2024-01-11 08:30,2024-01-11 08:30,2024-01-11 10:11,2024-01-11 10:11,3,HOME,WALK IN,47,F
1040,2024-01-11 08:45,2024-01-11 08:50,2024-01-11 08:50,2024-01-11 09:26,2024-01-11 09:26,5,HOME,WALK IN,64,F
1041,2024-01-11 09:07,2024-01-11 09:15,2024-01-11 09:17,2024-01-11 12:35,2024-01-11 12:35,2,ADMITTED,AMBULANCE,73,F
1042,2024-01-11 09:19,2024-01-11 09:24,2024-01-11 09:26,2024-01-11 12:41,2024-01-11 12:41,2,ADMITTED,AMBULANCE,46,F
1043,2024-01-11 09:34,2024-01-11 09:39,2024-01-11 09:39,2024-01-11 10:56,2024-01-11 10:56,3,ADMITTED,AMBULANCE,73,M
1044,2024-01-11 09:37,2024-01-11 09:44,2024-01-11 09:53,2024-01-11 12:31,2024-01-11 12:31,2,HOME,WALK IN,20,F
1045,2024-01-11 09:38,2024-01-11 09:48,2024-01-11 10:11,2024-01-11 13:08,2024-01-11 13:08,2,ADMITTED,AMBULANCE,83,F
1046,2024-01-11 10:03,2024-01-11 10:07,2024-01-11 10:19,2024-01-11 14:14,2024-01-11 14:14,3,ADMITTED,AMBULANCE,75,M
1047,2024-01-11 10:12,2024-01-11 10:16,2024-01-11 11:33,2024-01-11 12:00,2024-01-11 12:00,4,HOME,WALK IN,51,M
1048,2024-01-11 10:15,2024-01-11 10:30,2024-01-11 11:11,2024-01-11 12:11,2024-01-11 12:11,3,HOME,AMBULANCE,32,M
1049,2024-01-11 10:16,2024-01-11 10:23,2024-01-11 10:25,2024-01-11 12:30,2024-01-11 12:30,2,ADMITTED,WALK IN,50,F
1050,2024-01-11 10:34,2024-01-11 10:38,2024-01-11 11:31,2024-01-11 13:01,2024-01-11 13:01,3,HOME,WALK IN,71,F
1051,2024-01-11 10:41,2024-01-11 10:46,2024-01-11 10:56,2024-01-11 16:07,2024-01-11 16:07,2,ADMITTED,AMBULANCE,57,F
1052,2024-01-11 10:55,2024-01-11 10:59,2024-01-11 11:36,2024-01-11 12:26,2024-01-11 12:26,4,ADMITTED,WALK IN,59,M
1053,2024-01-11 11:09,2024-01-11 11:15,2024-01-11 11:29,2024-01-11 13:49,2024-01-11 13:49,2,ADMITTED,WALK IN,30,F
1054,2024-01-11 11:26,2024-01-11 11:29,2024-01-11 11:37,2024-01-11 12:11,2024-01-11 12:11,5,HOME,WALK IN,51,M
1055,2024-01-11 11:39,2024-01-11 11:43,2024-01-11 11:43,2024-01-11 12:09,2024-01-11 12:09,4,HOME,WALK IN,33,M
1056,2024-01-11 11:44,2024-01-11 11:50,2024-01-11 11:50,2024-01-11 13:43,2024-01-11 13:43,2,HOME,AMBULANCE,20,F
1057,2024-01-11 12:10,2024-01-11 12:15,2024-01-11 12:15,2024-01-11 12:57,2024-01-11 12:57,4,HOME,WALK IN,32,M
1058,2024-01-11 12:28,2024-01-11 12:34,2024-01-11 12:34,2024-01-11 14:47,2024-01-11 14:47,3,HOME,WALK IN,44,F
1059,2024-01-11 12:42,2024-01-11 12:53,2024-01-11 12:53,2024-01-11 14:27,2024-01-11 14:27,2,ADMITTED,AMBULANCE,72,F
1060,2024-01-11 12:43,2024-01-11 12:45,2024-01-11 12:45,2024-01-11 14:09,2024-01-11 14:09,3,HOME,AMBULANCE,75,F
1061,2024-01-11 13:06,2024-01-11 13:12,2024-01-11 13:12,2024-01-11 15:00,2024-01-11 15:00,3,ADMITTED,WALK IN,47,F
1062,2024-01-11 13:10,2024-01-11 13:20,2024-01-11 13:20,2024-01-11 15:07,2024-01-11 15:07,2,HOME,WALK IN,38,M
1063,2024-01-11 13:10,2024-01-11 13:14,2024-01-11 13:14,2024-01-11 15:26,2024-01-11 15:26,3,ADMITTED,WALK IN,47,M
1064,2024-01-11 13:28,2024-01-11 13:53,2024-01-11 13:53,2024-01-11 21:40,2024-01-11 21:40,4,HOME,WALK IN,55,M
1065,2024-01-11 13:31,2024-01-11 13:35,2024-01-11 13:35,2024-01-11 13:55,2024-01-11 13:55,4,HOME,WALK IN,57,M
1066,2024-01-11 13:34,2024-01-11 13:42,2024-01-11 13:43,2024-01-11 15:02,2024-01-11 15:02,3,HOME,AMBULANCE,43,M
1067,2024-01-11 13:49,2024-01-11 13:58,2024-01-11 13:58,2024-01-11 18:14,2024-01-11 18:14,4,HOME,WALK IN,38,M
1068,2024-01-11 14:04,2024-01-11 14:11,2024-01-11 14:14,2024-01-11 16:19,2024-01-11 16:19,2,ADMITTED,WALK IN,87,F
1069,2024-01-11 14:39,2024-01-11 14:41,2024-01-11 14:41,2024-01-11 17:21,2024-01-11 17:21,2,ADMITTED,WALK IN,82,M
1070,2024-01-11 14:46,2024-01-11 14:52,2024-01-11 14:52,2024-01-11 16:51,2024-01-11 16:51,2,HOME,AMBULANCE,31,F
1071,2024-01-11 15:03,2024-01-11 15:06,2024-01-11 15:06,2024-01-11 16:10,2024-01-11 16:10,4,HOME,WALK IN,25,F
1072,2024-01-11 15:09,2024-01-11 15:15,2024-01-11 15:15,2024-01-11 17:31,2024-01-11 17:31,3,HOME,WALK IN,50,F
1073,2024-01-11 15:10,2024-01-11 15:14,2024-01-11 15:14,2024-01-11 20:03,2024-01-11 20:03,2,HOME,AMBULANCE,68,F
1074,2024-01-11 15:19,2024-01-11 15:22,2024-01-11 15:26,2024-01-11 18:46,2024-01-11 18:46,3,HOME,WALK IN,75,M
1075,2024-01-11 15:37,2024-01-11 15:46,2024-01-11 15:46,2024-01-11 20:20,2024-01-11 20:20,3,ADMITTED,AMBULANCE,32,F
1076,2024-01-11 15:38,2024-01-11 15:49,2024-01-11 15:49,2024-01-11 17:24,2024-01-11 17:24,3,ADMITTED,WALK IN,56,F
1077,2024-01-11 15:48,2024-01-11 15:53,2024-01-11 15:53,2024-01-11 16:51,2024-01-11 16:51,3,HOME,WALK IN,60,M
1078,2024-01-11 15:48,2024-01-11 15:56,2024-01-11 16:19,2024-01-11 20:26,2024-01-11 20:26,3,HOME,WALK IN,27,M
1079,2024-01-11 15:53,2024-01-11 15:57,2024-01-11 16:10,2024-01-11 19:32,2024-01-11 19:32,2,HOME,AMBULANCE,47,F
1080,2024-01-11 16:00,2024-01-11 16:06,2024-01-11 16:12,2024-01-11 18:02,2024-01-11 18:02,2,HOME,WALK IN,50,M
1081,2024-01-11 16:08,2024-01-11 16:13,2024-01-11 16:19,2024-01-11 18:52,2024-01-11 18:52,3,ADMITTED,WALK IN,58,F
1082,2024-01-11 16:22,2024-01-11 16:26,2024-01-11 16:51,2024-01-11 19:42,2024-01-11 19:42,3,HOME,WALK IN,31,F
1083,2024-01-11 16:25,2024-01-11 16:32,2024-01-11 16:51,2024-01-11 23:29,2024-01-11 23:29,3,HOME,AMBULANCE,50,M
1084,2024-01-11 16:27,2024-01-11 16:42,,,2024-01-11 17:08,4,LEFT WITHOUT BEING SEEN,WALK IN,33,F
1085,2024-01-11 16:31,2024-01-11 16:40,2024-01-11 17:21,2024-01-11 19:21,2024-01-11 19:21,3,HOME,WALK IN,31,F
1086,2024-01-11 16:50,2024-01-11 16:54,2024-01-11 18:08,2024-01-11 19:44,2024-01-11 19:44,5,HOME,WALK IN,55,M
1087,2024-01-11 16:53,2024-01-11 17:03,2024-01-11 17:24,2024-01-11 18:48,2024-01-11 18:48,3,HOME,WALK IN,56,F
1088,2024-01-11 17:05,2024-01-11 17:10,2024-01-11 17:44,2024-01-11 20:15,2024-01-11 20:15,3,ADMITTED,WALK IN,44,F
1089,2024-01-11 17:11,2024-01-11 17:15,2024-01-11 17:44,2024-01-11 20:38,2024-01-11 20:38,3,ADMITTED,WALK IN,29,F
1090,2024-01-11 17:11,2024-01-11 17:21,2024-01-11 18:14,2024-01-11 18:56,2024-01-11 18:56,5,HOME,WALK IN,57,M
1091,2024-01-11 17:12,2024-01-11 17:21,2024-01-11 17:46,2024-01-11 21:08,2024-01-11 21:08,4,ADMITTED,WALK IN,19,F
1092,2024-01-11 17:12,2024-01-11 17:24,2024-01-11 17:31,2024-01-11 22:06,2024-01-11 22:06,2,HOME,WALK IN,38,F
1093,2024-01-11 17:18,2024-01-11 17:26,2024-01-11 18:02,2024-01-11 21:48,2024-01-11 21:48,3,HOME,WALK IN,25,F
1094,2024-01-11 18:11,2024-01-11 18:18,2024-01-11 18:54,2024-01-11 21:29,2024-01-11 21:29,3,HOME,WALK IN,35,M
1095,2024-01-11 18:20,2024-01-11 18:25,2024-01-11 18:56,2024-01-11 20:36,2024-01-11 20:36,3,HOME,WALK IN,71,F
1096,2024-01-11 18:27,2024-01-11 18:32,2024-01-11 18:48,2024-01-11 22:18,2024-01-11 22:18,2,HOME,AMBULANCE,52,M
1097,2024-01-11 18:33,2024-01-11 18:38,2024-01-11 19:42,2024-01-11 22:25,2024-01-11 22:25,4,HOME,WALK IN,55,F
1098,2024-01-11 19:00,2024-01-11 19:03,2024-01-11 19:40,2024-01-11 20:17,2024-01-11 20:17,3,HOME,WALK IN,88,M
1099,2024-01-11 19:13,2024-01-11 19:16,2024-01-11 19:44,2024-01-11 20:14,2024-01-11 20:14,4,HOME,WALK IN,27,F
1100,2024-01-11 19:18,2024-01-11 19:19,2024-01-11 19:42,2024-01-11 21:48,2024-01-11 21:48,3,ADMITTED,WALK IN,28,F
1101,2024-01-11 19:47,2024-01-11 19:51,2024-01-11 19:51,2024-01-11 21:15,2024-01-11 21:15,4,HOME,WALK IN,33,F
1102,2024-01-11 19:52,2024-01-11 19:59,2024-01-11 20:03,2024-01-11 21:23,2024-01-11 21:23,3,ADMITTED,AMBULANCE,41,F
1103,2024-01-11 19:54,2024-01-11 20:00,2024-01-11 20:14,2024-01-11 22:28,2024-01-11 22:28,3,HOME,AMBULANCE,35,M
1104,2024-01-11 20:07,2024-01-11 20:15,2024-01-11 20:15,2024-01-12 02:16,2024-01-12 02:16,1,ADMITTED,WALK IN,79,M
1105,2024-01-11 20:23,2024-01-11 20:25,2024-01-11 20:26,2024-01-11 23:25,2024-01-11 23:25,2,HOME,AMBULANCE,35,M
1106,2024-01-11 20:23,2024-01-11 20:28,2024-01-11 20:38,2024-01-11 23:24,2024-01-11 23:24,2,HOME,AMBULANCE,75,F
1107,2024-01-11 20:25,2024-01-11 20:29,2024-01-12 00:36,2024-01-12 02:45,2024-01-12 02:45,4,HOME,WALK IN,38,F
1108,2024-01-11 20:27,2024-01-11 20:32,2024-01-11 23:29,2024-01-12 01:31,2024-01-12 01:31,3,HOME,WALK IN,42,F
1109,2024-01-11 20:30,2024-01-11 20:33,2024-01-11 21:48,2024-01-11 23:21,2024-01-11 23:21,2,HOME,WALK IN,56,F
1110,2024-01-11 20:45,2024-01-11 20:48,2024-01-11 21:48,2024-01-12 00:26,2024-01-12 00:26,2,ADMITTED,WALK IN,77,F
1111,2024-01-11 21:03,2024-01-11 21:05,2024-01-11 22:06,2024-01-12 00:35,2024-01-12 00:35,2,ADMITTED,AMBULANCE,58,M
1112,2024-01-11 21:41,2024-01-11 21:49,2024-01-11 23:30,2024-01-12 01:20,2024-01-12 01:20,3,ADMITTED,WALK IN,77,M
1113,2024-01-11 22:10,2024-01-11 22:19,2024-01-11 22:28,2024-01-12 01:04,2024-01-12 01:04,2,HOME,WALK IN,33,M
1114,2024-01-11 22:20,2024-01-11 22:30,2024-01-12 00:36,2024-01-12 01:08,2024-01-12 01:08,4,HOME,WALK IN,59,F
1115,2024-01-11 22:31,2024-01-11 22:38,2024-01-11 23:40,2024-01-12 01:17,2024-01-12 01:17,3,HOME,WALK IN,37,M
1116,2024-01-11 22:33,2024-01-11 22:40,2024-01-11 22:40,2024-01-12 05:36,2024-01-12 05:36,1,HOME,AMBULANCE,52,M
1117,2024-01-11 22:35,2024-01-11 22:45,2024-01-11 22:45,2024-01-12 03:18,2024-01-12 03:18,1,HOME,WALK IN,50,M
1118,2024-01-11 22:45,2024-01-11 22:47,2024-01-12 01:14,2024-01-12 02:20,2024-01-12 02:20,4,HOME,WALK IN,27,F
1119,2024-01-11 23:19,2024-01-11 23:23,2024-01-11 23:52,2024-01-12 01:43,2024-01-12 01:43,3,ADMITTED,WALK IN,57,F
1120,2024-01-11 23:39,2024-01-11 23:46,2024-01-11 23:47,2024-01-12 03:28,2024-01-12 03:28,2,ADMITTED,WALK IN,68,M
1121,2024-01-11 23:54,2024-01-11 23:58,2024-01-12 00:35,2024-01-12 01:52,2024-01-12 01:52,3,ADMITTED,WALK IN,42,M
1122,2024-01-12 00:28,2024-01-12 00:43,2024-01-12 00:53,2024-01-12 03:08,2024-01-12 03:08,3,HOME,WALK IN,76,F
1123,2024-01-12 01:16,2024-01-12 01:24,2024-01-12 01:31,2024-01-12 03:09,2024-01-12 03:09,3,HOME,WALK IN,72,F
1124,2024-01-12 01:48,2024-01-12 01:53,2024-01-12 01:53,2024-01-12 03:31,2024-01-12 03:31,3,HOME,WALK IN,68,M
1125,2024-01-12 01:57,2024-01-12 02:04,2024-01-12 02:20,2024-01-12 03:05,2024-01-12 03:05,5,HOME,WALK IN,73,M
1126,2024-01-12 02:17,2024-01-12 02:25,2024-01-12 02:25,2024-01-12 06:40,2024-01-12 06:40,1,ADMITTED,WALK IN,42,F
1127,2024-01-12 03:16,2024-01-12 03:24,2024-01-12 03:31,2024-01-12 05:14,2024-01-12 05:14,3,HOME,WALK IN,44,F
1128,2024-01-12 03:19,2024-01-12 03:31,2024-01-12 03:36,2024-01-12 04:05,2024-01-12 04:05,5,HOME,AMBULANCE,34,M
1129,2024-01-12 04:53,2024-01-12 04:56,2024-01-12 04:56,2024-01-12 05:19,2024-01-12 05:19,3,HOME,WALK IN,56,M
1130,2024-01-12 04:54,2024-01-12 05:04,2024-01-12 05:04,2024-01-12 10:45,2024-01-12 10:45,2,ADMITTED,WALK IN,73,F
1131,2024-01-12 06:24,2024-01-12 06:36,2024-01-12 06:40,2024-01-12 08:05,2024-01-12 08:05,4,HOME,WALK IN,60,M
1132,2024-01-12 06:32,2024-01-12 06:41,2024-01-12 06:50,2024-01-12 07:58,2024-01-12 07:58,2,HOME,WALK IN,33,M
1133,2024-01-12 07:04,2024-01-12 07:10,2024-01-12 07:10,2024-01-12 11:58,2024-01-12 11:58,2,HOME,WALK IN,53,F
1134,2024-01-12 07:18,2024-01-12 07:21,2024-01-12 07:21,2024-01-12 10:44,2024-01-12 10:44,4,ADMITTED,AMBULANCE,27,M
1135,2024-01-12 07:34,2024-01-12 07:38,2024-01-12 07:41,2024-01-12 10:37,2024-01-12 10:37,3,HOME,WALK IN,40,F
1136,2024-01-12 07:41,2024-01-12 07:47,2024-01-12 08:00,2024-01-12 09:57,2024-01-12 09:57,3,HOME,AMBULANCE,24,F
1137,2024-01-12 07:54,2024-01-12 08:00,2024-01-12 08:00,2024-01-12 14:27,2024-01-12 14:27,3,ADMITTED,WALK IN,43,M
1138,2024-01-12 08:02,2024-01-12 08:10,2024-01-12 08:10,2024-01-12 08:39,2024-01-12 08:39,4,HOME,WALK IN,20,F
1139,2024-01-12 08:07,2024-01-12 08:15,2024-01-12 08:15,2024-01-12 10:41,2024-01-12 10:41,3,HOME,WALK IN,60,F
1140,2024-01-12 08:21,2024-01-12 08:32,2024-01-12 08:32,2024-01-12 11:31,2024-01-12 11:31,3,HOME,AMBULANCE,36,F
1141,2024-01-12 09:13,2024-01-12 09:20,2024-01-12 09:20,2024-01-12 12:04,2024-01-12 12:04,2,ADMITTED,AMBULANCE,53,M
1142,2024-01-12 09:46,2024-01-12 09:53,2024-01-12 09:53,2024-01-12 13:40,2024-01-12 13:40,4,HOME,AMBULANCE,48,F
1143,2024-01-12 09:50,2024-01-12 09:58,2024-01-12 09:58,2024-01-12 10:33,2024-01-12 10:33,5,HOME,WALK IN,46,F
1144,2024-01-12 09:50,2024-01-12 10:00,2024-01-12 10:09,2024-01-12 12:56,2024-01-12 12:56,2,HOME,AMBULANCE,55,F
1145,2024-01-12 09:53,2024-01-12 10:06,2024-01-12 10:09,2024-01-12 13:47,2024-01-12 13:47,2,HOME,WALK IN,31,F
1146,2024-01-12 10:12,2024-01-12 10:22,2024-01-12 10:46,2024-01-12 12:57,2024-01-12 12:57,3,HOME,WALK IN,41,F
1147,2024-01-12 10:15,2024-01-12 10:21,2024-01-12 10:45,2024-01-12 13:25,2024-01-12 13:25,3,HOME,AMBULANCE,36,F
1148,2024-01-12 10:24,2024-01-12 10:28,2024-01-12 11:31,2024-01-12 14:22,2024-01-12 14:22,3,ADMITTED,AMBULANCE,51,F
1149,2024-01-12 10:31,2024-01-12 10:33,2024-01-12 10:44,2024-01-12 12:32,2024-01-12 12:32,2,ADMITTED,WALK IN,36,M
1150,2024-01-12 10:40,2024-01-12 10:47,2024-01-12 11:55,2024-01-12 13:57,2024-01-12 13:57,3,HOME,WALK IN,23,F
1151,2024-01-12 11:01,2024-01-12 11:05,2024-01-12 11:17,2024-01-12 14:04,2024-01-12 14:04,2,HOME,AMBULANCE,67,F
1152,2024-01-12 11:07,2024-01-12 11:12,2024-01-12 11:56,2024-01-12 16:12,2024-01-12 16:12,3,ADMITTED,WALK IN,38,F
1153,2024-01-12 11:11,2024-01-12 11:13,2024-01-12 12:04,2024-01-12 12:57,2024-01-12 12:57,4,HOME,WALK IN,36,M
1154,2024-01-12 11:15,2024-01-12 11:18,2024-01-12 11:30,2024-01-12 15:28,2024-01-12 15:28,2,ADMITTED,WALK IN,23,F
1155,2024-01-12 11:32,2024-01-12 11:48,2024-01-12 11:48,2024-01-12 14:22,2024-01-12 14:22,1,HOME,AMBULANCE,49,M
1156,2024-01-12 11:34,2024-01-12 11:37,2024-01-12 12:00,2024-01-12 13:22,2024-01-12 13:22,3,HOME,WALK IN,20,M
1157,2024-01-12 11:34,2024-01-12 11:40,2024-01-12 12:32,2024-01-12 14:03,2024-01-12 14:03,4,HOME,WALK IN,36,F
1158,2024-01-12 11:43,2024-01-12 11:52,2024-01-12 12:33,2024-01-12 13:59,2024-01-12 13:59,4,HOME,AMBULANCE,37,M
1159,2024-01-12 11:56,2024-01-12 12:08,2024-01-12 12:26,2024-01-12 13:28,2024-01-12 13:28,3,ADMITTED,WALK IN,31,F
1160,2024-01-12 12:08,2024-01-12 12:11,2024-01-12 12:34,2024-01-12 13:07,2024-01-12 13:07,4,HOME,WALK IN,24,F
1161,2024-01-12 12:18,2024-01-12 12:27,2024-01-12 13:07,2024-01-12 14:02,2024-01-12 14:02,5,HOME,WALK IN,44,F
1162,2024-01-12 12:22,2024-01-12 12:32,2024-01-12 12:57,2024-01-12 15:09,2024-01-12 15:09,3,HOME,WALK IN,34,F
1163,2024-01-12 12:36,2024-01-12 12:38,2024-01-12 13:40,2024-01-12 14:07,2024-01-12 14:07,5,HOME,AMBULANCE,44,F
1164,2024-01-12 12:36,2024-01-12 12:41,2024-01-12 12:56,2024-01-12 15:32,2024-01-12 15:32,2,HOME,WALK IN,41,F
1165,2024-01-12 12:37,2024-01-12 12:48,2024-01-12 12:57,2024-01-12 13:37,2024-01-12 13:37,4,HOME,WALK IN,64,F
1166,2024-01-12 13:04,2024-01-12 13:08,2024-01-12 13:22,2024-01-12 15:41,2024-01-12 15:41,3,HOME,WALK IN,59,F
1167,2024-01-12 13:08,2024-01-12 13:10,2024-01-12 13:25,2024-01-12 14:38,2024-01-12 14:38,3,HOME,WALK IN,35,M
1168,2024-01-12 13:24,2024-01-12 13:28,2024-01-12 13:28,2024-01-12 14:41,2024-01-12 14:41,4,ADMITTED,WALK IN,61,M
1169,2024-01-12 13:36,2024-01-12 13:41,2024-01-12 13:42,2024-01-12 16:15,2024-01-12 16:15,4,HOME,AMBULANCE,47,F
1170,2024-01-12 13:41,2024-01-12 13:43,2024-01-12 13:47,2024-01-12 16:44,2024-01-12 16:44,3,HOME,WALK IN,65,F
1171,2024-01-12 13:45,2024-01-12 13:50,2024-01-12 14:03,2024-01-12 15:46,2024-01-12 15:46,3,HOME,AMBULANCE,43,M
1172,2024-01-12 13:50,2024-01-12 14:01,2024-01-12 14:02,2024-01-12 16:30,2024-01-12 16:30,2,ADMITTED,AMBULANCE,50,F
1173,2024-01-12 13:56,2024-01-12 14:03,2024-01-12 14:06,2024-01-12 14:40,2024-01-12 14:40,3,HOME,WALK IN,35,F
1174,2024-01-12 14:01,2024-01-12 14:05,2024-01-12 14:07,2024-01-12 14:33,2024-01-12 14:33,4,HOME,WALK IN,53,F
1175,2024-01-12 14:08,2024-01-12 14:16,2024-01-12 14:16,2024-01-12 18:07,2024-01-12 18:07,3,ADMITTED,WALK IN,71,F
1176,2024-01-12 14:11,2024-01-12 14:19,2024-01-12 14:22,2024-01-12 20:25,2024-01-12 20:25,3,HOME,WALK IN,72,M
1177,2024-01-12 14:39,2024-01-12 14:51,2024-01-12 14:51,2024-01-12 15:32,2024-01-12 15:32,5,HOME,WALK IN,66,F
1178,2024-01-12 14:41,2024-01-12 14:43,2024-01-12 14:43,2024-01-12 15:01,2024-01-12 15:01,4,HOME,WALK IN,24,M
1179,2024-01-12 14:43,2024-01-12 14:48,2024-01-12 14:48,2024-01-12 17:57,2024-01-12 17:57,3,HOME,AMBULANCE,37,F
1180,2024-01-12 14:44,2024-01-12 14:56,2024-01-12 15:09,2024-01-12 18:17,2024-01-12 18:17,2,ADMITTED,WALK IN,47,M
1181,2024-01-12 15:05,2024-01-12 15:14,2024-01-12 15:32,2024-01-12 20:06,2024-01-12 20:06,2,ADMITTED,AMBULANCE,22,M
1182,2024-01-12 15:58,2024-01-12 16:02,2024-01-12 16:02,2024-01-12 17:28,2024-01-12 17:28,2,ADMITTED,AMBULANCE,56,F
1183,2024-01-12 16:06,2024-01-12 16:10,2024-01-12 16:10,2024-01-12 20:02,2024-01-12 20:02,3,HOME,AMBULANCE,40,M
1184,2024-01-12 16:12,2024-01-12 16:19,2024-01-12 16:19,2024-01-12 22:35,2024-01-12 22:35,2,ADMITTED,AMBULANCE,42,M
1185,2024-01-12 16:14,2024-01-12 16:17,2024-01-12 16:17,2024-01-12 19:31,2024-01-12 19:31,2,ADMITTED,WALK IN,92,F
1186,2024-01-12 16:22,2024-01-12 16:26,2024-01-12 16:30,2024-01-12 16:52,2024-01-12 16:52,5,HOME,WALK IN,54,F
1187,2024-01-12 16:32,2024-01-12 16:38,2024-01-12 16:40,2024-01-12 19:07,2024-01-12 19:07,3,ADMITTED,AMBULANCE,23,M
1188,2024-01-12 16:44,2024-01-12 16:53,2024-01-12 16:53,2024-01-12 19:03,2024-01-12 19:03,1,HOME,AMBULANCE,42,F
1189,2024-01-12 17:10,2024-01-12 17:21,2024-01-12 17:21,2024-01-12 20:23,2024-01-12 20:23,3,ADMITTED,WALK IN,83,F
1190,2024-01-12 17:12,2024-01-12 17:15,2024-01-12 17:15,2024-01-12 19:14,2024-01-12 19:14,3,HOME,WALK IN,42,M
1191,2024-01-12 17:30,2024-01-12 17:36,2024-01-12 17:36,2024-01-12 18:37,2024-01-12 18:37,3,HOME,AMBULANCE,58,M
1192,2024-01-12 17:31,2024-01-12 17:41,2024-01-12 17:41,2024-01-12 19:56,2024-01-12 19:56,2,HOME,AMBULANCE,48,F
1193,2024-01-12 18:16,2024-01-12 18:20,2024-01-12 18:20,2024-01-12 18:59,2024-01-12 18:59,4,HOME,WALK IN,31,M
1194,2024-01-12 18:35,2024-01-12 18:40,2024-01-12 18:40,2024-01-12 20:00,2024-01-12 20:00,4,HOME,WALK IN,24,F
1195,2024-01-12 18:39,2024-01-12 18:46,2024-01-12 18:46,2024-01-12 19:39,2024-01-12 19:39,4,HOME,WALK IN,38,M
1196,2024-01-12 18:43,2024-01-12 18:52,2024-01-12 18:52,2024-01-12 20:43,2024-01-12 20:43,2,ADMITTED,AMBULANCE,55,M
1197,2024-01-12 18:52,2024-01-12 19:01,2024-01-12 19:01,2024-01-12 21:46,2024-01-12 21:46,2,ADMITTED,AMBULANCE,45,M
1198,2024-01-12 18:59,2024-01-12 19:08,2024-01-12 19:08,2024-01-12 19:35,2024-01-12 19:35,4,HOME,WALK IN,30,M
1199,2024-01-12 18:59,2024-01-12 19:04,2024-01-12 19:04,2024-01-12 20:15,2024-01-12 20:15,3,HOME,AMBULANCE,74,F
1200,2024-01-12 19:00,2024-01-12 19:11,2024-01-12 19:14,2024-01-12 23:27,2024-01-12 23:27,2,HOME,WALK IN,39,M
1201,2024-01-12 19:03,2024-01-12 19:12,2024-01-12 19:14,2024-01-12 21:52,2024-01-12 21:52,2,HOME,WALK IN,41,M
1202,2024-01-12 19:08,2024-01-12 19:21,2024-01-12 19:35,2024-01-12 22:00,2024-01-12 22:00,2,HOME,WALK IN,25,M
1203,2024-01-12 19:17,2024-01-12 19:19,2024-01-12 19:19,2024-01-12 23:02,2024-01-12 23:02,1,HOME,AMBULANCE,87,M
1204,2024-01-12 19:20,2024-01-12 19:22,2024-01-12 19:39,2024-01-12 20:48,2024-01-12 20:48,3,HOME,AMBULANCE,39,F
1205,2024-01-12 19:24,2024-01-12 19:32,2024-01-12 19:56,2024-01-12 22:24,2024-01-12 22:24,3,HOME,WALK IN,73,M
1206,2024-01-12 19:37,2024-01-12 19:42,2024-01-12 20:00,2024-01-12 22:58,2024-01-12 22:58,4,HOME,WALK IN,67,F
1207,2024-01-12 19:38,2024-01-12 19:42,2024-01-12 20:00,2024-01-12 21:40,2024-01-12 21:40,3,ADMITTED,WALK IN,59,F
1208,2024-01-12 19:55,2024-01-12 20:02,2024-01-12 20:05,2024-01-12 20:29,2024-01-12 20:29,5,HOME,WALK IN,63,M
1209,2024-01-12 20:15,2024-01-12 20:26,2024-01-12 20:26,2024-01-12 23:31,2024-01-12 23:31,3,HOME,WALK IN,43,F
1210,2024-01-12 20:26,2024-01-12 20:30,2024-01-12 20:30,2024-01-12 22:05,2024-01-12 22:05,3,HOME,WALK IN,62,M
1211,2024-01-12 20:57,2024-01-12 20:59,2024-01-12 20:59,2024-01-12 22:38,2024-01-12 22:38,2,HOME,AMBULANCE,41,F
1212,2024-01-12 20:58,2024-01-12 21:01,2024-01-12 21:01,2024-01-13 00:45,2024-01-13 00:45,3,HOME,WALK IN,24,F
1213,2024-01-12 21:37,2024-01-12 21:43,2024-01-12 22:00,2024-01-13 03:29,2024-01-13 03:29,3,HOME,AMBULANCE,43,M
1214,2024-01-12 22:12,2024-01-12 22:18,2024-01-12 22:18,2024-01-12 22:30,2024-01-12 22:30,5,HOME,WALK IN,49,F
1215,2024-01-12 22:15,2024-01-12 22:25,2024-01-12 22:25,2024-01-13 00:15,2024-01-13 00:15,4,HOME,WALK IN,23,F
1216,2024-01-12 22:37,2024-01-12 22:42,2024-01-12 22:42,2024-01-13 00:28,2024-01-13 00:28,2,ADMITTED,AMBULANCE,78,M
1217,2024-01-12 22:55,2024-01-12 22:59,2024-01-12 23:02,2024-01-13 03:25,2024-01-13 03:25,3,HOME,WALK IN,25,M
1218,2024-01-12 23:06,2024-01-12 23:16,2024-01-12 23:16,2024-01-13 07:10,2024-01-13 07:10,3,ADMITTED,WALK IN,73,F
1219,2024-01-12 23:32,2024-01-12 23:36,2024-01-12 23:36,2024-01-13 01:12,2024-01-13 01:12,2,ADMITTED,WALK IN,39,M
1220,2024-01-12 23:47,2024-01-12 23:54,2024-01-13 00:02,2024-01-13 03:35,2024-01-13 03:35,2,HOME,AMBULANCE,79,F
1221,2024-01-13 01:18,2024-01-13 01:21,2024-01-13 01:21,2024-01-13 09:03,2024-01-13 09:03,2,ADMITTED,WALK IN,21,F
1222,2024-01-13 01:28,2024-01-13 01:32,2024-01-13 01:32,2024-01-13 06:18,2024-01-13 06:18,1,ADMITTED,WALK IN,42,F
1223,2024-01-13 01:56,2024-01-13 01:59,2024-01-13 04:24,2024-01-13 07:03,2024-01-13 07:03,3,HOME,WALK IN,26,F
1224,2024-01-13 02:04,2024-01-13 02:22,2024-01-13 03:35,2024-01-13 08:18,2024-01-13 08:18,2,ADMITTED,AMBULANCE,37,F
1225,2024-01-13 02:11,2024-01-13 02:28,2024-01-13 03:47,2024-01-13 07:21,2024-01-13 07:21,2,HOME,WALK IN,74,F
1226,2024-01-13 02:14,2024-01-13 02:33,2024-01-13 04:13,2024-01-13 06:25,2024-01-13 06:25,3,HOME,AMBULANCE,35,F
1227,2024-01-13 03:38,2024-01-13 04:02,2024-01-13 04:40,2024-01-13 06:21,2024-01-13 06:21,5,HOME,WALK IN,61,F
1228,2024-01-13 04:46,2024-01-13 04:52,2024-01-13 04:52,2024-01-13 08:11,2024-01-13 08:11,1,HOME,WALK IN,40,M
1229,2024-01-13 04:46,2024-01-13 05:10,2024-01-13 07:07,2024-01-13 08:55,2024-01-13 08:55,3,HOME,WALK IN,85,F
1230,2024-01-13 05:41,2024-01-13 05:45,2024-01-13 06:25,2024-01-13 07:52,2024-01-13 07:52,2,HOME,WALK IN,41,F
1231,2024-01-13 06:22,2024-01-13 06:27,2024-01-13 07:10,2024-01-13 08:00,2024-01-13 08:00,4,HOME,WALK IN,79,M
1232,2024-01-13 06:52,2024-01-13 06:58,2024-01-13 07:13,2024-01-13 08:04,2024-01-13 08:04,4,HOME,WALK IN,81,F
1233,2024-01-13 07:24,2024-01-13 07:30,2024-01-13 07:30,2024-01-13 08:41,2024-01-13 08:41,3,HOME,WALK IN,53,F
1234,2024-01-13 08:00,2024-01-13 08:03,2024-01-13 08:03,2024-01-13 11:16,2024-01-13 11:16,4,HOME,WALK IN,23,M
1235,2024-01-13 08:00,2024-01-13 08:09,2024-01-13 08:09,2024-01-13 11:07,2024-01-13 11:07,4,ADMITTED,AMBULANCE,34,M
1236,2024-01-13 08:51,2024-01-13 08:53,2024-01-13 08:53,2024-01-13 11:15,2024-01-13 11:15,2,HOME,WALK IN,42,F
1237,2024-01-13 08:56,2024-01-13 09:02,2024-01-13 09:02,2024-01-13 09:11,2024-01-13 09:11,4,HOME,WALK IN,47,M
1238,2024-01-13 09:29,2024-01-13 09:33,2024-01-13 09:33,2024-01-13 10:18,2024-01-13 10:18,4,HOME,WALK IN,36,M
1239,2024-01-13 09:31,2024-01-13 09:35,2024-01-13 09:35,2024-01-13 14:17,2024-01-13 14:17,3,HOME,WALK IN,72,F
1240,2024-01-13 09:34,2024-01-13 09:42,2024-01-13 09:42,2024-01-13 13:10,2024-01-13 13:10,3,ADMITTED,WALK IN,32,F
1241,2024-01-13 09:50,2024-01-13 09:56,2024-01-13 09:56,2024-01-13 12:54,2024-01-13 12:54,1,HOME,AMBULANCE,35,F
1242,2024-01-13 10:16,2024-01-13 10:27,2024-01-13 10:27,2024-01-13 11:49,2024-01-13 11:49,4,ADMITTED,WALK IN,40,M
1243,2024-01-13 10:23,2024-01-13 10:27,2024-01-13 10:27,2024-01-13 11:12,2024-01-13 11:12,3,HOME,WALK IN,29,M
1244,2024-01-13 10:34,2024-01-13 10:37,2024-01-13 10:37,2024-01-13 12:00,2024-01-13 12:00,3,HOME,WALK IN,53,M
1245,2024-01-13 10:35,2024-01-13 10:38,2024-01-13 10:39,2024-01-13 12:45,2024-01-13 12:45,3,HOME,AMBULANCE,55,M
1246,2024-01-13 11:10,2024-01-13 11:15,2024-01-13 11:15,2024-01-13 13:20,2024-01-13 13:20,3,HOME,AMBULANCE,68,M
1247,2024-01-13 11:40,2024-01-13 11:47,2024-01-13 11:47,2024-01-13 17:38,2024-01-13 17:38,2,HOME,AMBULANCE,89,M
1248,2024-01-13 11:49,2024-01-13 11:56,2024-01-13 12:00,2024-01-13 14:43,2024-01-13 14:43,2,ADMITTED,WALK IN,44,M
1249,2024-01-13 11:55,2024-01-13 11:58,2024-01-13 12:14,2024-01-13 13:01,2024-01-13 13:01,4,HOME,WALK IN,41,M
1250,2024-01-13 11:55,2024-01-13 12:00,2024-01-13 12:00,2024-01-13 13:05,2024-01-13 13:05,3,ADMITTED,AMBULANCE,78,F
1251,2024-01-13 11:57,2024-01-13 12:02,2024-01-13 12:14,2024-01-13 13:12,2024-01-13 13:12,4,HOME,WALK IN,33,M
1252,2024-01-13 12:04,2024-01-13 12:12,2024-01-13 12:12,2024-01-13 14:35,2024-01-13 14:35,2,ADMITTED,WALK IN,38,M
1253,2024-01-13 12:12,2024-01-13 12:17,2024-01-13 12:30,2024-01-13 15:36,2024-01-13 15:36,2,HOME,WALK IN,28,F
1254,2024-01-13 12:20,2024-01-13 12:24,2024-01-13 12:34,2024-01-13 14:28,2024-01-13 14:28,3,HOME,WALK IN,60,F
1255,2024-01-13 12:20,2024-01-13 12:26,2024-01-13 12:31,2024-01-13 15:48,2024-01-13 15:48,2,HOME,AMBULANCE,84,F
1256,2024-01-13 12:24,2024-01-13 12:28,2024-01-13 12:28,2024-01-13 16:11,2024-01-13 16:11,1,HOME,WALK IN,38,M
1257,2024-01-13 12:36,2024-01-13 12:43,2024-01-13 12:45,2024-01-13 15:24,2024-01-13 15:24,3,ADMITTED,AMBULANCE,57,M
1258,2024-01-13 12:57,2024-01-13 13:12,2024-01-13 13:12,2024-01-13 14:51,2024-01-13 14:51,2,HOME,WALK IN,78,M
1259,2024-01-13 13:02,2024-01-13 13:08,2024-01-13 13:10,2024-01-13 13:31,2024-01-13 13:31,3,HOME,WALK IN,57,F
1260,2024-01-13 13:08,2024-01-13 13:19,2024-01-13 13:19,2024-01-13 15:58,2024-01-13 15:58,2,ADMITTED,AMBULANCE,83,M
1261,2024-01-13 13:17,2024-01-13 13:21,2024-01-13 13:21,2024-01-13 13:35,2024-01-13 13:35,5,HOME,WALK IN,53,M
1262,2024-01-13 13:19,2024-01-13 13:23,2024-01-13 13:23,2024-01-13 15:50,2024-01-13 15:50,2,HOME,WALK IN,47,M
1263,2024-01-13 13:29,2024-01-13 13:39,2024-01-13 13:39,2024-01-13 18:18,2024-01-13 18:18,2,HOME,WALK IN,61,F
1264,2024-01-13 13:33,2024-01-13 13:42,2024-01-13 13:50,2024-01-13 14:31,2024-01-13 14:31,3,HOME,WALK IN,46,M
1265,2024-01-13 13:57,2024-01-13 14:00,2024-01-13 14:17,2024-01-13 16:15,2024-01-13 16:15,4,HOME,WALK IN,38,M
1266,2024-01-13 14:03,2024-01-13 14:06,2024-01-13 14:17,2024-01-13 15:38,2024-01-13 15:38,3,HOME,WALK IN,47,F
1267,2024-01-13 14:18,2024-01-13 14:20,2024-01-13 14:20,2024-01-13 17:03,2024-01-13 17:03,3,HOME,WALK IN,55,M
1268,2024-01-13 14:19,2024-01-13 14:25,2024-01-13 14:50,2024-01-13 16:43,2024-01-13 16:43,3,HOME,WALK IN,40,F
1269,2024-01-13 14:23,2024-01-13 14:25,,,2024-01-13 15:47,4,LEFT WITHOUT BEING SEEN,WALK IN,64,F
1270,2024-01-13 14:39,2024-01-13 14:48,2024-01-13 14:51,2024-01-13 16:58,2024-01-13 16:58,3,HOME,WALK IN,61,M
1271,2024-01-13 14:59,2024-01-13 15:06,2024-01-13 15:24,2024-01-13 19:14,2024-01-13 19:14,3,HOME,AMBULANCE,47,F
1272,2024-01-13 15:00,2024-01-13 15:11,2024-01-13 15:37,2024-01-13 20:04,2024-01-13 20:04,3,HOME,AMBULANCE,45,M
1273,2024-01-13 15:04,2024-01-13 15:10,2024-01-13 15:21,2024-01-13 21:06,2024-01-13 21:06,2,ADMITTED,WALK IN,80,F
1274,2024-01-13 15:14,2024-01-13 15:18,2024-01-13 15:38,2024-01-13 19:24,2024-01-13 19:24,3,ADMITTED,WALK IN,56,F
1275,2024-01-13 16:08,2024-01-13 16:12,2024-01-13 16:23,2024-01-13 18:33,2024-01-13 18:33,3,HOME,WALK IN,44,M
1276,2024-01-13 16:10,2024-01-13 16:11,2024-01-13 16:15,2024-01-13 17:37,2024-01-13 17:37,3,ADMITTED,WALK IN,33,M
1277,2024-01-13 16:17,2024-01-13 16:21,2024-01-13 16:37,2024-01-13 17:09,2024-01-13 17:09,3,ADMITTED,AMBULANCE,36,M
1278,2024-01-13 16:19,2024-01-13 16:23,2024-01-13 16:43,2024-01-13 19:26,2024-01-13 19:26,3,HOME,WALK IN,40,F
1279,2024-01-13 16:25,2024-01-13 16:36,2024-01-13 16:43,2024-01-13 20:47,2024-01-13 20:47,3,HOME,WALK IN,59,M
1280,2024-01-13 16:29,2024-01-13 16:38,2024-01-13 16:43,2024-01-13 17:50,2024-01-13 17:50,2,ADMITTED,WALK IN,46,M
1281,2024-01-13 16:32,2024-01-13 16:41,2024-01-13 16:51,2024-01-13 19:10,2024-01-13 19:10,3,HOME,WALK IN,51,M
1282,2024-01-13 16:37,2024-01-13 16:43,2024-01-13 17:37,2024-01-13 18:29,2024-01-13 18:29,3,HOME,WALK IN,36,F
1283,2024-01-13 16:47,2024-01-13 16:52,2024-01-13 17:03,2024-01-13 18:40,2024-01-13 18:40,2,HOME,WALK IN,76,F
1284,2024-01-13 16:50,2024-01-13 16:54,2024-01-13 18:51,2024-01-13 19:38,2024-01-13 19:38,4,HOME,WALK IN,47,M
1285,2024-01-13 16:54,2024-01-13 16:59,,,2024-01-13 18:20,5,LEFT WITHOUT BEING SEEN,WALK IN,30,M
1286,2024-01-13 16:56,2024-01-13 17:04,2024-01-13 17:09,2024-01-13 20:49,2024-01-13 20:49,2,HOME,AMBULANCE,49,F
1287,2024-01-13 17:17,2024-01-13 17:20,2024-01-13 17:38,2024-01-13 19:49,2024-01-13 19:49,3,HOME,AMBULANCE,21,F
1288,2024-01-13 17:28,2024-01-13 17:31,,,2024-01-13 20:54,5,LEFT WITHOUT BEING SEEN,WALK IN,73,F
1289,2024-01-13 17:34,2024-01-13 17:42,2024-01-13 17:50,2024-01-13 23:04,2024-01-13 23:04,3,HOME,WALK IN,36,M
1290,2024-01-13 17:40,2024-01-13 17:43,,,2024-01-13 23:20,4,LEFT WITHOUT BEING SEEN,AMBULANCE,72,F
1291,2024-01-13 17:41,2024-01-13 17:45,2024-01-13 17:50,2024-01-13 20:56,2024-01-13 20:56,3,HOME,WALK IN,36,F
1292,2024-01-13 17:47,2024-01-13 18:03,2024-01-13 18:18,2024-01-13 20:03,2024-01-13 20:03,1,ADMITTED,AMBULANCE,35,M
1293,2024-01-13 17:52,2024-01-13 17:56,,,2024-01-13 20:08,4,LEFT WITHOUT BEING SEEN,WALK IN,43,M
1294,2024-01-13 17:56,2024-01-13 18:01,2024-01-13 18:39,2024-01-13 19:33,2024-01-13 19:33,3,HOME,WALK IN,40,F
1295,2024-01-13 17:57,2024-01-13 18:07,2024-01-13 18:40,2024-01-13 21:12,2024-01-13 21:12,3,ADMITTED,WALK IN,26,F
1296,2024-01-13 17:59,2024-01-13 18:06,2024-01-13 18:33,2024-01-13 20:36,2024-01-13 20:36,2,ADMITTED,WALK IN,32,M
1297,2024-01-13 18:15,2024-01-13 18:19,2024-01-13 18:40,2024-01-13 22:31,2024-01-13 22:31,3,HOME,WALK IN,52,F
1298,2024-01-13 18:33,2024-01-13 18:35,,,2024-01-13 21:57,4,LEFT WITHOUT BEING SEEN,WALK IN,34,M
1299,2024-01-13 18:43,2024-01-13 18:49,2024-01-13 19:14,2024-01-13 21:03,2024-01-13 21:03,3,HOME,WALK IN,68,F
1300,2024-01-13 18:44,2024-01-13 18:47,2024-01-13 19:13,2024-01-13 23:00,2024-01-13 23:00,3,HOME,WALK IN,56,M
1301,2024-01-13 19:17,2024-01-13 19:23,2024-01-13 19:34,2024-01-13 21:36,2024-01-13 21:36,2,HOME,WALK IN,41,M
1302,2024-01-13 19:18,2024-01-13 19:25,2024-01-13 19:49,2024-01-13 21:41,2024-01-13 21:41,2,ADMITTED,AMBULANCE,78,F
1303,2024-01-13 19:22,2024-01-13 19:29,2024-01-13 20:00,2024-01-13 22:58,2024-01-13 22:58,2,ADMITTED,AMBULANCE,84,M
1304,2024-01-13 19:27,2024-01-13 19:40,2024-01-13 20:00,2024-01-13 23:24,2024-01-13 23:24,3,HOME,WALK IN,23,F
1305,2024-01-13 19:30,2024-01-13 19:36,2024-01-13 19:38,2024-01-13 22:12,2024-01-13 22:12,1,HOME,AMBULANCE,55,M
1306,2024-01-13 19:37,2024-01-13 19:43,2024-01-13 22:31,2024-01-14 01:01,2024-01-14 01:01,3,HOME,WALK IN,28,M
1307,2024-01-13 19:43,2024-01-13 19:50,,,2024-01-13 22:31,4,LEFT WITHOUT BEING SEEN,WALK IN,29,F
1308,2024-01-13 19:46,2024-01-13 19:51,2024-01-13 20:03,2024-01-13 22:16,2024-01-13 22:16,1,HOME,WALK IN,28,F
1309,2024-01-13 19:48,2024-01-13 19:55,2024-01-13 23:00,2024-01-14 01:40,2024-01-14 01:40,3,HOME,AMBULANCE,84,F
1310,2024-01-13 20:08,2024-01-13 20:15,2024-01-13 21:37,2024-01-13 23:33,2024-01-13 23:33,2,ADMITTED,AMBULANCE,60,M
1311,2024-01-13 20:13,2024-01-13 20:20,2024-01-13 21:48,2024-01-13 23:30,2024-01-13 23:30,2,ADMITTED,WALK IN,39,F
1312,2024-01-13 20:17,2024-01-13 20:27,,,2024-01-13 22:12,3,LEFT WITHOUT BEING SEEN,WALK IN,74,M
1313,2024-01-13 20:23,2024-01-13 20:29,2024-01-13 21:39,2024-01-14 00:58,2024-01-14 00:58,3,ADMITTED,AMBULANCE,83,F
1314,2024-01-13 20:31,2024-01-13 20:36,2024-01-13 22:16,2024-01-14 00:02,2024-01-14 00:02,2,ADMITTED,WALK IN,55,F
1315,2024-01-13 20:57,2024-01-13 21:04,2024-01-13 21:06,2024-01-14 00:55,2024-01-14 00:55,1,ADMITTED,WALK IN,60,M
1316,2024-01-13 21:14,2024-01-13 21:19,2024-01-13 23:04,2024-01-13 23:56,2024-01-13 23:56,3,HOME,WALK IN,41,F
1317,2024-01-13 21:18,2024-01-13 21:25,2024-01-13 23:08,2024-01-14 03:42,2024-01-14 03:42,3,HOME,WALK IN,68,M
1318,2024-01-13 21:36,2024-01-13 21:41,2024-01-13 23:21,2024-01-14 02:34,2024-01-14 02:34,3,ADMITTED,AMBULANCE,67,M
1319,2024-01-13 21:39,2024-01-13 21:45,2024-01-13 22:19,2024-01-14 01:17,2024-01-14 01:17,2,HOME,WALK IN,77,F
1320,2024-01-13 21:46,2024-01-13 21:51,2024-01-13 23:33,2024-01-14 02:21,2024-01-14 02:21,3,HOME,WALK IN,58,M
1321,2024-01-13 21:47,2024-01-13 21:50,2024-01-13 23:36,2024-01-14 01:48,2024-01-14 01:48,4,HOME,WALK IN,42,M
1322,2024-01-13 22:06,2024-01-13 22:12,2024-01-14 00:02,2024-01-14 02:35,2024-01-14 02:35,4,HOME,AMBULANCE,65,M
1323,2024-01-13 22:15,2024-01-13 22:18,,,2024-01-14 00:11,5,LEFT WITHOUT BEING SEEN,WALK IN,32,F
1324,2024-01-13 22:17,2024-01-13 22:22,,,2024-01-13 23:46,4,LEFT WITHOUT BEING SEEN,AMBULANCE,28,M
1325,2024-01-13 22:26,2024-01-13 22:32,2024-01-14 01:17,2024-01-14 01:50,2024-01-14 01:50,5,HOME,WALK IN,80,F
1326,2024-01-13 22:39,2024-01-13 22:48,2024-01-14 00:08,2024-01-14 03:48,2024-01-14 03:48,4,ADMITTED,WALK IN,48,M
1327,2024-01-14 00:11,2024-01-14 00:13,2024-01-14 01:01,2024-01-14 02:30,2024-01-14 02:30,3,HOME,AMBULANCE,56,M
1328,2024-01-14 02:31,2024-01-14 02:39,2024-01-14 02:39,2024-01-14 07:32,2024-01-14 07:32,3,ADMITTED,WALK IN,30,M
1329,2024-01-14 02:45,2024-01-14 02:49,2024-01-14 02:49,2024-01-14 04:26,2024-01-14 04:26,3,ADMITTED,AMBULANCE,57,F
1330,2024-01-14 03:03,2024-01-14 03:13,2024-01-14 03:13,2024-01-14 04:53,2024-01-14 04:53,3,HOME,WALK IN,36,F
1331,2024-01-14 03:39,2024-01-14 03:44,2024-01-14 03:44,2024-01-14 04:45,2024-01-14 04:45,3,HOME,WALK IN,29,F
1332,2024-01-14 04:25,2024-01-14 04:39,2024-01-14 04:39,2024-01-14 06:09,2024-01-14 06:09,2,HOME,AMBULANCE,76,F
1333,2024-01-14 05:00,2024-01-14 05:06,2024-01-14 05:06,2024-01-14 05:34,2024-01-14 05:34,4,HOME,WALK IN,26,F
1334,2024-01-14 05:25,2024-01-14 05:30,2024-01-14 05:30,2024-01-14 08:02,2024-01-14 08:02,3,HOME,WALK IN,75,F
1335,2024-01-14 05:49,2024-01-14 05:55,2024-01-14 05:55,2024-01-14 08:28,2024-01-14 08:28,3,HOME,WALK IN,80,M
1336,2024-01-14 06:06,2024-01-14 06:13,2024-01-14 06:13,2024-01-14 07:44,2024-01-14 07:44,2,HOME,WALK IN,62,M
1337,2024-01-14 06:23,2024-01-14 06:31,2024-01-14 06:31,2024-01-14 08:07,2024-01-14 08:07,3,HOME,WALK IN,31,M
1338,2024-01-14 06:31,2024-01-14 06:39,2024-01-14 06:46,2024-01-14 11:30,2024-01-14 11:30,2,HOME,WALK IN,38,F
1339,2024-01-14 06:55,2024-01-14 06:59,2024-01-14 07:05,2024-01-14 08:40,2024-01-14 08:40,2,HOME,AMBULANCE,75,M
1340,2024-01-14 07:00,2024-01-14 07:02,2024-01-14 07:32,2024-01-14 08:29,2024-01-14 08:29,4,HOME,WALK IN,70,M
1341,2024-01-14 07:00,2024-01-14 07:12,2024-01-14 07:21,2024-01-14 09:45,2024-01-14 09:45,3,HOME,WALK IN,56,F
1342,2024-01-14 07:33,2024-01-14 07:52,2024-01-14 07:52,2024-01-14 09:06,2024-01-14 09:06,4,HOME,WALK IN,76,F
1343,2024-01-14 07:44,2024-01-14 07:56,2024-01-14 08:00,2024-01-14 09:09,2024-01-14 09:09,4,ADMITTED,AMBULANCE,66,F
1344,2024-01-14 07:54,2024-01-14 07:59,2024-01-14 07:59,2024-01-14 11:25,2024-01-14 11:25,1,ADMITTED,AMBULANCE,67,M
1345,2024-01-14 08:01,2024-01-14 08:18,2024-01-14 08:18,2024-01-14 12:02,2024-01-14 12:02,4,HOME,AMBULANCE,42,F
1346,2024-01-14 08:03,2024-01-14 08:21,2024-01-14 08:21,2024-01-14 09:40,2024-01-14 09:40,5,HOME,WALK IN,41,F
1347,2024-01-14 08:28,2024-01-14 08:34,2024-01-14 08:34,2024-01-14 09:55,2024-01-14 09:55,1,ADMITTED,AMBULANCE,45,F
1348,2024-01-14 08:30,2024-01-14 08:38,2024-01-14 08:40,2024-01-14 09:58,2024-01-14 09:58,3,HOME,WALK IN,29,F
1349,2024-01-14 08:44,2024-01-14 08:50,2024-01-14 09:06,2024-01-14 14:15,2024-01-14 14:15,2,ADMITTED,AMBULANCE,45,F
1350,2024-01-14 09:39,2024-01-14 09:47,2024-01-14 09:47,2024-01-14 12:38,2024-01-14 12:38,3,HOME,AMBULANCE,45,F
1351,2024-01-14 10:06,2024-01-14 10:08,2024-01-14 10:08,2024-01-14 11:22,2024-01-14 11:22,4,HOME,WALK IN,44,F
1352,2024-01-14 10:22,2024-01-14 10:23,2024-01-14 10:23,2024-01-14 14:04,2024-01-14 14:04,3,ADMITTED,WALK IN,82,F
1353,2024-01-14 10:26,2024-01-14 10:35,2024-01-14 10:46,2024-01-14 11:53,2024-01-14 11:53,4,HOME,WALK IN,40,F
1354,2024-01-14 10:28,2024-01-14 10:32,2024-01-14 10:32,2024-01-14 12:19,2024-01-14 12:19,3,HOME,WALK IN,29,F
1355,2024-01-14 11:06,2024-01-14 11:17,2024-01-14 11:55,2024-01-14 13:58,2024-01-14 13:58,3,HOME,WALK IN,48,M
1356,2024-01-14 11:17,2024-01-14 11:21,2024-01-14 11:30,2024-01-14 16:30,2024-01-14 16:30,2,HOME,WALK IN,60,F
1357,2024-01-14 11:21,2024-01-14 11:27,2024-01-14 12:02,2024-01-14 14:26,2024-01-14 14:26,3,HOME,WALK IN,46,F
1358,2024-01-14 11:23,2024-01-14 11:35,2024-01-14 11:53,2024-01-14 16:31,2024-01-14 16:31,2,HOME,WALK IN,61,F
1359,2024-01-14 11:24,2024-01-14 11:35,2024-01-14 12:04,2024-01-14 12:59,2024-01-14 12:59,4,HOME,WALK IN,35,F
1360,2024-01-14 11:31,2024-01-14 11:39,2024-01-14 11:48,2024-01-14 14:19,2024-01-14 14:19,2,HOME,AMBULANCE,47,M
1361,2024-01-14 11:48,2024-01-14 11:51,2024-01-14 13:00,2024-01-14 17:43,2024-01-14 17:43,4,HOME,WALK IN,43,M
1362,2024-01-14 11:52,2024-01-14 11:58,2024-01-14 19:54,2024-01-14 20:55,2024-01-14 20:55,4,HOME,WALK IN,90,F
1363,2024-01-14 11:58,2024-01-14 12:02,,,2024-01-14 15:06,4,LEFT WITHOUT BEING SEEN,WALK IN,66,F
1364,2024-01-14 12:05,2024-01-14 12:09,2024-01-14 12:14,2024-01-14 14:33,2024-01-14 14:33,3,HOME,WALK IN,81,F
1365,2024-01-14 12:15,2024-01-14 12:17,2024-01-14 12:19,2024-01-14 14:31,2024-01-14 14:31,3,ADMITTED,WALK IN,55,F
1366,2024-01-14 12:16,2024-01-14 12:25,2024-01-14 12:38,2024-01-14 14:11,2024-01-14 14:11,3,ADMITTED,WALK IN,65,F
1367,2024-01-14 12:23,2024-01-14 12:30,2024-01-14 12:59,2024-01-14 21:33,2024-01-14 21:33,3,HOME,WALK IN,62,M
1368,2024-01-14 12:39,2024-01-14 12:43,2024-01-14 12:53,2024-01-14 16:32,2024-01-14 16:32,2,ADMITTED,WALK IN,88,M
1369,2024-01-14 12:57,2024-01-14 13:06,,,2024-01-14 14:25,3,LEFT WITHOUT BEING SEEN,WALK IN,48,M
1370,2024-01-14 13:01,2024-01-14 13:11,2024-01-14 13:24,2024-01-14 17:30,2024-01-14 17:30,2,HOME,AMBULANCE,35,M
1371,2024-01-14 13:10,2024-01-14 13:25,,,2024-01-14 14:57,3,LEFT WITHOUT BEING SEEN,WALK IN,24,F
1372,2024-01-14 13:10,2024-01-14 13:16,2024-01-14 15:33,2024-01-14 18:56,2024-01-14 18:56,2,HOME,WALK IN,45,M
1373,2024-01-14 13:13,2024-01-14 13:20,,,2024-01-14 14:30,5,LEFT WITHOUT BEING SEEN,WALK IN,48,M
1374,2024-01-14 13:17,2024-01-14 13:25,,,2024-01-14 15:19,3,LEFT WITHOUT BEING SEEN,WALK IN,25,M
1375,2024-01-14 13:26,2024-01-14 13:32,2024-01-14 13:58,2024-01-14 18:14,2024-01-14 18:14,3,ADMITTED,AMBULANCE,49,M
1376,2024-01-14 13:29,2024-01-14 13:36,2024-01-14 15:18,2024-01-14 18:39,2024-01-14 18:39,2,HOME,WALK IN,67,F
1377,2024-01-14 13:34,2024-01-14 13:37,,,2024-01-14 15:43,3,LEFT WITHOUT BEING SEEN,WALK IN,41,F
1378,2024-01-14 13:49,2024-01-14 13:53,2024-01-14 16:31,2024-01-14 23:21,2024-01-14 23:21,2,HOME,WALK IN,43,M
1379,2024-01-14 13:52,2024-01-14 13:57,,,2024-01-14 16:31,5,LEFT WITHOUT BEING SEEN,WALK IN,27,M
1380,2024-01-14 14:04,2024-01-14 14:05,,,2024-01-14 17:32,4,LEFT WITHOUT BEING SEEN,WALK IN,87,F
1381,2024-01-14 14:08,2024-01-14 14:18,2024-01-14 14:39,2024-01-14 16:56,2024-01-14 16:56,3,HOME,WALK IN,57,F
1382,2024-01-14 14:26,2024-01-14 14:30,,,2024-01-14 17:44,3,LEFT WITHOUT BEING SEEN,WALK IN,74,M
1383,2024-01-14 14:30,2024-01-14 14:33,2024-01-14 18:21,2024-01-14 21:03,2024-01-14 21:03,3,HOME,WALK IN,27,F
1384,2024-01-14 14:38,2024-01-14 14:50,2024-01-14 18:48,2024-01-15 00:27,2024-01-15 00:27,3,HOME,WALK IN,38,F
1385,2024-01-14 14:46,2024-01-14 14:50,2024-01-14 16:32,2024-01-14 18:58,2024-01-14 18:58,2,HOME,WALK IN,39,F
1386,2024-01-14 14:50,2024-01-14 14:51,2024-01-14 16:41,2024-01-14 20:21,2024-01-14 20:21,2,ADMITTED,WALK IN,42,M
1387,2024-01-14 14:53,2024-01-14 14:58,,,2024-01-14 18:01,3,LEFT WITHOUT BEING SEEN,WALK IN,65,F
1388,2024-01-14 14:56,2024-01-14 15:00,,,2024-01-14 17:47,4,LEFT WITHOUT BEING SEEN,WALK IN,54,F
1389,2024-01-14 15:33,2024-01-14 15:40,2024-01-14 17:02,2024-01-14 20:17,2024-01-14 20:17,2,HOME,WALK IN,41,F
1390,2024-01-14 15:35,2024-01-14 15:38,2024-01-14 16:49,2024-01-14 18:43,2024-01-14 18:43,2,ADMITTED,AMBULANCE,36,M
1391,2024-01-14 15:44,2024-01-14 15:49,2024-01-14 19:26,2024-01-14 22:07,2024-01-14 22:07,3,HOME,AMBULANCE,43,F
1392,2024-01-14 15:51,2024-01-14 15:56,,,2024-01-14 18:01,4,LEFT WITHOUT BEING SEEN,WALK IN,46,F
1393,2024-01-14 15:54,2024-01-14 15:56,,,2024-01-14 19:16,3,LEFT WITHOUT BEING SEEN,AMBULANCE,69,F
1394,2024-01-14 15:55,2024-01-14 16:00,,,2024-01-14 18:48,3,LEFT WITHOUT BEING SEEN,WALK IN,56,F
1395,2024-01-14 16:04,2024-01-14 16:14,2024-01-14 17:30,2024-01-14 21:00,2024-01-14 21:00,2,ADMITTED,WALK IN,20,M
1396,2024-01-14 16:08,2024-01-14 16:17,,,2024-01-14 19:45,3,LEFT WITHOUT BEING SEEN,WALK IN,58,M
1397,2024-01-14 16:16,2024-01-14 16:20,,,2024-01-14 17:36,3,LEFT WITHOUT BEING SEEN,WALK IN,35,M
1398,2024-01-14 16:22,2024-01-14 16:27,,,2024-01-14 18:21,3,LEFT WITHOUT BEING SEEN,WALK IN,57,F
1399,2024-01-14 16:24,2024-01-14 16:28,2024-01-14 19:48,2024-01-14 21:27,2024-01-14 21:27,3,HOME,AMBULANCE,30,F
1400,2024-01-14 16:34,2024-01-14 16:41,,,2024-01-14 19:30,4,LEFT WITHOUT BEING SEEN,WALK IN,28,F
1401,2024-01-14 16:49,2024-01-14 16:52,,,2024-01-14 19:34,3,LEFT WITHOUT BEING SEEN,AMBULANCE,33,M
1402,2024-01-14 17:14,2024-01-14 17:18,2024-01-14 20:03,2024-01-14 22:31,2024-01-14 22:31,4,HOME,AMBULANCE,31,F
1403,2024-01-14 17:24,2024-01-14 17:29,2024-01-14 18:56,2024-01-14 22:07,2024-01-14 22:07,3,HOME,WALK IN,29,F
1404,2024-01-14 17:27,2024-01-14 17:32,2024-01-14 19:44,2024-01-14 21:10,2024-01-14 21:10,3,HOME,WALK IN,41,M
1405,2024-01-14 17:29,2024-01-14 17:38,2024-01-14 17:43,2024-01-14 20:01,2024-01-14 20:01,2,HOME,WALK IN,66,F
1406,2024-01-14 17:33,2024-01-14 17:37,2024-01-14 18:03,2024-01-14 19:02,2024-01-14 19:02,2,ADMITTED,AMBULANCE,53,F
1407,2024-01-14 17:52,2024-01-14 17:57,2024-01-14 18:14,2024-01-14 20:03,2024-01-14 20:03,2,ADMITTED,AMBULANCE,69,F
1408,2024-01-14 18:13,2024-01-14 18:20,2024-01-14 19:48,2024-01-14 21:46,2024-01-14 21:46,3,HOME,WALK IN,60,F
1409,2024-01-14 18:14,2024-01-14 18:21,,,2024-01-14 23:32,4,LEFT WITHOUT BEING SEEN,WALK IN,34,M
1410,2024-01-14 18:22,2024-01-14 18:25,2024-01-14 19:54,2024-01-14 23:12,2024-01-14 23:12,3,ADMITTED,WALK IN,28,F
1411,2024-01-14 18:27,2024-01-14 18:29,2024-01-14 18:43,2024-01-14 22:26,2024-01-14 22:26,2,HOME,WALK IN,26,F
1412,2024-01-14 18:45,2024-01-14 18:50,2024-01-14 19:02,2024-01-15 00:24,2024-01-15 00:24,2,ADMITTED,WALK IN,92,F
1413,2024-01-14 19:15,2024-01-14 19:22,,,2024-01-14 21:27,5,LEFT WITHOUT BEING SEEN,WALK IN,67,M
1414,2024-01-14 19:49,2024-01-14 19:56,2024-01-14 20:01,2024-01-15 00:31,2024-01-15 00:31,2,ADMITTED,WALK IN,43,F
1415,2024-01-14 19:52,2024-01-14 20:09,2024-01-14 21:33,2024-01-15 00:31,2024-01-15 00:31,3,ADMITTED,AMBULANCE,86,F
1416,2024-01-14 20:09,2024-01-14 20:18,2024-01-14 21:33,2024-01-15 00:32,2024-01-15 00:32,3,ADMITTED,AMBULANCE,20,M
1417,2024-01-14 20:16,2024-01-14 20:20,2024-01-14 20:21,2024-01-14 22:43,2024-01-14 22:43,2,ADMITTED,AMBULANCE,57,M
1418,2024-01-14 20:25,2024-01-14 20:27,2024-01-14 21:10,2024-01-14 22:41,2024-01-14 22:41,2,ADMITTED,AMBULANCE,43,M
1419,2024-01-14 20:45,2024-01-14 20:49,2024-01-14 21:10,2024-01-14 23:06,2024-01-14 23:06,2,HOME,WALK IN,61,F
1420,2024-01-14 20:46,2024-01-14 20:50,2024-01-14 21:36,2024-01-14 23:18,2024-01-14 23:18,3,HOME,WALK IN,61,F
1421,2024-01-14 20:46,2024-01-14 20:53,2024-01-14 21:46,2024-01-15 01:48,2024-01-15 01:48,3,ADMITTED,WALK IN,83,F
1422,2024-01-14 20:57,2024-01-14 21:05,2024-01-14 22:07,2024-01-15 00:21,2024-01-15 00:21,3,ADMITTED,WALK IN,25,M
1423,2024-01-14 20:58,2024-01-14 21:04,2024-01-14 21:48,2024-01-15 04:28,2024-01-15 04:28,3,HOME,WALK IN,68,M
1424,2024-01-14 21:02,2024-01-14 21:08,,,2024-01-14 23:22,5,LEFT WITHOUT BEING SEEN,WALK IN,52,F
1425,2024-01-14 21:16,2024-01-14 21:21,2024-01-14 21:27,2024-01-15 00:10,2024-01-15 00:10,2,HOME,AMBULANCE,58,F
1426,2024-01-14 21:34,2024-01-14 21:37,2024-01-14 22:07,2024-01-15 01:40,2024-01-15 01:40,3,HOME,WALK IN,46,F
1427,2024-01-14 21:37,2024-01-14 21:43,2024-01-14 22:41,2024-01-15 01:32,2024-01-15 01:32,3,HOME,WALK IN,27,F
1428,2024-01-14 22:15,2024-01-14 22:19,2024-01-14 22:26,2024-01-15 01:43,2024-01-15 01:43,1,HOME,WALK IN,37,M
1429,2024-01-14 22:16,2024-01-14 22:26,2024-01-14 22:43,2024-01-15 01:48,2024-01-15 01:48,3,HOME,AMBULANCE,41,M
1430,2024-01-14 22:22,2024-01-14 22:31,2024-01-14 22:31,2024-01-15 02:25,2024-01-15 02:25,1,ADMITTED,AMBULANCE,53,M
1431,2024-01-14 22:28,2024-01-14 22:35,,,2024-01-14 23:33,4,LEFT WITHOUT BEING SEEN,WALK IN,24,F
1432,2024-01-14 22:47,2024-01-14 22:52,2024-01-15 00:32,2024-01-15 03:00,2024-01-15 03:00,3,ADMITTED,AMBULANCE,34,M
1433,2024-01-14 22:53,2024-01-14 23:05,2024-01-14 23:21,2024-01-15 02:59,2024-01-15 02:59,2,HOME,WALK IN,29,M
1434,2024-01-14 22:55,2024-01-14 23:10,,,2024-01-14 23:39,5,LEFT WITHOUT BEING SEEN,WALK IN,41,F
1435,2024-01-14 23:30,2024-01-14 23:37,2024-01-15 01:48,2024-01-15 02:55,2024-01-15 02:55,3,HOME,WALK IN,63,M
1436,2024-01-14 23:39,2024-01-14 23:43,2024-01-14 23:43,2024-01-15 01:44,2024-01-15 01:44,1,ADMITTED,AMBULANCE,60,F
1437,2024-01-15 00:41,2024-01-15 00:46,2024-01-15 01:48,2024-01-15 05:12,2024-01-15 05:12,3,ADMITTED,WALK IN,70,F
1438,2024-01-15 00:49,2024-01-15 01:01,2024-01-15 01:50,2024-01-15 04:41,2024-01-15 04:41,3,HOME,WALK IN,52,M
1439,2024-01-15 01:48,2024-01-15 01:54,2024-01-15 02:11,2024-01-15 03:49,2024-01-15 03:49,3,HOME,WALK IN,58,M
1440,2024-01-15 04:06,2024-01-15 04:15,2024-01-15 04:15,2024-01-15 07:06,2024-01-15 07:06,3,ADMITTED,WALK IN,37,F
1441,2024-01-15 04:42,2024-01-15 04:55,2024-01-15 04:55,2024-01-15 06:34,2024-01-15 06:34,3,HOME,WALK IN,59,M
1442,2024-01-15 04:49,2024-01-15 04:58,2024-01-15 04:58,2024-01-15 05:40,2024-01-15 05:40,4,HOME,WALK IN,61,F
1443,2024-01-15 05:20,2024-01-15 05:27,2024-01-15 05:27,2024-01-15 12:50,2024-01-15 12:50,2,ADMITTED,WALK IN,87,M
1444,2024-01-15 05:49,2024-01-15 05:52,2024-01-15 05:52,2024-01-15 06:26,2024-01-15 06:26,5,HOME,WALK IN,64,F
1445,2024-01-15 06:08,2024-01-15 06:13,2024-01-15 06:13,2024-01-15 12:18,2024-01-15 12:18,2,ADMITTED,WALK IN,37,M
1446,2024-01-15 06:34,2024-01-15 06:38,2024-01-15 06:38,2024-01-15 10:33,2024-01-15 10:33,2,HOME,AMBULANCE,42,F
1447,2024-01-15 06:47,2024-01-15 06:52,2024-01-15 07:06,2024-01-15 09:48,2024-01-15 09:48,3,HOME,AMBULANCE,65,F
1448,2024-01-15 07:03,2024-01-15 07:08,2024-01-15 08:00,2024-01-15 09:24,2024-01-15 09:24,3,HOME,WALK IN,59,M
1449,2024-01-15 07:08,2024-01-15 07:12,2024-01-15 08:00,2024-01-15 08:15,2024-01-15 08:15,4,HOME,WALK IN,45,M
1450,2024-01-15 07:23,2024-01-15 07:32,2024-01-15 08:00,2024-01-15 10:22,2024-01-15 10:22,3,HOME,WALK IN,34,M
1451,2024-01-15 07:30,2024-01-15 07:46,2024-01-15 08:04,2024-01-15 09:09,2024-01-15 09:09,4,HOME,WALK IN,53,M
1452,2024-01-15 08:02,2024-01-15 08:13,2024-01-15 08:15,2024-01-15 10:20,2024-01-15 10:20,3,ADMITTED,WALK IN,31,F
1453,2024-01-15 08:17,2024-01-15 08:23,2024-01-15 08:23,2024-01-15 12:06,2024-01-15 12:06,2,ADMITTED,AMBULANCE,85,M
1454,2024-01-15 08:21,2024-01-15 08:34,2024-01-15 08:38,2024-01-15 09:16,2024-01-15 09:16,5,HOME,WALK IN,60,F
1455,2024-01-15 08:22,2024-01-15 08:41,2024-01-15 08:52,2024-01-15 12:25,2024-01-15 12:25,3,HOME,WALK IN,45,M
1456,2024-01-15 08:32,2024-01-15 08:48,2024-01-15 09:20,2024-01-15 10:15,2024-01-15 10:15,4,HOME,WALK IN,33,F
1457,2024-01-15 08:48,2024-01-15 08:56,2024-01-15 09:01,2024-01-15 13:59,2024-01-15 13:59,2,ADMITTED,WALK IN,84,M
1458,2024-01-15 08:48,2024-01-15 09:00,2024-01-15 09:03,2024-01-15 12:03,2024-01-15 12:03,3,HOME,WALK IN,30,F
1459,2024-01-15 09:09,2024-01-15 09:16,2024-01-15 09:20,2024-01-15 10:28,2024-01-15 10:28,3,ADMITTED,AMBULANCE,27,M
1460,2024-01-15 09:24,2024-01-15 09:30,2024-01-15 09:30,2024-01-15 10:39,2024-01-15 10:39,4,HOME,WALK IN,63,M
1461,2024-01-15 09:44,2024-01-15 09:48,2024-01-15 09:48,2024-01-15 10:49,2024-01-15 10:49,3,HOME,WALK IN,30,F
1462,2024-01-15 09:46,2024-01-15 09:56,2024-01-15 09:56,2024-01-15 13:00,2024-01-15 13:00,3,HOME,WALK IN,30,F
1463,2024-01-15 09:51,2024-01-15 10:06,2024-01-15 12:33,2024-01-15 14:50,2024-01-15 14:50,4,HOME,WALK IN,34,M
1464,2024-01-15 09:55,2024-01-15 10:05,2024-01-15 11:17,2024-01-15 12:09,2024-01-15 12:09,3,HOME,AMBULANCE,45,M
1465,2024-01-15 09:56,2024-01-15 10:14,,,2024-01-15 13:17,4,LEFT WITHOUT BEING SEEN,WALK IN,43,F
1466,2024-01-15 10:09,2024-01-15 10:18,2024-01-15 11:25,2024-01-15 16:00,2024-01-15 16:00,3,HOME,WALK IN,38,M
1467,2024-01-15 10:18,2024-01-15 10:23,2024-01-15 10:35,2024-01-15 19:13,2024-01-15 19:13,2,HOME,WALK IN,45,M
1468,2024-01-15 10:24,2024-01-15 10:28,2024-01-15 14:42,2024-01-15 15:59,2024-01-15 15:59,4,HOME,WALK IN,36,M
1469,2024-01-15 10:28,2024-01-15 10:32,2024-01-15 11:26,2024-01-15 13:55,2024-01-15 13:55,3,HOME,WALK IN,50,F
1470,2024-01-15 10:37,2024-01-15 10:44,2024-01-15 10:49,2024-01-15 12:53,2024-01-15 12:53,2,ADMITTED,WALK IN,34,M
1471,2024-01-15 10:41,2024-01-15 10:44,2024-01-15 10:44,2024-01-15 14:05,2024-01-15 14:05,1,ADMITTED,AMBULANCE,67,M
1472,2024-01-15 10:55,2024-01-15 10:57,,,2024-01-15 13:59,4,LEFT WITHOUT BEING SEEN,WALK IN,27,F
1473,2024-01-15 11:09,2024-01-15 11:15,2024-01-15 12:09,2024-01-15 13:01,2024-01-15 13:01,3,HOME,WALK IN,44,F
1474,2024-01-15 11:20,2024-01-15 11:23,2024-01-15 12:13,2024-01-15 13:59,2024-01-15 13:59,3,HOME,WALK IN,31,F
1475,2024-01-15 11:20,2024-01-15 11:29,,,2024-01-15 13:27,5,LEFT WITHOUT BEING SEEN,WALK IN,48,M
1476,2024-01-15 11:31,2024-01-15 11:43,2024-01-15 12:26,2024-01-15 14:53,2024-01-15 14:53,3,HOME,WALK IN,43,M
1477,2024-01-15 11:32,2024-01-15 11:37,,,2024-01-15 14:08,4,LEFT WITHOUT BEING SEEN,WALK IN,44,M
1478,2024-01-15 11:38,2024-01-15 11:43,,,2024-01-15 15:19,5,LEFT WITHOUT BEING SEEN,WALK IN,62,F
1479,2024-01-15 11:47,2024-01-15 11:50,2024-01-15 12:03,2024-01-15 14:02,2024-01-15 14:02,1,ADMITTED,AMBULANCE,68,M
1480,2024-01-15 12:15,2024-01-15 12:17,2024-01-15 12:26,2024-01-15 14:57,2024-01-15 14:57,3,ADMITTED,WALK IN,28,F
1481,2024-01-15 12:18,2024-01-15 12:21,2024-01-15 12:25,2024-01-15 13:38,2024-01-15 13:38,2,HOME,AMBULANCE,49,M
1482,2024-01-15 12:21,2024-01-15 12:28,2024-01-15 13:01,2024-01-15 14:32,2024-01-15 14:32,3,HOME,WALK IN,64,F
1483,2024-01-15 12:40,2024-01-15 12:45,2024-01-15 13:00,2024-01-15 16:49,2024-01-15 16:49,2,HOME,WALK IN,48,F
1484,2024-01-15 12:52,2024-01-15 12:58,2024-01-15 14:05,2024-01-15 16:03,2024-01-15 16:03,3,HOME,WALK IN,43,M
1485,2024-01-15 12:55,2024-01-15 13:00,2024-01-15 14:25,2024-01-15 17:24,2024-01-15 17:24,3,HOME,AMBULANCE,74,F
1486,2024-01-15 13:06,2024-01-15 13:11,2024-01-15 13:33,2024-01-15 16:46,2024-01-15 16:46,2,HOME,WALK IN,35,M
1487,2024-01-15 13:08,2024-01-15 13:18,2024-01-15 15:03,2024-01-15 21:03,2024-01-15 21:03,4,HOME,WALK IN,48,F
1488,2024-01-15 13:10,2024-01-15 13:16,2024-01-15 14:27,2024-01-15 16:05,2024-01-15 16:05,3,HOME,AMBULANCE,71,M
1489,2024-01-15 13:12,2024-01-15 13:20,2024-01-15 13:38,2024-01-15 17:15,2024-01-15 17:15,2,HOME,WALK IN,70,F
1490,2024-01-15 13:13,2024-01-15 13:24,2024-01-15 14:02,2024-01-15 17:19,2024-01-15 17:19,2,ADMITTED,AMBULANCE,51,M
1491,2024-01-15 13:22,2024-01-15 13:24,2024-01-15 14:03,2024-01-15 16:39,2024-01-15 16:39,2,HOME,WALK IN,54,F
1492,2024-01-15 13:49,2024-01-15 13:57,,,2024-01-15 17:28,4,LEFT WITHOUT BEING SEEN,WALK IN,58,F
1493,2024-01-15 14:06,2024-01-15 14:09,2024-01-15 14:50,2024-01-15 16:43,2024-01-15 16:43,3,HOME,WALK IN,44,M
1494,2024-01-15 14:12,2024-01-15 14:16,,,2024-01-15 16:41,4,LEFT WITHOUT BEING SEEN,WALK IN,31,F
1495,2024-01-15 14:19,2024-01-15 14:25,,,2024-01-15 18:12,4,LEFT WITHOUT BEING SEEN,WALK IN,22,F
1496,2024-01-15 14:21,2024-01-15 14:24,2024-01-15 14:53,2024-01-15 19:05,2024-01-15 19:05,3,HOME,AMBULANCE,79,F
1497,2024-01-15 14:21,2024-01-15 14:28,2024-01-15 14:32,2024-01-15 19:45,2024-01-15 19:45,2,ADMITTED,AMBULANCE,43,M
1498,2024-01-15 14:38,2024-01-15 14:49,,,2024-01-15 19:47,4,LEFT WITHOUT BEING SEEN,WALK IN,61,F
1499,2024-01-15 14:44,2024-01-15 14:47,,,2024-01-15 19:42,5,LEFT WITHOUT BEING SEEN,WALK IN,44,M
1500,2024-01-15 14:47,2024-01-15 14:57,2024-01-15 14:57,2024-01-15 18:27,2024-01-15 18:27,2,HOME,AMBULANCE,53,M
1501,2024-01-15 14:47,2024-01-15 14:53,2024-01-15 16:05,2024-01-15 21:35,2024-01-15 21:35,3,HOME,WALK IN,69,M
1502,2024-01-15 14:58,2024-01-15 14:59,2024-01-15 15:47,2024-01-15 16:45,2024-01-15 16:45,2,HOME,AMBULANCE,73,M
1503,2024-01-15 15:02,2024-01-15 15:10,2024-01-15 16:18,2024-01-15 18:36,2024-01-15 18:36,3,HOME,AMBULANCE,33,F
1504,2024-01-15 15:10,2024-01-15 15:15,,,2024-01-15 18:04,4,LEFT WITHOUT BEING SEEN,WALK IN,63,F
1505,2024-01-15 15:17,2024-01-15 15:24,2024-01-15 16:46,2024-01-15 20:12,2024-01-15 20:12,3,ADMITTED,WALK IN,79,F
1506,2024-01-15 15:17,2024-01-15 15:23,2024-01-15 16:03,2024-01-15 18:36,2024-01-15 18:36,2,HOME,WALK IN,71,M
1507,2024-01-15 15:24,2024-01-15 15:27,2024-01-15 16:49,2024-01-15 21:26,2024-01-15 21:26,3,HOME,WALK IN,46,F
1508,2024-01-15 15:27,2024-01-15 15:38,2024-01-15 16:52,2024-01-15 18:22,2024-01-15 18:22,3,HOME,WALK IN,38,F
1509,2024-01-15 16:04,2024-01-15 16:10,2024-01-15 16:46,2024-01-15 21:00,2024-01-15 21:00,2,HOME,WALK IN,42,F
1510,2024-01-15 16:37,2024-01-15 16:42,2024-01-15 17:21,2024-01-15 18:32,2024-01-15 18:32,3,HOME,AMBULANCE,40,M
1511,2024-01-15 16:49,2024-01-15 16:54,,,2024-01-15 18:57,4,LEFT WITHOUT BEING SEEN,WALK IN,46,M
1512,2024-01-15 17:11,2024-01-15 17:18,2024-01-15 17:19,2024-01-15 18:31,2024-01-15 18:31,2,HOME,WALK IN,26,F
1513,2024-01-15 17:12,2024-01-15 17:15,2024-01-15 17:24,2024-01-15 21:33,2024-01-15 21:33,3,ADMITTED,WALK IN,80,M
1514,2024-01-15 17:12,2024-01-15 17:21,2024-01-15 17:26,2024-01-15 20:13,2024-01-15 20:13,3,ADMITTED,AMBULANCE,51,M
1515,2024-01-15 17:14,2024-01-15 17:22,2024-01-15 19:13,2024-01-15 20:56,2024-01-15 20:56,3,HOME,AMBULANCE,48,M
1516,2024-01-15 17:15,2024-01-15 17:27,2024-01-15 17:32,2024-01-15 21:29,2024-01-15 21:29,2,ADMITTED,WALK IN,69,F
1517,2024-01-15 17:30,2024-01-15 17:32,2024-01-15 18:36,2024-01-15 20:36,2024-01-15 20:36,3,HOME,AMBULANCE,51,M
1518,2024-01-15 17:33,2024-01-15 17:36,2024-01-15 19:17,2024-01-15 21:47,2024-01-15 21:47,3,HOME,WALK IN,54,F
1519,2024-01-15 17:38,2024-01-15 17:49,2024-01-15 18:12,2024-01-15 20:11,2024-01-15 20:11,1,ADMITTED,AMBULANCE,26,M
1520,2024-01-15 17:42,2024-01-15 17:50,,,2024-01-15 19:43,4,LEFT WITHOUT BEING SEEN,WALK IN,44,F
1521,2024-01-15 17:43,2024-01-15 17:56,2024-01-15 18:40,2024-01-15 21:10,2024-01-15 21:10,2,HOME,AMBULANCE,24,F
1522,2024-01-15 17:45,2024-01-15 17:54,2024-01-15 19:21,2024-01-15 21:05,2024-01-15 21:05,3,HOME,WALK IN,69,M
1523,2024-01-15 17:55,2024-01-15 18:11,2024-01-15 19:25,2024-01-15 21:32,2024-01-15 21:32,3,HOME,WALK IN,43,M
1524,2024-01-15 17:56,2024-01-15 18:00,2024-01-15 22:07,2024-01-15 23:47,2024-01-15 23:47,4,HOME,WALK IN,47,F
1525,2024-01-15 17:57,2024-01-15 18:03,2024-01-15 18:57,2024-01-15 20:01,2024-01-15 20:01,2,ADMITTED,WALK IN,69,F
1526,2024-01-15 18:12,2024-01-15 18:19,2024-01-15 22:12,2024-01-15 22:50,2024-01-15 22:50,4,HOME,WALK IN,69,M
1527,2024-01-15 18:16,2024-01-15 18:22,2024-01-15 18:22,2024-01-15 20:51,2024-01-15 20:51,1,ADMITTED,AMBULANCE,59,M
1528,2024-01-15 18:45,2024-01-15 18:49,,,2024-01-15 22:14,5,LEFT WITHOUT BEING SEEN,WALK IN,35,M
1529,2024-01-15 18:47,2024-01-15 18:49,2024-01-15 20:01,2024-01-15 23:43,2024-01-15 23:43,3,HOME,WALK IN,33,F
1530,2024-01-15 18:50,2024-01-15 18:55,2024-01-15 20:12,2024-01-15 22:53,2024-01-15 22:53,3,HOME,AMBULANCE,50,F
1531,2024-01-15 18:54,2024-01-15 19:01,,,2024-01-15 21:52,4,LEFT WITHOUT BEING SEEN,WALK IN,36,F
1532,2024-01-15 18:56,2024-01-15 19:02,2024-01-15 20:13,2024-01-15 23:04,2024-01-15 23:04,3,HOME,WALK IN,34,F
1533,2024-01-15 19:11,2024-01-15 19:18,2024-01-15 22:27,2024-01-15 23:41,2024-01-15 23:41,4,HOME,WALK IN,35,F
1534,2024-01-15 19:23,2024-01-15 19:29,2024-01-15 19:45,2024-01-15 21:34,2024-01-15 21:34,2,ADMITTED,AMBULANCE,59,F
1535,2024-01-15 19:26,2024-01-15 19:35,2024-01-15 20:13,2024-01-15 22:38,2024-01-15 22:38,3,HOME,WALK IN,54,M
1536,2024-01-15 19:49,2024-01-15 19:53,2024-01-15 22:57,2024-01-16 00:26,2024-01-16 00:26,4,HOME,WALK IN,46,M
1537,2024-01-15 20:21,2024-01-15 20:25,2024-01-15 20:36,2024-01-15 22:57,2024-01-15 22:57,3,HOME,WALK IN,60,F
1538,2024-01-15 20:28,2024-01-15 20:36,2024-01-15 21:10,2024-01-15 22:27,2024-01-15 22:27,3,HOME,WALK IN,69,M
1539,2024-01-15 20:40,2024-01-15 20:47,2024-01-15 21:33,2024-01-15 23:49,2024-01-15 23:49,3,ADMITTED,AMBULANCE,24,M
1540,2024-01-15 20:41,2024-01-15 20:47,2024-01-15 22:59,2024-01-16 00:46,2024-01-16 00:46,4,HOME,WALK IN,31,F
1541,2024-01-15 20:55,2024-01-15 20:59,2024-01-15 21:03,2024-01-15 23:40,2024-01-15 23:40,2,HOME,AMBULANCE,56,M
1542,2024-01-15 20:56,2024-01-15 21:03,2024-01-15 21:34,2024-01-15 22:27,2024-01-15 22:27,3,HOME,AMBULANCE,56,F
1543,2024-01-15 20:59,2024-01-15 21:07,2024-01-15 21:47,2024-01-15 23:45,2024-01-15 23:45,3,HOME,WALK IN,55,M
1544,2024-01-15 21:01,2024-01-15 21:08,2024-01-15 23:01,2024-01-16 02:26,2024-01-16 02:26,4,HOME,AMBULANCE,34,M
1545,2024-01-15 21:05,2024-01-15 21:11,2024-01-15 23:04,2024-01-16 00:36,2024-01-16 00:36,4,HOME,WALK IN,24,M
1546,2024-01-15 21:18,2024-01-15 21:23,2024-01-15 21:56,2024-01-15 22:43,2024-01-15 22:43,3,HOME,WALK IN,55,M
1547,2024-01-15 21:40,2024-01-15 21:43,2024-01-15 21:59,2024-01-15 23:56,2024-01-15 23:56,3,HOME,WALK IN,65,F
1548,2024-01-15 21:45,2024-01-15 21:50,,,2024-01-15 23:16,5,LEFT WITHOUT BEING SEEN,WALK IN,61,F
1549,2024-01-15 21:46,2024-01-15 21:51,,,2024-01-15 23:26,4,LEFT WITHOUT BEING SEEN,WALK IN,21,F
1550,2024-01-15 21:48,2024-01-15 21:54,,,2024-01-15 22:49,4,LEFT WITHOUT BEING SEEN,WALK IN,34,F
1551,2024-01-15 21:56,2024-01-15 22:05,2024-01-15 22:27,2024-01-16 00:04,2024-01-16 00:04,3,HOME,WALK IN,30,F
1552,2024-01-15 22:04,2024-01-15 22:09,2024-01-15 22:27,2024-01-16 00:30,2024-01-16 00:30,3,HOME,AMBULANCE,51,F
1553,2024-01-15 22:55,2024-01-15 23:00,,,2024-01-15 23:45,4,LEFT WITHOUT BEING SEEN,WALK IN,51,M
1554,2024-01-15 22:58,2024-01-15 23:05,2024-01-15 23:06,2024-01-16 02:17,2024-01-16 02:17,3,HOME,AMBULANCE,36,F
1555,2024-01-15 23:19,2024-01-15 23:24,2024-01-16 00:46,2024-01-16 04:34,2024-01-16 04:34,3,ADMITTED,WALK IN,30,M
1556,2024-01-15 23:21,2024-01-15 23:32,,,2024-01-16 00:36,4,LEFT WITHOUT BEING SEEN,WALK IN,24,M
1557,2024-01-15 23:32,2024-01-15 23:40,2024-01-16 01:03,2024-01-16 04:58,2024-01-16 04:58,3,HOME,WALK IN,72,F
1558,2024-01-16 00:16,2024-01-16 00:21,2024-01-16 00:32,2024-01-16 03:26,2024-01-16 03:26,2,ADMITTED,AMBULANCE,69,F
1559,2024-01-16 00:43,2024-01-16 00:46,2024-01-16 01:01,2024-01-16 02:47,2024-01-16 02:47,2,ADMITTED,WALK IN,26,M
1560,2024-01-16 01:49,2024-01-16 01:55,2024-01-16 02:15,2024-01-16 03:52,2024-01-16 03:52,3,ADMITTED,AMBULANCE,46,F
1561,2024-01-16 02:08,2024-01-16 02:19,2024-01-16 02:19,2024-01-16 08:02,2024-01-16 08:02,3,HOME,WALK IN,39,M
1562,2024-01-16 02:35,2024-01-16 02:40,2024-01-16 02:40,2024-01-16 04:13,2024-01-16 04:13,3,ADMITTED,AMBULANCE,55,M
1563,2024-01-16 05:18,2024-01-16 05:22,2024-01-16 05:22,2024-01-16 07:29,2024-01-16 07:29,3,HOME,WALK IN,50,F
1564,2024-01-16 05:34,2024-01-16 05:40,2024-01-16 05:40,2024-01-16 10:26,2024-01-16 10:26,2,ADMITTED,WALK IN,47,F
1565,2024-01-16 05:35,2024-01-16 05:47,2024-01-16 06:18,2024-01-16 07:43,2024-01-16 07:43,3,HOME,WALK IN,42,M
1566,2024-01-16 06:03,2024-01-16 06:07,2024-01-16 06:19,2024-01-16 07:26,2024-01-16 07:26,4,HOME,WALK IN,57,F
1567,2024-01-16 06:07,2024-01-16 06:13,2024-01-16 06:23,2024-01-16 07:20,2024-01-16 07:20,5,HOME,WALK IN,66,M
1568,2024-01-16 06:41,2024-01-16 06:51,2024-01-16 06:51,2024-01-16 08:30,2024-01-16 08:30,1,ADMITTED,WALK IN,74,F
1569,2024-01-16 06:47,2024-01-16 06:59,2024-01-16 07:22,2024-01-16 08:52,2024-01-16 08:52,2,HOME,WALK IN,45,M
1570,2024-01-16 06:50,2024-01-16 07:02,2024-01-16 07:24,2024-01-16 09:18,2024-01-16 09:18,2,HOME,WALK IN,82,M
1571,2024-01-16 07:14,2024-01-16 07:21,2024-01-16 07:27,2024-01-16 10:40,2024-01-16 10:40,2,ADMITTED,WALK IN,29,M
1572,2024-01-16 07:17,2024-01-16 07:26,2024-01-16 07:29,2024-01-16 12:45,2024-01-16 12:45,2,HOME,WALK IN,39,F
1573,2024-01-16 07:23,2024-01-16 07:38,2024-01-16 07:38,2024-01-16 08:32,2024-01-16 08:32,4,HOME,WALK IN,34,M
1574,2024-01-16 07:34,2024-01-16 07:41,2024-01-16 07:43,2024-01-16 09:46,2024-01-16 09:46,4,HOME,WALK IN,86,F
1575,2024-01-16 08:01,2024-01-16 08:06,2024-01-16 08:06,2024-01-16 09:58,2024-01-16 09:58,3,HOME,WALK IN,25,F
1576,2024-01-16 08:08,2024-01-16 08:11,2024-01-16 08:11,2024-01-16 10:10,2024-01-16 10:10,3,HOME,WALK IN,39,F
1577,2024-01-16 08:10,2024-01-16 08:17,2024-01-16 08:17,2024-01-16 08:57,2024-01-16 08:57,4,HOME,WALK IN,25,M
1578,2024-01-16 08:17,2024-01-16 08:25,2024-01-16 08:27,2024-01-16 11:38,2024-01-16 11:38,2,HOME,WALK IN,60,F
1579,2024-01-16 08:38,2024-01-16 08:45,2024-01-16 08:45,2024-01-16 11:36,2024-01-16 11:36,3,HOME,AMBULANCE,42,M
1580,2024-01-16 08:39,2024-01-16 08:54,2024-01-16 08:54,2024-01-16 09:26,2024-01-16 09:26,4,HOME,WALK IN,66,M
1581,2024-01-16 08:43,2024-01-16 09:03,2024-01-16 09:03,2024-01-16 09:38,2024-01-16 09:38,4,HOME,WALK IN,53,M
1582,2024-01-16 08:53,2024-01-16 09:06,2024-01-16 09:09,2024-01-16 11:41,2024-01-16 11:41,3,HOME,WALK IN,80,F
1583,2024-01-16 09:20,2024-01-16 09:31,2024-01-16 09:31,2024-01-16 11:25,2024-01-16 11:25,3,HOME,WALK IN,47,F
1584,2024-01-16 09:27,2024-01-16 09:38,2024-01-16 09:38,2024-01-16 10:18,2024-01-16 10:18,3,HOME,WALK IN,46,M
1585,2024-01-16 09:39,2024-01-16 09:43,2024-01-16 09:43,2024-01-16 16:38,2024-01-16 16:38,3,HOME,WALK IN,53,M
1586,2024-01-16 10:11,2024-01-16 10:17,2024-01-16 10:17,2024-01-16 11:31,2024-01-16 11:31,4,HOME,WALK IN,31,M
1587,2024-01-16 10:23,2024-01-16 10:29,2024-01-16 10:29,2024-01-16 12:50,2024-01-16 12:50,4,HOME,AMBULANCE,49,M
1588,2024-01-16 10:35,2024-01-16 10:41,2024-01-16 10:41,2024-01-16 13:26,2024-01-16 13:26,2,HOME,WALK IN,29,M
1589,2024-01-16 10:53,2024-01-16 10:57,2024-01-16 11:42,2024-01-16 13:19,2024-01-16 13:19,3,HOME,WALK IN,27,M
1590,2024-01-16 10:56,2024-01-16 11:02,,,2024-01-16 12:08,5,LEFT WITHOUT BEING SEEN,WALK IN,48,F
1591,2024-01-16 11:01,2024-01-16 11:16,2024-01-16 13:35,2024-01-16 14:59,2024-01-16 14:59,4,HOME,WALK IN,52,F
1592,2024-01-16 11:09,2024-01-16 11:12,2024-01-16 11:41,2024-01-16 13:28,2024-01-16 13:28,2,HOME,AMBULANCE,51,M
1593,2024-01-16 11:15,2024-01-16 11:21,2024-01-16 11:47,2024-01-16 12:52,2024-01-16 12:52,3,ADMITTED,AMBULANCE,66,F
1594,2024-01-16 11:17,2024-01-16 11:26,2024-01-16 11:26,2024-01-16 13:23,2024-01-16 13:23,1,HOME,AMBULANCE,31,M
1595,2024-01-16 11:20,2024-01-16 11:26,2024-01-16 11:54,2024-01-16 15:11,2024-01-16 15:11,3,ADMITTED,WALK IN,71,M
1596,2024-01-16 11:20,2024-01-16 11:36,2024-01-16 12:00,2024-01-16 15:12,2024-01-16 15:12,3,ADMITTED,WALK IN,57,M
1597,2024-01-16 11:30,2024-01-16 11:33,2024-01-16 11:57,2024-01-16 13:41,2024-01-16 13:41,3,HOME,WALK IN,47,M
1598,2024-01-16 11:37,2024-01-16 11:43,2024-01-16 12:02,2024-01-16 13:31,2024-01-16 13:31,3,HOME,WALK IN,41,F
1599,2024-01-16 11:50,2024-01-16 11:54,2024-01-16 13:29,2024-01-16 15:09,2024-01-16 15:09,3,ADMITTED,WALK IN,57,F
1600,2024-01-16 11:59,2024-01-16 12:08,2024-01-16 12:52,2024-01-16 15:14,2024-01-16 15:14,2,HOME,WALK IN,53,M
1601,2024-01-16 12:04,2024-01-16 12:14,2024-01-16 13:34,2024-01-16 15:35,2024-01-16 15:35,3,HOME,WALK IN,36,M
1602,2024-01-16 12:08,2024-01-16 12:14,2024-01-16 13:29,2024-01-16 15:04,2024-01-16 15:04,3,HOME,WALK IN,63,M
1603,2024-01-16 12:09,2024-01-16 12:18,,,2024-01-16 13:22,4,LEFT WITHOUT BEING SEEN,WALK IN,84,F
1604,2024-01-16 12:32,2024-01-16 12:38,2024-01-16 12:58,2024-01-16 18:15,2024-01-16 18:15,2,ADMITTED,WALK IN,63,M
1605,2024-01-16 12:51,2024-01-16 12:55,2024-01-16 13:28,2024-01-16 16:42,2024-01-16 16:42,2,HOME,AMBULANCE,31,M
1606,2024-01-16 13:00,2024-01-16 13:05,2024-01-16 13:05,2024-01-16 16:35,2024-01-16 16:35,1,ADMITTED,WALK IN,62,F
1607,2024-01-16 13:02,2024-01-16 13:07,,,2024-01-16 16:52,4,LEFT WITHOUT BEING SEEN,WALK IN,42,M
1608,2024-01-16 13:12,2024-01-16 13:16,2024-01-16 15:12,2024-01-16 18:16,2024-01-16 18:16,4,ADMITTED,WALK IN,50,M
1609,2024-01-16 13:32,2024-01-16 13:36,,,2024-01-16 15:19,5,LEFT WITHOUT BEING SEEN,WALK IN,43,M
1610,2024-01-16 13:33,2024-01-16 13:39,2024-01-16 13:41,2024-01-16 23:14,2024-01-16 23:14,2,ADMITTED,WALK IN,45,M
1611,2024-01-16 13:37,2024-01-16 13:40,2024-01-16 13:43,2024-01-16 19:20,2024-01-16 19:20,2,HOME,WALK IN,67,F
1612,2024-01-16 13:42,2024-01-16 13:49,2024-01-16 15:35,2024-01-16 17:17,2024-01-16 17:17,3,HOME,WALK IN,48,M
1613,2024-01-16 13:48,2024-01-16 13:51,2024-01-16 15:36,2024-01-16 18:54,2024-01-16 18:54,3,HOME,WALK IN,81,F
1614,2024-01-16 13:58,2024-01-16 14:00,2024-01-16 15:44,2024-01-16 19:44,2024-01-16 19:44,3,HOME,AMBULANCE,61,M
1615,2024-01-16 13:58,2024-01-16 14:03,,,2024-01-16 14:46,5,LEFT WITHOUT BEING SEEN,WALK IN,42,M
1616,2024-01-16 14:02,2024-01-16 14:05,2024-01-16 16:46,2024-01-16 18:41,2024-01-16 18:41,3,HOME,WALK IN,44,M
1617,2024-01-16 14:14,2024-01-16 14:15,2024-01-16 17:23,2024-01-16 18:17,2024-01-16 18:17,4,HOME,WALK IN,65,M
1618,2024-01-16 14:21,2024-01-16 14:27,,,2024-01-16 15:47,3,LEFT WITHOUT BEING SEEN,WALK IN,48,F
1619,2024-01-16 14:25,2024-01-16 14:29,2024-01-16 17:09,2024-01-16 18:57,2024-01-16 18:57,3,ADMITTED,WALK IN,47,F
1620,2024-01-16 14:44,2024-01-16 14:49,,,2024-01-16 17:18,4,LEFT WITHOUT BEING SEEN,WALK IN,68,F
1621,2024-01-16 14:46,2024-01-16 14:53,2024-01-16 14:59,2024-01-16 16:38,2024-01-16 16:38,1,ADMITTED,AMBULANCE,87,M
1622,2024-01-16 14:52,2024-01-16 14:58,2024-01-16 17:16,2024-01-16 18:50,2024-01-16 18:50,3,HOME,WALK IN,64,M
1623,2024-01-16 15:08,2024-01-16 15:18,2024-01-16 15:57,2024-01-16 19:59,2024-01-16 19:59,3,ADMITTED,WALK IN,55,F
1624,2024-01-16 15:13,2024-01-16 15:20,2024-01-16 17:29,2024-01-16 18:41,2024-01-16 18:41,4,HOME,WALK IN,34,F
1625,2024-01-16 15:44,2024-01-16 15:48,2024-01-16 17:17,2024-01-16 19:49,2024-01-16 19:49,3,HOME,AMBULANCE,63,M
1626,2024-01-16 15:45,2024-01-16 15:52,,,2024-01-16 17:06,3,LEFT WITHOUT BEING SEEN,WALK IN,19,F
1627,2024-01-16 16:48,2024-01-16 16:52,2024-01-16 17:30,2024-01-16 18:03,2024-01-16 18:03,4,HOME,WALK IN,73,F
1628,2024-01-16 16:56,2024-01-16 17:05,2024-01-16 17:32,2024-01-16 18:24,2024-01-16 18:24,4,ADMITTED,WALK IN,59,M
1629,2024-01-16 16:58,2024-01-16 17:02,2024-01-16 17:02,2024-01-16 21:28,2024-01-16 21:28,1,ADMITTED,WALK IN,60,M
1630,2024-01-16 17:01,2024-01-16 17:07,2024-01-16 17:21,2024-01-16 18:45,2024-01-16 18:45,3,HOME,AMBULANCE,55,M
1631,2024-01-16 17:07,2024-01-16 17:14,2024-01-16 17:34,2024-01-16 19:20,2024-01-16 19:20,5,HOME,WALK IN,50,F
1632,2024-01-16 17:14,2024-01-16 17:24,,,2024-01-16 21:54,5,LEFT WITHOUT BEING SEEN,WALK IN,57,F
1633,2024-01-16 17:14,2024-01-16 17:18,2024-01-16 18:17,2024-01-16 20:10,2024-01-16 20:10,4,HOME,WALK IN,31,F
1634,2024-01-16 17:16,2024-01-16 17:24,2024-01-16 18:03,2024-01-16 21:31,2024-01-16 21:31,1,HOME,AMBULANCE,57,F
1635,2024-01-16 17:31,2024-01-16 17:40,2024-01-16 18:24,2024-01-16 19:17,2024-01-16 19:17,4,HOME,WALK IN,56,F
1636,2024-01-16 17:45,2024-01-16 17:50,2024-01-16 18:15,2024-01-16 23:17,2024-01-16 23:17,1,HOME,WALK IN,43,M
1637,2024-01-16 17:52,2024-01-16 18:01,,,2024-01-16 19:35,5,LEFT WITHOUT BEING SEEN,WALK IN,49,M
1638,2024-01-16 17:56,2024-01-16 18:00,2024-01-16 18:16,2024-01-16 21:24,2024-01-16 21:24,2,HOME,WALK IN,42,M
1639,2024-01-16 18:09,2024-01-16 18:13,2024-01-16 19:26,2024-01-16 20:31,2024-01-16 20:31,4,HOME,WALK IN,31,M
1640,2024-01-16 18:17,2024-01-16 18:28,2024-01-16 18:41,2024-01-16 20:33,2024-01-16 20:33,2,HOME,AMBULANCE,83,M
1641,2024-01-16 18:19,2024-01-16 18:28,2024-01-16 20:00,2024-01-16 20:20,2024-01-16 20:20,4,HOME,WALK IN,65,M
1642,2024-01-16 18:20,2024-01-16 18:31,2024-01-16 18:41,2024-01-16 21:04,2024-01-16 21:04,2,ADMITTED,WALK IN,16,F
1643,2024-01-16 18:22,2024-01-16 18:39,2024-01-16 19:20,2024-01-16 22:55,2024-01-16 22:55,3,ADMITTED,WALK IN,37,F
1644,2024-01-16 18:23,2024-01-16 18:38,2024-01-16 18:45,2024-01-16 21:20,2024-01-16 21:20,2,HOME,AMBULANCE,65,F
1645,2024-01-16 18:26,2024-01-16 18:42,2024-01-16 19:20,2024-01-16 21:12,2024-01-16 21:12,3,ADMITTED,WALK IN,70,M
1646,2024-01-16 18:37,2024-01-16 18:47,2024-01-16 18:57,2024-01-16 22:05,2024-01-16 22:05,2,HOME,AMBULANCE,55,F
1647,2024-01-16 18:40,2024-01-16 18:48,2024-01-16 19:19,2024-01-16 20:30,2024-01-16 20:30,2,HOME,AMBULANCE,58,M
1648,2024-01-16 18:46,2024-01-16 18:53,,,2024-01-16 20:58,4,LEFT WITHOUT BEING SEEN,WALK IN,22,M
1649,2024-01-16 19:12,2024-01-16 19:17,,,2024-01-16 22:11,4,LEFT WITHOUT BEING SEEN,WALK IN,60,F
1650,2024-01-16 19:12,2024-01-16 19:16,2024-01-16 22:44,2024-01-16 23:25,2024-01-16 23:25,4,HOME,WALK IN,64,M
1651,2024-01-16 19:17,2024-01-16 19:27,2024-01-16 19:52,2024-01-16 22:31,2024-01-16 22:31,2,HOME,WALK IN,72,F
1652,2024-01-16 19:28,2024-01-16 19:32,2024-01-16 19:59,2024-01-16 22:44,2024-01-16 22:44,2,HOME,WALK IN,35,F
1653,2024-01-16 19:33,2024-01-16 19:36,2024-01-16 20:00,2024-01-16 22:11,2024-01-16 22:11,3,ADMITTED,WALK IN,44,M
1654,2024-01-16 19:35,2024-01-16 19:39,2024-01-16 20:35,2024-01-16 22:13,2024-01-16 22:13,3,HOME,AMBULANCE,30,M
1655,2024-01-16 19:57,2024-01-16 20:07,2024-01-16 20:33,2024-01-16 22:21,2024-01-16 22:21,2,HOME,AMBULANCE,67,F
1656,2024-01-16 19:57,2024-01-16 20:07,2024-01-16 20:31,2024-01-16 21:08,2024-01-16 21:08,2,HOME,WALK IN,43,F
1657,2024-01-16 19:59,2024-01-16 20:12,2024-01-16 20:34,2024-01-17 00:17,2024-01-17 00:17,2,HOME,AMBULANCE,58,M
1658,2024-01-16 20:01,2024-01-16 20:10,2024-01-16 20:10,2024-01-16 23:46,2024-01-16 23:46,1,ADMITTED,WALK IN,80,M
1659,2024-01-16 20:08,2024-01-16 20:14,,,2024-01-16 21:46,5,LEFT WITHOUT BEING SEEN,WALK IN,22,F
1660,2024-01-16 20:12,2024-01-16 20:22,2024-01-16 21:40,2024-01-17 00:01,2024-01-17 00:01,3,HOME,AMBULANCE,62,F
1661,2024-01-16 20:29,2024-01-16 20:38,2024-01-16 22:48,2024-01-16 23:34,2024-01-16 23:34,4,HOME,WALK IN,57,F
1662,2024-01-16 20:44,2024-01-16 20:49,2024-01-16 21:12,2024-01-16 23:13,2024-01-16 23:13,2,HOME,AMBULANCE,60,M
1663,2024-01-16 21:00,2024-01-16 21:07,,,2024-01-16 22:18,4,LEFT WITHOUT BEING SEEN,WALK IN,59,M
1664,2024-01-16 21:09,2024-01-16 21:14,2024-01-16 21:31,2024-01-17 02:41,2024-01-17 02:41,2,HOME,WALK IN,41,F
1665,2024-01-16 21:22,2024-01-16 21:25,2024-01-16 21:37,2024-01-16 23:29,2024-01-16 23:29,2,ADMITTED,WALK IN,65,M
1666,2024-01-16 21:26,2024-01-16 21:28,2024-01-16 21:28,2024-01-16 23:41,2024-01-16 23:41,1,ADMITTED,WALK IN,30,F
1667,2024-01-16 21:33,2024-01-16 21:37,2024-01-16 22:31,2024-01-16 23:58,2024-01-16 23:58,3,HOME,AMBULANCE,27,F
1668,2024-01-16 22:43,2024-01-16 22:45,2024-01-16 23:17,2024-01-17 00:18,2024-01-17 00:18,5,HOME,WALK IN,61,F
1669,2024-01-16 22:51,2024-01-16 22:53,2024-01-16 22:55,2024-01-17 04:09,2024-01-17 04:09,3,HOME,AMBULANCE,79,M
1670,2024-01-16 22:53,2024-01-16 23:03,2024-01-16 23:14,2024-01-17 00:13,2024-01-17 00:13,4,HOME,WALK IN,64,F
1671,2024-01-16 23:09,2024-01-16 23:14,2024-01-16 23:18,2024-01-16 23:54,2024-01-16 23:54,5,HOME,WALK IN,35,F
1672,2024-01-16 23:29,2024-01-16 23:34,2024-01-16 23:55,2024-01-17 02:24,2024-01-17 02:24,3,HOME,WALK IN,64,F
1673,2024-01-17 01:30,2024-01-17 01:35,2024-01-17 01:35,2024-01-17 04:05,2024-01-17 04:05,3,HOME,WALK IN,52,M
1674,2024-01-17 02:15,2024-01-17 02:24,2024-01-17 02:24,2024-01-17 03:39,2024-01-17 03:39,2,HOME,WALK IN,61,M
1675,2024-01-17 03:11,2024-01-17 03:17,2024-01-17 03:17,2024-01-17 05:05,2024-01-17 05:05,1,ADMITTED,WALK IN,54,F
1676,2024-01-17 04:36,2024-01-17 04:44,2024-01-17 04:44,2024-01-17 08:12,2024-01-17 08:12,2,ADMITTED,WALK IN,71,M
1677,2024-01-17 05:10,2024-01-17 05:15,2024-01-17 05:15,2024-01-17 09:24,2024-01-17 09:24,2,ADMITTED,AMBULANCE,41,F
1678,2024-01-17 05:48,2024-01-17 05:51,2024-01-17 05:51,2024-01-17 06:59,2024-01-17 06:59,4,HOME,WALK IN,51,F
1679,2024-01-17 06:01,2024-01-17 06:05,2024-01-17 06:05,2024-01-17 11:54,2024-01-17 11:54,2,HOME,AMBULANCE,53,F
1680,2024-01-17 06:19,2024-01-17 06:31,2024-01-17 06:31,2024-01-17 08:13,2024-01-17 08:13,3,HOME,AMBULANCE,26,F
1681,2024-01-17 06:26,2024-01-17 06:38,2024-01-17 06:59,2024-01-17 09:55,2024-01-17 09:55,2,HOME,WALK IN,44,M
1682,2024-01-17 07:45,2024-01-17 07:50,2024-01-17 07:50,2024-01-17 13:00,2024-01-17 13:00,3,ADMITTED,WALK IN,34,F
1683,2024-01-17 07:50,2024-01-17 07:55,2024-01-17 07:55,2024-01-17 11:14,2024-01-17 11:14,3,HOME,WALK IN,39,F
1684,2024-01-17 07:53,2024-01-17 07:57,2024-01-17 08:00,2024-01-17 12:33,2024-01-17 12:33,2,ADMITTED,WALK IN,55,M
1685,2024-01-17 08:04,2024-01-17 08:11,2024-01-17 08:12,2024-01-17 10:32,2024-01-17 10:32,2,HOME,WALK IN,56,F
1686,2024-01-17 08:19,2024-01-17 08:25,2024-01-17 08:25,2024-01-17 11:14,2024-01-17 11:14,3,ADMITTED,AMBULANCE,58,F
1687,2024-01-17 08:34,2024-01-17 08:42,2024-01-17 08:50,2024-01-17 11:04,2024-01-17 11:04,2,HOME,AMBULANCE,28,F
1688,2024-01-17 08:51,2024-01-17 08:59,2024-01-17 09:00,2024-01-17 11:55,2024-01-17 11:55,4,HOME,WALK IN,27,F
1689,2024-01-17 08:52,2024-01-17 09:02,2024-01-17 09:02,2024-01-17 11:17,2024-01-17 11:17,1,ADMITTED,AMBULANCE,58,F
1690,2024-01-17 08:56,2024-01-17 09:08,2024-01-17 09:08,2024-01-17 13:05,2024-01-17 13:05,1,HOME,WALK IN,83,M
1691,2024-01-17 09:01,2024-01-17 09:13,2024-01-17 10:02,2024-01-17 13:14,2024-01-17 13:14,3,HOME,WALK IN,69,M
1692,2024-01-17 09:23,2024-01-17 09:28,2024-01-17 09:28,2024-01-17 12:16,2024-01-17 12:16,1,HOME,AMBULANCE,52,F
1693,2024-01-17 09:34,2024-01-17 09:39,2024-01-17 09:55,2024-01-17 12:54,2024-01-17 12:54,2,ADMITTED,WALK IN,72,F
1694,2024-01-17 09:42,2024-01-17 09:54,2024-01-17 10:32,2024-01-17 15:03,2024-01-17 15:03,3,HOME,WALK IN,92,F
1695,2024-01-17 09:50,2024-01-17 09:57,2024-01-17 11:33,2024-01-17 12:29,2024-01-17 12:29,4,HOME,WALK IN,67,F
1696,2024-01-17 10:19,2024-01-17 10:29,2024-01-17 12:08,2024-01-17 12:25,2024-01-17 12:25,5,HOME,WALK IN,48,M
1697,2024-01-17 10:22,2024-01-17 10:25,2024-01-17 11:59,2024-01-17 13:07,2024-01-17 13:07,4,HOME,WALK IN,52,F
1698,2024-01-17 10:25,2024-01-17 10:31,2024-01-17 12:00,2024-01-17 12:43,2024-01-17 12:43,4,HOME,WALK IN,23,M
1699,2024-01-17 10:45,2024-01-17 10:56,2024-01-17 12:10,2024-01-17 13:31,2024-01-17 13:31,5,HOME,WALK IN,78,M
1700,2024-01-17 10:54,2024-01-17 10:58,2024-01-17 11:14,2024-01-17 13:24,2024-01-17 13:24,2,HOME,WALK IN,47,F
1701,2024-01-17 11:01,2024-01-17 11:04,2024-01-17 11:17,2024-01-17 12:50,2024-01-17 12:50,3,HOME,AMBULANCE,28,F
1702,2024-01-17 11:19,2024-01-17 11:23,2024-01-17 11:27,2024-01-17 13:51,2024-01-17 13:51,3,HOME,AMBULANCE,51,F
1703,2024-01-17 11:21,2024-01-17 11:24,2024-01-17 12:04,2024-01-17 15:38,2024-01-17 15:38,4,HOME,WALK IN,32,F
1704,2024-01-17 11:29,2024-01-17 11:32,2024-01-17 11:54,2024-01-17 13:42,2024-01-17 13:42,2,ADMITTED,WALK IN,64,F
1705,2024-01-17 11:39,2024-01-17 11:42,2024-01-17 11:55,2024-01-17 13:48,2024-01-17 13:48,2,ADMITTED,WALK IN,27,M
1706,2024-01-17 11:46,2024-01-17 12:00,2024-01-17 14:13,2024-01-17 16:47,2024-01-17 16:47,4,ADMITTED,WALK IN,75,M
1707,2024-01-17 11:49,2024-01-17 11:54,2024-01-17 12:29,2024-01-17 14:31,2024-01-17 14:31,3,HOME,AMBULANCE,33,F
1708,2024-01-17 11:50,2024-01-17 12:03,2024-01-17 12:33,2024-01-17 16:21,2024-01-17 16:21,3,HOME,WALK IN,71,F
1709,2024-01-17 12:05,2024-01-17 12:08,2024-01-17 12:19,2024-01-17 13:54,2024-01-17 13:54,2,HOME,AMBULANCE,68,M
1710,2024-01-17 12:16,2024-01-17 12:18,2024-01-17 13:01,2024-01-17 19:11,2024-01-17 19:11,3,HOME,WALK IN,27,M
1711,2024-01-17 12:21,2024-01-17 12:25,2024-01-17 12:25,2024-01-17 13:35,2024-01-17 13:35,2,HOME,WALK IN,42,M
1712,2024-01-17 12:33,2024-01-17 12:44,2024-01-17 13:03,2024-01-17 16:25,2024-01-17 16:25,3,HOME,WALK IN,41,F
1713,2024-01-17 12:41,2024-01-17 12:49,2024-01-17 13:07,2024-01-17 13:28,2024-01-17 13:28,3,HOME,WALK IN,26,F
1714,2024-01-17 12:44,2024-01-17 13:01,,,2024-01-17 14:30,4,LEFT WITHOUT BEING SEEN,WALK IN,51,M
1715,2024-01-17 12:59,2024-01-17 13:08,2024-01-17 13:09,2024-01-17 15:42,2024-01-17 15:42,3,ADMITTED,WALK IN,49,M
1716,2024-01-17 13:08,2024-01-17 13:14,2024-01-17 13:14,2024-01-17 14:31,2024-01-17 14:31,3,HOME,WALK IN,37,F
1717,2024-01-17 13:12,2024-01-17 13:18,2024-01-17 13:35,2024-01-17 15:05,2024-01-17 15:05,3,HOME,WALK IN,37,F
1718,2024-01-17 13:14,2024-01-17 13:22,2024-01-17 14:01,2024-01-17 14:47,2024-01-17 14:47,3,HOME,WALK IN,43,F
1719,2024-01-17 13:15,2024-01-17 13:21,2024-01-17 14:31,2024-01-17 15:07,2024-01-17 15:07,4,HOME,WALK IN,65,F
1720,2024-01-17 13:18,2024-01-17 13:25,,,2024-01-17 14:39,4,LEFT WITHOUT BEING SEEN,WALK IN,69,F
1721,2024-01-17 13:27,2024-01-17 13:31,2024-01-17 14:04,2024-01-17 17:44,2024-01-17 17:44,3,HOME,WALK IN,65,M
1722,2024-01-17 13:34,2024-01-17 13:37,2024-01-17 14:06,2024-01-17 14:43,2024-01-17 14:43,3,HOME,WALK IN,36,F
1723,2024-01-17 13:38,2024-01-17 13:48,2024-01-17 13:48,2024-01-17 16:39,2024-01-17 16:39,1,ADMITTED,AMBULANCE,33,M
1724,2024-01-17 13:44,2024-01-17 13:48,2024-01-17 14:47,2024-01-17 15:35,2024-01-17 15:35,4,HOME,WALK IN,58,M
1725,2024-01-17 13:51,2024-01-17 14:04,2024-01-17 14:49,2024-01-17 16:51,2024-01-17 16:51,4,HOME,WALK IN,34,F
1726,2024-01-17 14:13,2024-01-17 14:18,,,2024-01-17 16:50,5,LEFT WITHOUT BEING SEEN,WALK IN,65,F
1727,2024-01-17 14:15,2024-01-17 14:20,2024-01-17 14:31,2024-01-17 15:37,2024-01-17 15:37,3,HOME,WALK IN,40,F
1728,2024-01-17 14:46,2024-01-17 14:51,2024-01-17 15:38,2024-01-17 18:11,2024-01-17 18:11,2,ADMITTED,WALK IN,61,M
1729,2024-01-17 14:50,2024-01-17 14:54,2024-01-17 15:42,2024-01-17 17:39,2024-01-17 17:39,3,HOME,WALK IN,63,F
1730,2024-01-17 14:51,2024-01-17 15:00,2024-01-17 15:00,2024-01-17 17:24,2024-01-17 17:24,1,ADMITTED,WALK IN,70,F
1731,2024-01-17 15:02,2024-01-17 15:08,2024-01-17 15:08,2024-01-17 17:50,2024-01-17 17:50,1,ADMITTED,WALK IN,64,M
1732,2024-01-17 15:05,2024-01-17 15:11,,,2024-01-17 16:32,5,LEFT WITHOUT BEING SEEN,WALK IN,43,F
1733,2024-01-17 15:15,2024-01-17 15:21,2024-01-17 15:45,2024-01-17 19:49,2024-01-17 19:49,3,ADMITTED,WALK IN,67,M
1734,2024-01-17 15:19,2024-01-17 15:23,2024-01-17 15:39,2024-01-17 17:29,2024-01-17 17:29,2,HOME,WALK IN,86,M
1735,2024-01-17 15:39,2024-01-17 15:45,2024-01-17 15:45,2024-01-17 21:23,2024-01-17 21:23,1,HOME,WALK IN,52,M
1736,2024-01-17 15:40,2024-01-17 15:50,2024-01-17 16:01,2024-01-17 18:04,2024-01-17 18:04,2,ADMITTED,AMBULANCE,37,M
1737,2024-01-17 15:52,2024-01-17 15:58,2024-01-17 15:58,2024-01-17 19:14,2024-01-17 19:14,1,ADMITTED,AMBULANCE,69,F
1738,2024-01-17 16:08,2024-01-17 16:12,2024-01-17 16:51,2024-01-17 18:23,2024-01-17 18:23,4,HOME,AMBULANCE,85,M
1739,2024-01-17 16:17,2024-01-17 16:28,2024-01-17 16:47,2024-01-17 22:05,2024-01-17 22:05,2,HOME,WALK IN,46,F
1740,2024-01-17 16:22,2024-01-17 16:26,2024-01-17 16:26,2024-01-17 17:32,2024-01-17 17:32,3,HOME,WALK IN,19,F
1741,2024-01-17 16:30,2024-01-17 16:36,2024-01-17 16:47,2024-01-17 22:44,2024-01-17 22:44,2,HOME,AMBULANCE,59,F
1742,2024-01-17 16:44,2024-01-17 16:48,,,2024-01-17 20:07,4,LEFT WITHOUT BEING SEEN,WALK IN,29,F
1743,2024-01-17 16:47,2024-01-17 16:52,2024-01-17 16:56,2024-01-17 19:38,2024-01-17 19:38,3,HOME,WALK IN,54,F
1744,2024-01-17 16:58,2024-01-17 17:03,2024-01-17 18:08,2024-01-17 19:04,2024-01-17 19:04,2,HOME,AMBULANCE,44,M
1745,2024-01-17 17:09,2024-01-17 17:14,2024-01-17 18:23,2024-01-17 21:06,2024-01-17 21:06,3,HOME,AMBULANCE,63,M
1746,2024-01-17 17:29,2024-01-17 17:40,2024-01-17 18:51,2024-01-17 22:41,2024-01-17 22:41,3,HOME,WALK IN,49,M
1747,2024-01-17 17:31,2024-01-17 17:36,2024-01-17 18:33,2024-01-17 19:57,2024-01-17 19:57,3,HOME,WALK IN,35,M
1748,2024-01-17 17:41,2024-01-17 17:44,2024-01-17 18:51,2024-01-17 23:14,2024-01-17 23:14,3,HOME,WALK IN,48,F
1749,2024-01-17 18:03,2024-01-17 18:05,2024-01-17 18:11,2024-01-17 19:59,2024-01-17 19:59,2,ADMITTED,WALK IN,58,M
1750,2024-01-17 18:19,2024-01-17 18:28,,,2024-01-17 19:48,4,LEFT WITHOUT BEING SEEN,WALK IN,65,F
1751,2024-01-17 18:30,2024-01-17 18:34,2024-01-17 18:36,2024-01-17 23:01,2024-01-17 23:01,2,HOME,WALK IN,48,F
1752,2024-01-17 18:39,2024-01-17 18:47,2024-01-17 20:00,2024-01-17 20:55,2024-01-17 20:55,3,HOME,WALK IN,37,F
1753,2024-01-17 18:42,2024-01-17 18:49,2024-01-17 20:00,2024-01-17 22:29,2024-01-17 22:29,3,HOME,WALK IN,56,F
1754,2024-01-17 18:54,2024-01-17 18:56,2024-01-17 19:14,2024-01-17 23:28,2024-01-17 23:28,2,ADMITTED,AMBULANCE,77,F
1755,2024-01-17 19:07,2024-01-17 19:13,2024-01-17 19:13,2024-01-17 21:49,2024-01-17 21:49,1,ADMITTED,AMBULANCE,50,M
1756,2024-01-17 19:15,2024-01-17 19:19,2024-01-17 20:01,2024-01-17 21:02,2024-01-17 21:02,3,HOME,WALK IN,49,F
1757,2024-01-17 19:24,2024-01-17 19:28,2024-01-17 19:59,2024-01-17 20:49,2024-01-17 20:49,2,HOME,WALK IN,69,F
1758,2024-01-17 19:28,2024-01-17 19:32,2024-01-17 20:21,2024-01-17 20:42,2024-01-17 20:42,4,HOME,WALK IN,46,F
1759,2024-01-17 19:29,2024-01-17 19:38,2024-01-17 19:38,2024-01-17 23:03,2024-01-17 23:03,1,HOME,WALK IN,67,M
1760,2024-01-17 19:32,2024-01-17 19:36,2024-01-17 20:12,2024-01-17 22:52,2024-01-17 22:52,3,ADMITTED,AMBULANCE,63,M
1761,2024-01-17 19:44,2024-01-17 19:51,2024-01-17 20:12,2024-01-17 22:36,2024-01-17 22:36,3,HOME,WALK IN,38,M
1762,2024-01-17 19:57,2024-01-17 20:05,2024-01-17 20:55,2024-01-17 21:43,2024-01-17 21:43,4,HOME,WALK IN,57,M
1763,2024-01-17 19:58,2024-01-17 20:01,2024-01-17 20:24,2024-01-17 20:41,2024-01-17 20:41,4,HOME,WALK IN,41,F
1764,2024-01-17 19:58,2024-01-17 20:08,,,2024-01-17 22:09,5,LEFT WITHOUT BEING SEEN,WALK IN,39,M
1765,2024-01-17 20:04,2024-01-17 20:09,2024-01-17 20:42,2024-01-17 23:11,2024-01-17 23:11,3,HOME,WALK IN,79,F
1766,2024-01-17 20:11,2024-01-17 20:15,2024-01-17 21:03,2024-01-17 21:40,2024-01-17 21:40,4,HOME,WALK IN,70,M
1767,2024-01-17 20:21,2024-01-17 20:27,2024-01-17 20:49,2024-01-17 23:08,2024-01-17 23:08,3,HOME,WALK IN,65,M
1768,2024-01-17 20:28,2024-01-17 20:35,2024-01-17 21:23,2024-01-17 22:20,2024-01-17 22:20,4,HOME,WALK IN,24,M
1769,2024-01-17 20:31,2024-01-17 20:39,2024-01-17 20:41,2024-01-17 21:53,2024-01-17 21:53,2,ADMITTED,AMBULANCE,37,F
1770,2024-01-17 20:49,2024-01-17 20:54,2024-01-17 21:43,2024-01-17 22:44,2024-01-17 22:44,4,HOME,WALK IN,71,M
1771,2024-01-17 20:56,2024-01-17 21:00,2024-01-17 21:53,2024-01-17 22:44,2024-01-17 22:44,4,HOME,WALK IN,48,F
1772,2024-01-17 20:58,2024-01-17 21:04,2024-01-17 21:06,2024-01-18 01:44,2024-01-18 01:44,1,ADMITTED,WALK IN,74,F
1773,2024-01-17 21:34,2024-01-17 21:38,2024-01-17 21:40,2024-01-18 00:02,2024-01-18 00:02,1,ADMITTED,WALK IN,28,F
1774,2024-01-17 21:46,2024-01-17 21:54,2024-01-17 22:05,2024-01-17 22:18,2024-01-17 22:18,4,HOME,WALK IN,26,M
1775,2024-01-17 22:13,2024-01-17 22:26,2024-01-17 22:26,2024-01-18 00:23,2024-01-18 00:23,3,HOME,AMBULANCE,57,F
1776,2024-01-17 22:32,2024-01-17 22:39,2024-01-17 22:39,2024-01-17 22:59,2024-01-17 22:59,5,HOME,AMBULANCE,55,M
1777,2024-01-17 22:50,2024-01-17 22:53,2024-01-17 22:53,2024-01-18 01:48,2024-01-18 01:48,3,HOME,WALK IN,79,M
1778,2024-01-17 22:51,2024-01-17 23:01,2024-01-17 23:14,2024-01-17 23:56,2024-01-17 23:56,4,HOME,WALK IN,81,F
1779,2024-01-17 22:51,2024-01-17 23:05,2024-01-17 23:11,2024-01-18 04:36,2024-01-18 04:36,3,ADMITTED,WALK IN,70,F
1780,2024-01-17 23:02,2024-01-17 23:19,2024-01-17 23:19,2024-01-18 01:09,2024-01-18 01:09,2,HOME,AMBULANCE,61,M
1781,2024-01-17 23:23,2024-01-17 23:27,2024-01-17 23:28,2024-01-18 04:06,2024-01-18 04:06,2,HOME,WALK IN,36,M
1782,2024-01-17 23:53,2024-01-17 23:58,2024-01-17 23:58,2024-01-18 00:41,2024-01-18 00:41,5,HOME,WALK IN,38,M
1783,2024-01-17 23:56,2024-01-18 00:16,2024-01-18 00:16,2024-01-18 01:12,2024-01-18 01:12,3,HOME,AMBULANCE,31,M
1784,2024-01-18 00:32,2024-01-18 00:39,2024-01-18 00:39,2024-01-18 02:39,2024-01-18 02:39,3,ADMITTED,WALK IN,82,M
1785,2024-01-18 00:44,2024-01-18 00:49,2024-01-18 00:49,2024-01-18 05:02,2024-01-18 05:02,2,ADMITTED,WALK IN,66,F
1786,2024-01-18 01:03,2024-01-18 01:06,2024-01-18 01:12,2024-01-18 03:59,2024-01-18 03:59,2,HOME,WALK IN,37,F
1787,2024-01-18 01:30,2024-01-18 01:32,2024-01-18 01:48,2024-01-18 02:21,2024-01-18 02:21,5,HOME,WALK IN,64,F
1788,2024-01-18 02:26,2024-01-18 02:40,2024-01-18 02:40,2024-01-18 08:01,2024-01-18 08:01,1,ADMITTED,WALK IN,51,F
1789,2024-01-18 02:55,2024-01-18 03:14,2024-01-18 03:14,2024-01-18 03:57,2024-01-18 03:57,4,HOME,WALK IN,27,M
1790,2024-01-18 03:32,2024-01-18 03:37,2024-01-18 03:37,2024-01-18 05:35,2024-01-18 05:35,2,ADMITTED,AMBULANCE,83,M
1791,2024-01-18 03:36,2024-01-18 03:42,2024-01-18 04:03,2024-01-18 05:10,2024-01-18 05:10,2,HOME,WALK IN,22,M
1792,2024-01-18 04:30,2024-01-18 04:35,2024-01-18 04:35,2024-01-18 07:45,2024-01-18 07:45,3,HOME,WALK IN,86,F
1793,2024-01-18 05:26,2024-01-18 05:29,2024-01-18 05:29,2024-01-18 06:59,2024-01-18 06:59,3,HOME,WALK IN,31,F
1794,2024-01-18 06:00,2024-01-18 06:02,2024-01-18 06:02,2024-01-18 08:02,2024-01-18 08:02,3,ADMITTED,WALK IN,67,M
1795,2024-01-18 06:43,2024-01-18 06:52,2024-01-18 06:52,2024-01-18 08:03,2024-01-18 08:03,3,HOME,WALK IN,45,F
1796,2024-01-18 06:51,2024-01-18 07:01,2024-01-18 07:01,2024-01-18 10:18,2024-01-18 10:18,4,ADMITTED,WALK IN,92,F
1797,2024-01-18 07:04,2024-01-18 07:07,2024-01-18 07:45,2024-01-18 08:19,2024-01-18 08:19,4,HOME,WALK IN,77,F
1798,2024-01-18 07:09,2024-01-18 07:14,2024-01-18 07:21,2024-01-18 11:13,2024-01-18 11:13,2,HOME,WALK IN,38,M
1799,2024-01-18 07:39,2024-01-18 07:43,2024-01-18 07:47,2024-01-18 12:34,2024-01-18 12:34,4,ADMITTED,WALK IN,51,F
1800,2024-01-18 08:12,2024-01-18 08:15,2024-01-18 08:15,2024-01-18 11:18,2024-01-18 11:18,3,HOME,WALK IN,40,M
1801,2024-01-18 08:19,2024-01-18 08:22,2024-01-18 08:22,2024-01-18 09:49,2024-01-18 09:49,4,HOME,AMBULANCE,46,F
1802,2024-01-18 08:24,2024-01-18 08:26,2024-01-18 08:26,2024-01-18 11:16,2024-01-18 11:16,2,HOME,WALK IN,29,F
1803,2024-01-18 08:25,2024-01-18 08:39,2024-01-18 08:39,2024-01-18 10:08,2024-01-18 10:08,2,HOME,WALK IN,71,F
1804,2024-01-18 09:06,2024-01-18 09:14,2024-01-18 09:14,2024-01-18 13:32,2024-01-18 13:32,3,HOME,WALK IN,75,F
1805,2024-01-18 09:15,2024-01-18 09:20,2024-01-18 09:20,2024-01-18 09:37,2024-01-18 09:37,4,HOME,WALK IN,40,M
1806,2024-01-18 09:22,2024-01-18 09:28,2024-01-18 09:28,2024-01-18 13:11,2024-01-18 13:11,3,HOME,WALK IN,66,F
1807,2024-01-18 09:28,2024-01-18 09:32,2024-01-18 09:37,2024-01-18 10:20,2024-01-18 10:20,3,ADMITTED,WALK IN,44,F
1808,2024-01-18 09:34,2024-01-18 09:37,2024-01-18 09:42,2024-01-18 10:37,2024-01-18 10:37,4,HOME,WALK IN,32,M
1809,2024-01-18 09:45,2024-01-18 09:52,2024-01-18 09:52,2024-01-18 10:31,2024-01-18 10:31,4,HOME,WALK IN,60,F
1810,2024-01-18 09:50,2024-01-18 09:56,2024-01-18 10:20,2024-01-18 11:17,2024-01-18 11:17,4,HOME,WALK IN,43,F
1811,2024-01-18 09:55,2024-01-18 10:04,2024-01-18 10:08,2024-01-18 13:03,2024-01-18 13:03,3,ADMITTED,WALK IN,33,F
1812,2024-01-18 10:02,2024-01-18 10:04,2024-01-18 11:49,2024-01-18 12:15,2024-01-18 12:15,5,HOME,WALK IN,27,M
1813,2024-01-18 10:05,2024-01-18 10:11,2024-01-18 10:27,2024-01-18 11:49,2024-01-18 11:49,4,HOME,WALK IN,51,F
1814,2024-01-18 10:11,2024-01-18 10:16,2024-01-18 10:20,2024-01-18 13:15,2024-01-18 13:15,2,HOME,AMBULANCE,47,M
1815,2024-01-18 10:23,2024-01-18 10:31,2024-01-18 10:37,2024-01-18 19:28,2024-01-18 19:28,3,HOME,AMBULANCE,62,F
1816,2024-01-18 10:39,2024-01-18 10:47,2024-01-18 11:34,2024-01-18 12:16,2024-01-18 12:16,4,HOME,WALK IN,41,M
1817,2024-01-18 10:43,2024-01-18 10:49,2024-01-18 11:17,2024-01-18 16:40,2024-01-18 16:40,2,ADMITTED,WALK IN,58,M
1818,2024-01-18 11:05,2024-01-18 11:09,2024-01-18 11:18,2024-01-18 14:15,2024-01-18 14:15,2,ADMITTED,WALK IN,63,F
1819,2024-01-18 11:13,2024-01-18 11:22,2024-01-18 11:30,2024-01-18 12:29,2024-01-18 12:29,2,HOME,AMBULANCE,31,F
1820,2024-01-18 11:27,2024-01-18 11:31,2024-01-18 11:50,2024-01-18 13:25,2024-01-18 13:25,5,HOME,WALK IN,55,F
1821,2024-01-18 12:04,2024-01-18 12:06,2024-01-18 12:06,2024-01-18 15:35,2024-01-18 15:35,3,HOME,WALK IN,52,F
1822,2024-01-18 12:16,2024-01-18 12:19,2024-01-18 12:19,2024-01-18 14:25,2024-01-18 14:25,3,HOME,WALK IN,29,F
1823,2024-01-18 12:18,2024-01-18 12:30,2024-01-18 14:47,2024-01-18 15:04,2024-01-18 15:04,4,HOME,WALK IN,28,F
1824,2024-01-18 12:20,2024-01-18 12:28,2024-01-18 12:29,2024-01-18 13:35,2024-01-18 13:35,5,HOME,WALK IN,37,F
1825,2024-01-18 12:26,2024-01-18 12:32,2024-01-18 12:34,2024-01-18 17:03,2024-01-18 17:03,3,ADMITTED,WALK IN,48,F
1826,2024-01-18 12:27,2024-01-18 12:40,2024-01-18 12:44,2024-01-18 16:45,2024-01-18 16:45,2,ADMITTED,WALK IN,76,M
1827,2024-01-18 12:44,2024-01-18 12:52,2024-01-18 13:03,2024-01-18 15:27,2024-01-18 15:27,3,HOME,AMBULANCE,58,M
1828,2024-01-18 12:47,2024-01-18 12:55,2024-01-18 13:01,2024-01-18 15:32,2024-01-18 15:32,2,HOME,WALK IN,69,M
1829,2024-01-18 12:53,2024-01-18 13:01,2024-01-18 13:35,2024-01-18 21:21,2024-01-18 21:21,3,HOME,WALK IN,28,F
1830,2024-01-18 13:00,2024-01-18 13:05,2024-01-18 14:25,2024-01-18 17:12,2024-01-18 17:12,3,ADMITTED,WALK IN,39,F
1831,2024-01-18 13:22,2024-01-18 13:28,2024-01-18 14:31,2024-01-18 16:06,2024-01-18 16:06,3,ADMITTED,WALK IN,58,M
1832,2024-01-18 13:24,2024-01-18 13:25,2024-01-18 14:29,2024-01-18 17:08,2024-01-18 17:08,3,HOME,WALK IN,64,M
1833,2024-01-18 13:24,2024-01-18 13:41,2024-01-18 13:43,2024-01-18 16:44,2024-01-18 16:44,2,ADMITTED,WALK IN,55,F
1834,2024-01-18 13:25,2024-01-18 13:39,2024-01-18 14:48,2024-01-18 15:21,2024-01-18 15:21,4,HOME,WALK IN,21,M
1835,2024-01-18 13:27,2024-01-18 13:42,2024-01-18 13:59,2024-01-18 16:42,2024-01-18 16:42,2,ADMITTED,AMBULANCE,35,F
1836,2024-01-18 13:35,2024-01-18 13:44,2024-01-18 14:15,2024-01-18 15:32,2024-01-18 15:32,2,HOME,WALK IN,69,M
1837,2024-01-18 13:35,2024-01-18 13:48,2024-01-18 14:57,2024-01-18 16:02,2024-01-18 16:02,4,HOME,WALK IN,33,M
1838,2024-01-18 14:05,2024-01-18 14:09,2024-01-18 14:17,2024-01-18 15:08,2024-01-18 15:08,2,HOME,WALK IN,66,M
1839,2024-01-18 14:15,2024-01-18 14:25,2024-01-18 15:21,2024-01-18 19:25,2024-01-18 19:25,3,HOME,WALK IN,46,F
1840,2024-01-18 14:47,2024-01-18 14:54,,,2024-01-18 16:14,5,LEFT WITHOUT BEING SEEN,WALK IN,69,F
1841,2024-01-18 14:52,2024-01-18 14:56,2024-01-18 15:08,2024-01-18 18:12,2024-01-18 18:12,2,HOME,AMBULANCE,66,M
1842,2024-01-18 15:00,2024-01-18 15:07,2024-01-18 15:10,2024-01-18 20:40,2024-01-18 20:40,2,HOME,AMBULANCE,77,M
1843,2024-01-18 15:01,2024-01-18 15:02,2024-01-18 15:35,2024-01-18 18:08,2024-01-18 18:08,3,ADMITTED,WALK IN,32,F
1844,2024-01-18 15:08,2024-01-18 15:12,2024-01-18 15:32,2024-01-18 18:30,2024-01-18 18:30,2,HOME,AMBULANCE,58,F
1845,2024-01-18 15:17,2024-01-18 15:21,,,2024-01-18 16:32,5,LEFT WITHOUT BEING SEEN,WALK IN,38,F
1846,2024-01-18 15:26,2024-01-18 15:30,2024-01-18 15:47,2024-01-18 16:21,2024-01-18 16:21,4,HOME,WALK IN,61,M
1847,2024-01-18 15:39,2024-01-18 15:43,2024-01-18 16:06,2024-01-18 18:14,2024-01-18 18:14,3,HOME,AMBULANCE,30,F
1848,2024-01-18 15:55,2024-01-18 16:05,2024-01-18 16:45,2024-01-18 18:58,2024-01-18 18:58,3,ADMITTED,WALK IN,40,M
1849,2024-01-18 16:03,2024-01-18 16:08,2024-01-18 17:08,2024-01-18 18:45,2024-01-18 18:45,4,HOME,WALK IN,37,F
1850,2024-01-18 16:15,2024-01-18 16:18,2024-01-18 17:08,2024-01-18 17:54,2024-01-18 17:54,4,HOME,WALK IN,52,F
1851,2024-01-18 16:17,2024-01-18 16:21,2024-01-18 16:21,2024-01-18 20:21,2024-01-18 20:21,2,ADMITTED,WALK IN,38,F
1852,2024-01-18 16:22,2024-01-18 16:30,2024-01-18 16:44,2024-01-18 20:03,2024-01-18 20:03,2,ADMITTED,WALK IN,55,F
1853,2024-01-18 16:33,2024-01-18 16:37,2024-01-18 17:12,2024-01-18 18:44,2024-01-18 18:44,4,HOME,WALK IN,39,M
1854,2024-01-18 16:45,2024-01-18 16:49,2024-01-18 17:12,2024-01-18 19:02,2024-01-18 19:02,4,HOME,WALK IN,56,M
1855,2024-01-18 16:59,2024-01-18 17:08,2024-01-18 17:19,2024-01-18 18:11,2024-01-18 18:11,4,HOME,WALK IN,64,F
1856,2024-01-18 17:10,2024-01-18 17:16,2024-01-18 17:52,2024-01-18 22:00,2024-01-18 22:00,4,HOME,WALK IN,69,F
1857,2024-01-18 17:26,2024-01-18 17:31,2024-01-18 17:49,2024-01-18 22:45,2024-01-18 22:45,2,HOME,WALK IN,32,F
1858,2024-01-18 17:26,2024-01-18 17:34,2024-01-18 17:54,2024-01-18 18:25,2024-01-18 18:25,4,HOME,WALK IN,62,M
1859,2024-01-18 17:32,2024-01-18 17:37,2024-01-18 18:11,2024-01-18 18:37,2024-01-18 18:37,5,HOME,WALK IN,29,M
1860,2024-01-18 17:39,2024-01-18 17:43,2024-01-18 18:09,2024-01-18 19:02,2024-01-18 19:02,4,HOME,WALK IN,56,M
1861,2024-01-18 18:19,2024-01-18 18:25,2024-01-18 18:25,2024-01-18 21:10,2024-01-18 21:10,1,ADMITTED,AMBULANCE,24,F
1862,2024-01-18 18:35,2024-01-18 18:55,2024-01-18 19:02,2024-01-18 23:39,2024-01-18 23:39,3,HOME,WALK IN,36,F
1863,2024-01-18 18:48,2024-01-18 18:56,2024-01-18 18:56,2024-01-18 20:27,2024-01-18 20:27,1,ADMITTED,WALK IN,34,M
1864,2024-01-18 18:52,2024-01-18 18:59,2024-01-18 19:25,2024-01-18 22:05,2024-01-18 22:05,3,HOME,WALK IN,82,F
1865,2024-01-18 18:53,2024-01-18 18:58,2024-01-18 19:02,2024-01-18 20:18,2024-01-18 20:18,3,HOME,WALK IN,73,F
1866,2024-01-18 18:56,2024-01-18 19:06,2024-01-18 19:35,2024-01-18 23:04,2024-01-18 23:04,3,ADMITTED,WALK IN,58,F
1867,2024-01-18 18:58,2024-01-18 19:04,2024-01-18 19:28,2024-01-18 21:54,2024-01-18 21:54,3,ADMITTED,AMBULANCE,24,F
1868,2024-01-18 19:05,2024-01-18 19:16,2024-01-18 20:03,2024-01-18 21:56,2024-01-18 21:56,3,ADMITTED,WALK IN,72,M
1869,2024-01-18 19:31,2024-01-18 19:37,2024-01-18 20:27,2024-01-18 22:44,2024-01-18 22:44,3,ADMITTED,AMBULANCE,39,F
1870,2024-01-18 19:41,2024-01-18 19:46,2024-01-18 20:40,2024-01-18 22:56,2024-01-18 22:56,3,HOME,WALK IN,38,F
1871,2024-01-18 19:44,2024-01-18 19:48,2024-01-18 22:08,2024-01-18 22:50,2024-01-18 22:50,4,HOME,WALK IN,23,F
1872,2024-01-18 19:46,2024-01-18 19:50,2024-01-18 19:50,2024-01-18 21:27,2024-01-18 21:27,1,HOME,AMBULANCE,33,M
1873,2024-01-18 20:00,2024-01-18 20:07,2024-01-18 20:44,2024-01-18 23:01,2024-01-18 23:01,3,HOME,WALK IN,36,F
1874,2024-01-18 20:02,2024-01-18 20:11,2024-01-18 20:18,2024-01-19 00:15,2024-01-19 00:15,1,HOME,WALK IN,52,M
1875,2024-01-18 20:35,2024-01-18 20:43,2024-01-18 21:21,2024-01-18 23:08,2024-01-18 23:08,3,HOME,WALK IN,43,M
1876,2024-01-18 20:47,2024-01-18 20:53,2024-01-18 21:20,2024-01-19 00:55,2024-01-19 00:55,2,ADMITTED,AMBULANCE,77,M
1877,2024-01-18 20:51,2024-01-18 21:09,2024-01-18 21:27,2024-01-18 23:22,2024-01-18 23:22,3,HOME,WALK IN,56,M
1878,2024-01-18 20:54,2024-01-18 20:58,2024-01-18 22:20,2024-01-19 00:21,2024-01-19 00:21,4,HOME,WALK IN,57,F
1879,2024-01-18 21:21,2024-01-18 21:24,2024-01-18 21:34,2024-01-18 23:46,2024-01-18 23:46,3,ADMITTED,WALK IN,39,M
1880,2024-01-18 21:30,2024-01-18 21:39,,,2024-01-18 23:13,4,LEFT WITHOUT BEING SEEN,WALK IN,43,F
1881,2024-01-18 21:36,2024-01-18 21:41,2024-01-18 22:05,2024-01-19 01:21,2024-01-19 01:21,2,HOME,WALK IN,41,M
1882,2024-01-18 22:05,2024-01-18 22:09,2024-01-18 22:12,2024-01-18 23:23,2024-01-18 23:23,2,HOME,WALK IN,69,M
1883,2024-01-18 22:27,2024-01-18 22:32,2024-01-18 22:32,2024-01-18 23:51,2024-01-18 23:51,1,HOME,WALK IN,82,M
1884,2024-01-18 22:27,2024-01-18 22:35,2024-01-18 22:45,2024-01-19 02:59,2024-01-19 02:59,2,HOME,AMBULANCE,86,M
1885,2024-01-18 22:28,2024-01-18 22:39,2024-01-18 23:08,2024-01-19 00:40,2024-01-19 00:40,2,ADMITTED,WALK IN,67,M
1886,2024-01-18 23:01,2024-01-18 23:18,2024-01-18 23:23,2024-01-19 00:17,2024-01-19 00:17,4,HOME,WALK IN,50,M
1887,2024-01-18 23:34,2024-01-18 23:42,2024-01-18 23:51,2024-01-19 00:49,2024-01-19 00:49,4,HOME,WALK IN,51,F
1888,2024-01-18 23:57,2024-01-19 00:02,2024-01-19 00:17,2024-01-19 00:29,2024-01-19 00:29,5,HOME,WALK IN,51,F
1889,2024-01-19 00:31,2024-01-19 00:36,2024-01-19 00:36,2024-01-19 05:54,2024-01-19 05:54,3,HOME,WALK IN,59,F
1890,2024-01-19 00:36,2024-01-19 00:39,2024-01-19 00:40,2024-01-19 02:57,2024-01-19 02:57,3,HOME,WALK IN,46,F
1891,2024-01-19 01:38,2024-01-19 01:41,2024-01-19 01:41,2024-01-19 06:01,2024-01-19 06:01,2,ADMITTED,WALK IN,55,F
1892,2024-01-19 01:38,2024-01-19 01:46,2024-01-19 01:51,2024-01-19 03:30,2024-01-19 03:30,3,ADMITTED,WALK IN,33,F
1893,2024-01-19 02:30,2024-01-19 02:33,2024-01-19 02:33,2024-01-19 07:48,2024-01-19 07:48,2,ADMITTED,WALK IN,67,M
1894,2024-01-19 03:45,2024-01-19 03:53,2024-01-19 03:53,2024-01-19 04:35,2024-01-19 04:35,3,HOME,WALK IN,38,M
1895,2024-01-19 03:47,2024-01-19 03:57,2024-01-19 03:57,2024-01-19 05:51,2024-01-19 05:51,3,ADMITTED,WALK IN,41,M
1896,2024-01-19 04:27,2024-01-19 04:32,2024-01-19 04:32,2024-01-19 05:47,2024-01-19 05:47,5,HOME,WALK IN,35,F
1897,2024-01-19 05:02,2024-01-19 05:08,2024-01-19 05:08,2024-01-19 07:13,2024-01-19 07:13,2,HOME,WALK IN,50,M
1898,2024-01-19 05:54,2024-01-19 05:58,2024-01-19 05:58,2024-01-19 06:04,2024-01-19 06:04,4,HOME,WALK IN,43,F
1899,2024-01-19 06:41,2024-01-19 06:48,2024-01-19 06:48,2024-01-19 08:08,2024-01-19 08:08,2,ADMITTED,AMBULANCE,76,M
1900,2024-01-19 06:49,2024-01-19 06:56,2024-01-19 06:56,2024-01-19 07:17,2024-01-19 07:17,4,HOME,WALK IN,38,F
1901,2024-01-19 08:26,2024-01-19 08:36,2024-01-19 08:36,2024-01-19 10:38,2024-01-19 10:38,4,HOME,WALK IN,64,F
1902,2024-01-19 09:12,2024-01-19 09:22,2024-01-19 09:22,2024-01-19 10:31,2024-01-19 10:31,5,ADMITTED,WALK IN,81,F
1903,2024-01-19 09:54,2024-01-19 10:02,2024-01-19 10:02,2024-01-19 13:30,2024-01-19 13:30,2,ADMITTED,AMBULANCE,60,F
1904,2024-01-19 10:15,2024-01-19 10:22,2024-01-19 10:22,2024-01-19 10:38,2024-01-19 10:38,4,HOME,WALK IN,44,F
1905,2024-01-19 10:18,2024-01-19 10:24,2024-01-19 10:24,2024-01-19 11:07,2024-01-19 11:07,4,HOME,AMBULANCE,65,F
1906,2024-01-19 10:34,2024-01-19 10:37,2024-01-19 10:38,2024-01-19 11:21,2024-01-19 11:21,5,HOME,WALK IN,23,M
1907,2024-01-19 10:36,2024-01-19 10:47,2024-01-19 10:47,2024-01-19 14:14,2024-01-19 14:14,1,ADMITTED,WALK IN,49,M
1908,2024-01-19 10:39,2024-01-19 10:46,2024-01-19 10:46,2024-01-19 12:17,2024-01-19 12:17,4,HOME,WALK IN,26,M
1909,2024-01-19 10:48,2024-01-19 10:57,2024-01-19 11:04,2024-01-19 11:20,2024-01-19 11:20,5,HOME,WALK IN,58,F
1910,2024-01-19 10:52,2024-01-19 10:55,2024-01-19 11:02,2024-01-19 13:26,2024-01-19 13:26,3,ADMITTED,WALK IN,27,F
1911,2024-01-19 11:03,2024-01-19 11:06,2024-01-19 11:07,2024-01-19 14:21,2024-01-19 14:21,3,HOME,WALK IN,26,F
1912,2024-01-19 11:09,2024-01-19 11:19,2024-01-19 11:20,2024-01-19 14:22,2024-01-19 14:22,3,HOME,AMBULANCE,43,M
1913,2024-01-19 11:40,2024-01-19 11:43,2024-01-19 11:43,2024-01-19 15:20,2024-01-19 15:20,3,HOME,WALK IN,19,M
1914,2024-01-19 11:46,2024-01-19 11:54,2024-01-19 12:00,2024-01-19 14:10,2024-01-19 14:10,2,ADMITTED,WALK IN,44,F
1915,2024-01-19 11:50,2024-01-19 11:54,2024-01-19 12:46,2024-01-19 14:21,2024-01-19 14:21,3,HOME,WALK IN,33,F
1916,2024-01-19 11:54,2024-01-19 12:00,2024-01-19 12:46,2024-01-19 17:43,2024-01-19 17:43,3,HOME,WALK IN,63,M
1917,2024-01-19 12:01,2024-01-19 12:07,2024-01-19 12:17,2024-01-19 16:14,2024-01-19 16:14,2,HOME,AMBULANCE,82,F
1918,2024-01-19 12:10,2024-01-19 12:12,2024-01-19 12:39,2024-01-19 16:05,2024-01-19 16:05,2,ADMITTED,WALK IN,53,M
1919,2024-01-19 12:22,2024-01-19 12:30,2024-01-19 12:54,2024-01-19 16:19,2024-01-19 16:19,4,HOME,WALK IN,40,F
1920,2024-01-19 12:45,2024-01-19 12:59,2024-01-19 14:51,2024-01-19 15:27,2024-01-19 15:27,4,HOME,WALK IN,64,M
1921,2024-01-19 13:16,2024-01-19 13:27,2024-01-19 13:30,2024-01-19 14:35,2024-01-19 14:35,3,HOME,WALK IN,30,F
1922,2024-01-19 13:16,2024-01-19 13:25,2024-01-19 13:30,2024-01-19 17:40,2024-01-19 17:40,2,ADMITTED,AMBULANCE,58,F
1923,2024-01-19 13:23,2024-01-19 13:30,2024-01-19 14:22,2024-01-19 17:24,2024-01-19 17:24,3,HOME,WALK IN,28,F
1924,2024-01-19 13:34,2024-01-19 13:43,2024-01-19 14:35,2024-01-19 17:08,2024-01-19 17:08,3,HOME,AMBULANCE,76,F
1925,2024-01-19 13:35,2024-01-19 13:45,2024-01-19 14:21,2024-01-19 17:11,2024-01-19 17:11,2,HOME,AMBULANCE,95,F
1926,2024-01-19 13:38,2024-01-19 13:46,2024-01-19 14:21,2024-01-19 16:27,2024-01-19 16:27,2,HOME,WALK IN,56,M
1927,2024-01-19 13:48,2024-01-19 13:54,2024-01-19 14:58,2024-01-19 16:14,2024-01-19 16:14,4,HOME,WALK IN,62,F
1928,2024-01-19 13:59,2024-01-19 14:07,2024-01-19 14:37,2024-01-19 16:11,2024-01-19 16:11,3,ADMITTED,AMBULANCE,65,F
1929,2024-01-19 14:40,2024-01-19 14:45,2024-01-19 15:20,2024-01-19 15:35,2024-01-19 15:35,5,HOME,WALK IN,25,M
1930,2024-01-19 14:48,2024-01-19 14:53,2024-01-19 15:20,2024-01-19 15:45,2024-01-19 15:45,4,HOME,WALK IN,73,F
1931,2024-01-19 15:00,2024-01-19 15:06,2024-01-19 15:15,2024-01-19 18:32,2024-01-19 18:32,3,HOME,WALK IN,35,F
1932,2024-01-19 15:32,2024-01-19 15:34,2024-01-19 15:34,2024-01-19 17:42,2024-01-19 17:42,2,ADMITTED,WALK IN,47,F
1933,2024-01-19 15:37,2024-01-19 15:40,2024-01-19 15:40,2024-01-19 16:07,2024-01-19 16:07,5,HOME,WALK IN,38,M
1934,2024-01-19 15:39,2024-01-19 15:47,2024-01-19 15:47,2024-01-19 19:20,2024-01-19 19:20,3,HOME,WALK IN,43,M
1935,2024-01-19 15:52,2024-01-19 15:59,2024-01-19 16:14,2024-01-19 18:28,2024-01-19 18:28,2,HOME,AMBULANCE,32,M
1936,2024-01-19 15:59,2024-01-19 16:06,2024-01-19 16:25,2024-01-19 18:42,2024-01-19 18:42,2,ADMITTED,WALK IN,40,F
1937,2024-01-19 15:59,2024-01-19 16:04,2024-01-19 16:20,2024-01-19 21:11,2024-01-19 21:11,2,HOME,AMBULANCE,37,F
1938,2024-01-19 16:00,2024-01-19 16:11,2024-01-19 17:26,2024-01-19 18:51,2024-01-19 18:51,4,HOME,WALK IN,65,M
1939,2024-01-19 16:09,2024-01-19 16:17,2024-01-19 16:50,2024-01-19 19:00,2024-01-19 19:00,3,HOME,AMBULANCE,47,M
1940,2024-01-19 16:21,2024-01-19 16:29,2024-01-19 16:40,2024-01-19 18:39,2024-01-19 18:39,2,ADMITTED,AMBULANCE,68,F
1941,2024-01-19 16:22,2024-01-19 16:24,2024-01-19 16:27,2024-01-19 17:47,2024-01-19 17:47,2,HOME,WALK IN,38,M
1942,2024-01-19 16:28,2024-01-19 16:36,2024-01-19 17:29,2024-01-19 18:14,2024-01-19 18:14,4,HOME,WALK IN,62,F
1943,2024-01-19 16:34,2024-01-19 16:43,2024-01-19 16:49,2024-01-19 19:08,2024-01-19 19:08,2,HOME,WALK IN,71,F
1944,2024-01-19 16:48,2024-01-19 16:57,2024-01-19 17:11,2024-01-19 23:30,2024-01-19 23:30,3,HOME,WALK IN,73,F
1945,2024-01-19 16:55,2024-01-19 17:07,,,2024-01-19 19:00,4,LEFT WITHOUT BEING SEEN,WALK IN,63,M
1946,2024-01-19 17:00,2024-01-19 17:02,2024-01-19 17:30,2024-01-19 18:07,2024-01-19 18:07,4,HOME,WALK IN,37,F
1947,2024-01-19 17:02,2024-01-19 17:05,2024-01-19 17:31,2024-01-19 17:45,2024-01-19 17:45,4,HOME,WALK IN,47,F
1948,2024-01-19 17:05,2024-01-19 17:19,2024-01-19 17:24,2024-01-19 18:16,2024-01-19 18:16,3,HOME,AMBULANCE,38,F
1949,2024-01-19 17:09,2024-01-19 17:28,2024-01-19 17:40,2024-01-19 21:14,2024-01-19 21:14,1,ADMITTED,WALK IN,31,M
1950,2024-01-19 17:15,2024-01-19 17:29,2024-01-19 17:49,2024-01-19 19:40,2024-01-19 19:40,3,ADMITTED,AMBULANCE,32,F
1951,2024-01-19 17:24,2024-01-19 17:33,2024-01-19 17:45,2024-01-20 00:44,2024-01-20 00:44,2,HOME,WALK IN,24,F
1952,2024-01-19 17:27,2024-01-19 17:32,2024-01-19 17:43,2024-01-19 19:48,2024-01-19 19:48,2,ADMITTED,WALK IN,45,M
1953,2024-01-19 17:38,2024-01-19 17:41,2024-01-19 17:47,2024-01-19 18:55,2024-01-19 18:55,2,HOME,WALK IN,72,F
1954,2024-01-19 17:42,2024-01-19 17:47,2024-01-19 19:08,2024-01-19 19:59,2024-01-19 19:59,4,HOME,WALK IN,35,M
1955,2024-01-19 17:45,2024-01-19 17:54,2024-01-19 18:16,2024-01-19 19:39,2024-01-19 19:39,3,ADMITTED,WALK IN,64,F
1956,2024-01-19 17:46,2024-01-19 17:53,2024-01-19 18:14,2024-01-19 20:10,2024-01-19 20:10,3,HOME,WALK IN,40,F
1957,2024-01-19 17:46,2024-01-19 17:57,2024-01-19 19:14,2024-01-19 20:23,2024-01-19 20:23,4,HOME,WALK IN,47,F
1958,2024-01-19 17:50,2024-01-19 17:58,2024-01-19 18:13,2024-01-19 22:00,2024-01-19 22:00,2,ADMITTED,WALK IN,32,F
1959,2024-01-19 17:54,2024-01-19 18:02,2024-01-19 18:28,2024-01-19 19:00,2024-01-19 19:00,3,HOME,WALK IN,29,M
1960,2024-01-19 18:14,2024-01-19 18:17,2024-01-19 19:40,2024-01-19 20:41,2024-01-19 20:41,4,HOME,WALK IN,49,F
1961,2024-01-19 18:25,2024-01-19 18:31,2024-01-19 18:32,2024-01-19 22:37,2024-01-19 22:37,1,ADMITTED,AMBULANCE,38,F
1962,2024-01-19 18:32,2024-01-19 18:38,2024-01-19 18:42,2024-01-19 21:47,2024-01-19 21:47,2,ADMITTED,WALK IN,45,F
1963,2024-01-19 18:48,2024-01-19 18:54,2024-01-19 19:00,2024-01-19 21:35,2024-01-19 21:35,3,HOME,AMBULANCE,59,M
1964,2024-01-19 18:54,2024-01-19 18:59,2024-01-19 19:00,2024-01-19 20:37,2024-01-19 20:37,3,HOME,WALK IN,60,M
1965,2024-01-19 18:57,2024-01-19 19:00,2024-01-19 19:00,2024-01-19 21:40,2024-01-19 21:40,2,ADMITTED,AMBULANCE,65,M
1966,2024-01-19 18:58,2024-01-19 19:09,2024-01-19 19:20,2024-01-19 21:30,2024-01-19 21:30,3,HOME,AMBULANCE,74,F
1967,2024-01-19 19:19,2024-01-19 19:24,2024-01-19 19:50,2024-01-19 20:08,2024-01-19 20:08,5,HOME,WALK IN,44,M
1968,2024-01-19 19:41,2024-01-19 19:44,2024-01-19 19:48,2024-01-19 20:38,2024-01-19 20:38,3,HOME,WALK IN,22,M
1969,2024-01-19 19:53,2024-01-19 20:01,2024-01-19 20:01,2024-01-19 20:44,2024-01-19 20:44,4,HOME,WALK IN,37,F
1970,2024-01-19 19:58,2024-01-19 20:06,2024-01-19 20:10,2024-01-19 21:27,2024-01-19 21:27,4,ADMITTED,WALK IN,42,M
1971,2024-01-19 20:00,2024-01-19 20:05,2024-01-19 20:08,2024-01-19 21:46,2024-01-19 21:46,4,HOME,AMBULANCE,34,F
1972,2024-01-19 20:19,2024-01-19 20:23,2024-01-19 20:23,2024-01-19 21:23,2024-01-19 21:23,4,HOME,WALK IN,77,F
1973,2024-01-19 20:20,2024-01-19 20:27,2024-01-19 20:41,2024-01-19 22:39,2024-01-19 22:39,3,HOME,WALK IN,48,F
1974,2024-01-19 20:48,2024-01-19 20:51,2024-01-19 20:51,2024-01-19 21:20,2024-01-19 21:20,4,HOME,WALK IN,27,M
1975,2024-01-19 20:50,2024-01-19 20:55,2024-01-19 20:55,2024-01-19 22:24,2024-01-19 22:24,2,ADMITTED,WALK IN,75,M
1976,2024-01-19 20:56,2024-01-19 21:00,2024-01-19 21:00,2024-01-20 03:05,2024-01-20 03:05,1,HOME,WALK IN,64,M
1977,2024-01-19 21:26,2024-01-19 21:32,2024-01-19 21:38,2024-01-19 22:19,2024-01-19 22:19,4,HOME,WALK IN,32,M
1978,2024-01-19 22:08,2024-01-19 22:11,2024-01-19 22:11,2024-01-20 00:38,2024-01-20 00:38,3,HOME,WALK IN,42,F
1979,2024-01-19 22:34,2024-01-19 22:37,2024-01-19 22:37,2024-01-20 04:09,2024-01-20 04:09,2,HOME,WALK IN,29,M
1980,2024-01-19 22:40,2024-01-19 22:45,2024-01-19 22:45,2024-01-20 03:22,2024-01-20 03:22,3,HOME,AMBULANCE,47,M
1981,2024-01-19 23:24,2024-01-19 23:30,2024-01-19 23:30,2024-01-20 00:50,2024-01-20 00:50,3,ADMITTED,WALK IN,44,F
1982,2024-01-19 23:26,2024-01-19 23:35,2024-01-19 23:35,2024-01-20 03:23,2024-01-20 03:23,2,HOME,WALK IN,53,M
1983,2024-01-19 23:38,2024-01-19 23:45,2024-01-19 23:45,2024-01-20 03:12,2024-01-20 03:12,4,HOME,WALK IN,77,F
1984,2024-01-19 23:46,2024-01-19 23:49,2024-01-20 01:03,2024-01-20 04:53,2024-01-20 04:53,4,HOME,AMBULANCE,48,M
1985,2024-01-20 00:06,2024-01-20 00:10,2024-01-20 00:50,2024-01-20 03:51,2024-01-20 03:51,3,HOME,WALK IN,35,M
1986,2024-01-20 00:52,2024-01-20 01:00,2024-01-20 01:03,2024-01-20 01:17,2024-01-20 01:17,3,HOME,WALK IN,31,F
1987,2024-01-20 00:52,2024-01-20 01:05,2024-01-20 01:05,2024-01-20 03:25,2024-01-20 03:25,1,ADMITTED,WALK IN,71,F
1988,2024-01-20 01:57,2024-01-20 02:11,2024-01-20 03:23,2024-01-20 07:25,2024-01-20 07:25,3,HOME,WALK IN,84,M
1989,2024-01-20 02:04,2024-01-20 02:14,2024-01-20 03:25,2024-01-20 05:38,2024-01-20 05:38,3,HOME,WALK IN,37,F
1990,2024-01-20 02:05,2024-01-20 02:33,,,2024-01-20 03:26,4,LEFT WITHOUT BEING SEEN,WALK IN,43,F
1991,2024-01-20 03:40,2024-01-20 03:48,2024-01-20 03:51,2024-01-20 05:17,2024-01-20 05:17,3,ADMITTED,WALK IN,23,F
1992,2024-01-20 03:44,2024-01-20 03:54,2024-01-20 04:09,2024-01-20 12:20,2024-01-20 12:20,2,HOME,WALK IN,64,M
1993,2024-01-20 03:48,2024-01-20 04:02,2024-01-20 04:09,2024-01-20 06:43,2024-01-20 06:43,3,ADMITTED,WALK IN,38,F
1994,2024-01-20 04:11,2024-01-20 04:13,2024-01-20 04:53,2024-01-20 10:30,2024-01-20 10:30,2,ADMITTED,WALK IN,77,M
1995,2024-01-20 05:18,2024-01-20 05:22,2024-01-20 05:22,2024-01-20 08:18,2024-01-20 08:18,3,HOME,WALK IN,90,M
1996,2024-01-20 06:10,2024-01-20 06:14,2024-01-20 06:14,2024-01-20 09:45,2024-01-20 09:45,2,HOME,WALK IN,59,M
1997,2024-01-20 06:42,2024-01-20 06:47,2024-01-20 06:47,2024-01-20 07:16,2024-01-20 07:16,4,HOME,WALK IN,53,M
1998,2024-01-20 07:30,2024-01-20 07:41,2024-01-20 07:41,2024-01-20 09:08,2024-01-20 09:08,3,HOME,WALK IN,41,M
1999,2024-01-20 07:47,2024-01-20 07:52,2024-01-20 07:52,2024-01-20 08:34,2024-01-20 08:34,4,HOME,WALK IN,34,M
2000,2024-01-20 07:49,2024-01-20 08:07,2024-01-20 08:07,2024-01-20 11:58,2024-01-20 11:58,1,HOME,WALK IN,63,F
2001,2024-01-20 07:52,2024-01-20 08:11,2024-01-20 08:11,2024-01-20 08:22,2024-01-20 08:22,4,HOME,WALK IN,45,M
2002,2024-01-20 07:52,2024-01-20 08:16,2024-01-20 08:16,2024-01-20 10:40,2024-01-20 10:40,1,ADMITTED,WALK IN,29,F
2003,2024-01-20 07:53,2024-01-20 08:21,2024-01-20 08:34,2024-01-20 10:17,2024-01-20 10:17,2,ADMITTED,AMBULANCE,46,M
2004,2024-01-20 07:57,2024-01-20 08:32,2024-01-20 08:35,2024-01-20 10:11,2024-01-20 10:11,3,HOME,WALK IN,60,M
2005,2024-01-20 07:59,2024-01-20 08:36,2024-01-20 08:38,2024-01-20 10:44,2024-01-20 10:44,2,ADMITTED,WALK IN,48,F
2006,2024-01-20 08:06,2024-01-20 08:42,2024-01-20 08:46,2024-01-20 10:22,2024-01-20 10:22,3,ADMITTED,WALK IN,43,M
2007,2024-01-20 08:15,2024-01-20 08:50,2024-01-20 09:54,2024-01-20 10:57,2024-01-20 10:57,4,HOME,WALK IN,53,M
2008,2024-01-20 08:28,2024-01-20 08:54,2024-01-20 09:05,2024-01-20 13:12,2024-01-20 13:12,2,HOME,WALK IN,43,F
2009,2024-01-20 08:50,2024-01-20 08:58,2024-01-20 09:08,2024-01-20 09:56,2024-01-20 09:56,3,HOME,WALK IN,37,F
2010,2024-01-20 08:54,2024-01-20 09:02,2024-01-20 09:10,2024-01-20 11:03,2024-01-20 11:03,3,HOME,WALK IN,44,F
2011,2024-01-20 08:55,2024-01-20 09:09,2024-01-20 09:19,2024-01-20 10:26,2024-01-20 10:26,3,HOME,WALK IN,52,M
2012,2024-01-20 08:59,2024-01-20 09:18,2024-01-20 09:45,2024-01-20 14:15,2024-01-20 14:15,3,HOME,WALK IN,68,F
2013,2024-01-20 09:00,2024-01-20 09:20,2024-01-20 09:54,2024-01-20 12:23,2024-01-20 12:23,4,HOME,WALK IN,23,F
2014,2024-01-20 09:15,2024-01-20 09:23,2024-01-20 10:11,2024-01-20 10:50,2024-01-20 10:50,5,HOME,WALK IN,25,M
2015,2024-01-20 09:18,2024-01-20 09:27,2024-01-20 09:43,2024-01-20 10:35,2024-01-20 10:35,2,HOME,WALK IN,80,F
2016,2024-01-20 09:32,2024-01-20 09:38,2024-01-20 09:49,2024-01-20 12:16,2024-01-20 12:16,3,HOME,AMBULANCE,34,M
2017,2024-01-20 09:47,2024-01-20 09:52,2024-01-20 09:56,2024-01-20 11:15,2024-01-20 11:15,3,HOME,WALK IN,60,F
2018,2024-01-20 10:44,2024-01-20 10:47,2024-01-20 10:47,2024-01-20 18:42,2024-01-20 18:42,3,HOME,WALK IN,38,F
2019,2024-01-20 11:19,2024-01-20 11:26,2024-01-20 11:26,2024-01-20 13:53,2024-01-20 13:53,2,HOME,WALK IN,27,F
2020,2024-01-20 11:22,2024-01-20 11:26,2024-01-20 11:26,2024-01-20 13:06,2024-01-20 13:06,3,HOME,AMBULANCE,55,F
2021,2024-01-20 11:23,2024-01-20 11:32,2024-01-20 11:54,2024-01-20 13:34,2024-01-20 13:34,3,ADMITTED,WALK IN,88,M
2022,2024-01-20 11:23,2024-01-20 11:29,2024-01-20 11:29,2024-01-20 15:08,2024-01-20 15:08,3,ADMITTED,AMBULANCE,92,M
2023,2024-01-20 11:28,2024-01-20 11:37,2024-01-20 11:58,2024-01-20 14:26,2024-01-20 14:26,3,ADMITTED,AMBULANCE,34,M
2024,2024-01-20 11:38,2024-01-20 11:43,2024-01-20 12:00,2024-01-20 15:00,2024-01-20 15:00,3,HOME,WALK IN,68,M
2025,2024-01-20 12:05,2024-01-20 12:11,2024-01-20 12:17,2024-01-20 12:38,2024-01-20 12:38,4,HOME,WALK IN,24,M
2026,2024-01-20 12:41,2024-01-20 12:46,2024-01-20 12:46,2024-01-20 13:10,2024-01-20 13:10,4,HOME,WALK IN,38,M
2027,2024-01-20 12:43,2024-01-20 12:50,2024-01-20 12:50,2024-01-20 12:59,2024-01-20 12:59,5,HOME,WALK IN,61,M
2028,2024-01-20 12:53,2024-01-20 12:55,2024-01-20 12:55,2024-01-20 14:42,2024-01-20 14:42,3,HOME,WALK IN,28,F
2029,2024-01-20 13:13,2024-01-20 13:15,2024-01-20 13:15,2024-01-20 14:53,2024-01-20 14:53,4,HOME,AMBULANCE,65,M
2030,2024-01-20 13:28,2024-01-20 13:32,2024-01-20 13:32,2024-01-20 15:04,2024-01-20 15:04,4,ADMITTED,WALK IN,68,F
2031,2024-01-20 13:32,2024-01-20 13:38,2024-01-20 13:38,2024-01-20 16:17,2024-01-20 16:17,1,ADMITTED,WALK IN,43,F
2032,2024-01-20 13:32,2024-01-20 13:37,2024-01-20 13:37,2024-01-20 15:37,2024-01-20 15:37,4,HOME,WALK IN,46,M
2033,2024-01-20 13:41,2024-01-20 13:47,2024-01-20 13:47,2024-01-20 15:47,2024-01-20 15:47,2,HOME,AMBULANCE,47,F
2034,2024-01-20 14:17,2024-01-20 14:21,2024-01-20 14:21,2024-01-20 18:07,2024-01-20 18:07,3,ADMITTED,WALK IN,26,F
2035,2024-01-20 14:25,2024-01-20 14:30,2024-01-20 14:30,2024-01-20 17:59,2024-01-20 17:59,4,HOME,AMBULANCE,27,M
2036,2024-01-20 14:32,2024-01-20 14:37,2024-01-20 14:37,2024-01-20 17:13,2024-01-20 17:13,1,HOME,AMBULANCE,57,M
2037,2024-01-20 14:37,2024-01-20 14:41,2024-01-20 14:41,2024-01-20 15:42,2024-01-20 15:42,3,ADMITTED,WALK IN,56,M
2038,2024-01-20 14:55,2024-01-20 14:59,2024-01-20 15:00,2024-01-20 17:59,2024-01-20 17:59,2,ADMITTED,WALK IN,61,M
2039,2024-01-20 15:04,2024-01-20 15:07,2024-01-20 15:08,2024-01-20 16:13,2024-01-20 16:13,4,HOME,WALK IN,27,M
2040,2024-01-20 15:11,2024-01-20 15:20,2024-01-20 15:20,2024-01-20 17:20,2024-01-20 17:20,4,HOME,WALK IN,55,M
2041,2024-01-20 15:13,2024-01-20 15:21,2024-01-20 15:21,2024-01-20 19:46,2024-01-20 19:46,4,ADMITTED,WALK IN,44,M
2042,2024-01-20 15:15,2024-01-20 15:29,2024-01-20 17:21,2024-01-20 19:03,2024-01-20 19:03,3,HOME,WALK IN,40,M
2043,2024-01-20 15:18,2024-01-20 15:24,2024-01-20 15:47,2024-01-20 18:01,2024-01-20 18:01,2,ADMITTED,WALK IN,56,M
2044,2024-01-20 15:23,2024-01-20 15:28,2024-01-20 17:20,2024-01-20 19:42,2024-01-20 19:42,3,ADMITTED,WALK IN,70,M
2045,2024-01-20 15:37,2024-01-20 15:43,2024-01-20 16:17,2024-01-20 18:05,2024-01-20 18:05,2,HOME,AMBULANCE,50,F
2046,2024-01-20 15:46,2024-01-20 15:57,,,2024-01-20 19:44,4,LEFT WITHOUT BEING SEEN,WALK IN,64,M
2047,2024-01-20 15:51,2024-01-20 15:57,2024-01-20 16:22,2024-01-20 18:55,2024-01-20 18:55,2,HOME,WALK IN,60,M
2048,2024-01-20 16:21,2024-01-20 16:26,2024-01-20 16:51,2024-01-20 18:50,2024-01-20 18:50,2,HOME,WALK IN,41,M
2049,2024-01-20 16:41,2024-01-20 16:45,2024-01-20 18:05,2024-01-20 22:06,2024-01-20 22:06,3,ADMITTED,WALK IN,59,F
2050,2024-01-20 16:51,2024-01-20 16:54,2024-01-20 18:05,2024-01-20 21:05,2024-01-20 21:05,3,HOME,WALK IN,64,M
2051,2024-01-20 16:56,2024-01-20 17:03,,,2024-01-20 19:08,4,LEFT WITHOUT BEING SEEN,AMBULANCE,49,F
2052,2024-01-20 17:08,2024-01-20 17:12,2024-01-20 18:07,2024-01-20 18:50,2024-01-20 18:50,3,HOME,WALK IN,57,F
2053,2024-01-20 17:09,2024-01-20 17:13,2024-01-20 18:08,2024-01-20 19:47,2024-01-20 19:47,3,HOME,WALK IN,80,F
2054,2024-01-20 17:25,2024-01-20 17:30,2024-01-20 17:39,2024-01-20 18:56,2024-01-20 18:56,2,HOME,WALK IN,57,F
2055,2024-01-20 17:31,2024-01-20 17:36,2024-01-20 17:59,2024-01-20 19:40,2024-01-20 19:40,1,ADMITTED,AMBULANCE,68,M
2056,2024-01-20 17:53,2024-01-20 17:58,2024-01-20 19:52,2024-01-20 20:53,2024-01-20 20:53,4,HOME,WALK IN,30,F
2057,2024-01-20 17:56,2024-01-20 18:02,2024-01-20 18:44,2024-01-20 21:15,2024-01-20 21:15,3,ADMITTED,WALK IN,47,M
2058,2024-01-20 18:05,2024-01-20 18:08,2024-01-20 19:53,2024-01-20 21:01,2024-01-20 21:01,4,HOME,WALK IN,33,F
2059,2024-01-20 18:05,2024-01-20 18:07,2024-01-20 18:08,2024-01-20 19:45,2024-01-20 19:45,2,ADMITTED,AMBULANCE,77,M
2060,2024-01-20 18:18,2024-01-20 18:24,2024-01-20 19:03,2024-01-20 20:51,2024-01-20 20:51,3,HOME,WALK IN,27,F
2061,2024-01-20 18:30,2024-01-20 18:44,2024-01-20 19:47,2024-01-20 20:50,2024-01-20 20:50,3,HOME,WALK IN,42,M
2062,2024-01-20 18:39,2024-01-20 18:48,2024-01-20 18:59,2024-01-20 21:31,2024-01-20 21:31,2,HOME,WALK IN,62,M
2063,2024-01-20 18:48,2024-01-20 18:55,2024-01-20 18:55,2024-01-20 21:22,2024-01-20 21:22,1,ADMITTED,AMBULANCE,75,M
2064,2024-01-20 19:07,2024-01-20 19:12,2024-01-20 19:50,2024-01-20 22:33,2024-01-20 22:33,3,HOME,WALK IN,64,F
2065,2024-01-20 19:38,2024-01-20 19:42,2024-01-20 19:46,2024-01-20 21:41,2024-01-20 21:41,2,HOME,WALK IN,35,F
2066,2024-01-20 20:01,2024-01-20 20:11,2024-01-20 20:11,2024-01-20 21:10,2024-01-20 21:10,4,HOME,WALK IN,32,M
2067,2024-01-20 20:02,2024-01-20 20:06,2024-01-20 20:06,2024-01-20 22:06,2024-01-20 22:06,2,HOME,AMBULANCE,75,M
2068,2024-01-20 20:22,2024-01-20 20:26,2024-01-20 20:26,2024-01-21 00:08,2024-01-21 00:08,2,ADMITTED,WALK IN,60,M
2069,2024-01-20 20:26,2024-01-20 20:30,2024-01-20 20:30,2024-01-20 22:11,2024-01-20 22:11,3,HOME,WALK IN,36,M
2070,2024-01-20 20:40,2024-01-20 20:48,2024-01-20 20:51,2024-01-20 23:15,2024-01-20 23:15,2,ADMITTED,WALK IN,26,F
2071,2024-01-20 20:55,2024-01-20 21:05,2024-01-20 21:05,2024-01-20 23:44,2024-01-20 23:44,4,ADMITTED,WALK IN,69,F
2072,2024-01-20 21:06,2024-01-20 21:08,2024-01-20 21:15,2024-01-20 22:04,2024-01-20 22:04,5,ADMITTED,WALK IN,73,M
2073,2024-01-20 21:53,2024-01-20 22:00,2024-01-20 22:06,2024-01-20 23:50,2024-01-20 23:50,3,HOME,WALK IN,41,F
2074,2024-01-20 22:24,2024-01-20 22:30,2024-01-20 22:30,2024-01-20 22:54,2024-01-20 22:54,3,HOME,WALK IN,25,M
2075,2024-01-20 22:43,2024-01-20 22:50,2024-01-20 22:50,2024-01-21 00:40,2024-01-21 00:40,2,HOME,WALK IN,37,F
2076,2024-01-20 23:31,2024-01-20 23:38,2024-01-20 23:38,2024-01-21 00:06,2024-01-21 00:06,5,HOME,WALK IN,64,M
2077,2024-01-21 00:56,2024-01-21 01:05,2024-01-21 01:05,2024-01-21 06:29,2024-01-21 06:29,3,ADMITTED,AMBULANCE,70,M
2078,2024-01-21 01:28,2024-01-21 01:34,2024-01-21 01:34,2024-01-21 02:43,2024-01-21 02:43,3,HOME,WALK IN,32,F
2079,2024-01-21 04:56,2024-01-21 05:03,2024-01-21 05:03,2024-01-21 09:28,2024-01-21 09:28,3,HOME,WALK IN,30,M
2080,2024-01-21 05:02,2024-01-21 05:14,2024-01-21 05:14,2024-01-21 09:31,2024-01-21 09:31,2,HOME,WALK IN,89,F
2081,2024-01-21 05:02,2024-01-21 05:19,2024-01-21 06:29,2024-01-21 12:03,2024-01-21 12:03,2,ADMITTED,WALK IN,62,M
2082,2024-01-21 05:12,2024-01-21 05:25,,,2024-01-21 08:28,4,LEFT WITHOUT BEING SEEN,AMBULANCE,33,F
2083,2024-01-21 05:56,2024-01-21 06:01,2024-01-21 07:01,2024-01-21 10:20,2024-01-21 10:20,4,HOME,WALK IN,41,F
2084,2024-01-21 06:35,2024-01-21 06:40,2024-01-21 06:47,2024-01-21 08:04,2024-01-21 08:04,2,HOME,AMBULANCE,57,F
2085,2024-01-21 06:38,2024-01-21 06:46,2024-01-21 07:46,2024-01-21 10:23,2024-01-21 10:23,3,HOME,WALK IN,17,F
2086,2024-01-21 07:04,2024-01-21 07:07,2024-01-21 08:00,2024-01-21 09:47,2024-01-21 09:47,3,HOME,WALK IN,83,M
2087,2024-01-21 07:06,2024-01-21 07:13,2024-01-21 08:00,2024-01-21 11:23,2024-01-21 11:23,2,HOME,WALK IN,90,F
2088,2024-01-21 07:19,2024-01-21 07:26,2024-01-21 08:04,2024-01-21 13:09,2024-01-21 13:09,3,ADMITTED,WALK IN,55,M
2089,2024-01-21 07:34,2024-01-21 07:36,,,2024-01-21 10:08,4,LEFT WITHOUT BEING SEEN,WALK IN,64,F
2090,2024-01-21 08:05,2024-01-21 08:11,2024-01-21 08:29,2024-01-21 11:39,2024-01-21 11:39,3,HOME,WALK IN,33,F
2091,2024-01-21 08:49,2024-01-21 08:51,,,2024-01-21 13:16,5,LEFT WITHOUT BEING SEEN,WALK IN,39,F
2092,2024-01-21 09:00,2024-01-21 09:05,2024-01-21 10:23,2024-01-21 11:20,2024-01-21 11:20,3,HOME,WALK IN,41,F
2093,2024-01-21 09:03,2024-01-21 09:08,,,2024-01-21 09:58,5,LEFT WITHOUT BEING SEEN,WALK IN,23,F
2094,2024-01-21 09:12,2024-01-21 09:20,2024-01-21 09:31,2024-01-21 11:56,2024-01-21 11:56,2,ADMITTED,AMBULANCE,63,M
2095,2024-01-21 09:16,2024-01-21 09:26,2024-01-21 10:26,2024-01-21 11:17,2024-01-21 11:17,3,HOME,WALK IN,65,M
2096,2024-01-21 09:22,2024-01-21 09:32,2024-01-21 10:31,2024-01-21 11:47,2024-01-21 11:47,3,HOME,AMBULANCE,22,M
2097,2024-01-21 09:22,2024-01-21 09:41,2024-01-21 09:47,2024-01-21 13:40,2024-01-21 13:40,2,ADMITTED,WALK IN,61,F
2098,2024-01-21 09:54,2024-01-21 10:03,2024-01-21 12:03,2024-01-21 16:00,2024-01-21 16:00,4,ADMITTED,WALK IN,54,F
2099,2024-01-21 09:57,2024-01-21 10:06,,,2024-01-21 13:10,4,LEFT WITHOUT BEING SEEN,WALK IN,34,M
2100,2024-01-21 10:22,2024-01-21 10:34,2024-01-21 12:48,2024-01-21 14:53,2024-01-21 14:53,4,HOME,WALK IN,52,M
2101,2024-01-21 10:29,2024-01-21 10:38,2024-01-21 10:47,2024-01-21 12:45,2024-01-21 12:45,2,ADMITTED,WALK IN,64,M
2102,2024-01-21 10:33,2024-01-21 10:38,2024-01-21 10:48,2024-01-21 15:23,2024-01-21 15:23,3,HOME,WALK IN,35,M
2103,2024-01-21 10:36,2024-01-21 10:44,2024-01-21 11:23,2024-01-21 12:51,2024-01-21 12:51,3,ADMITTED,AMBULANCE,18,F
2104,2024-01-21 10:52,2024-01-21 10:58,,,2024-01-21 14:53,4,LEFT WITHOUT BEING SEEN,WALK IN,38,M
2105,2024-01-21 10:54,2024-01-21 11:03,2024-01-21 11:47,2024-01-21 14:51,2024-01-21 14:51,3,ADMITTED,WALK IN,65,M
2106,2024-01-21 10:57,2024-01-21 11:03,2024-01-21 11:43,2024-01-21 12:48,2024-01-21 12:48,3,ADMITTED,AMBULANCE,53,M
2107,2024-01-21 11:05,2024-01-21 11:11,2024-01-21 11:55,2024-01-21 13:35,2024-01-21 13:35,3,ADMITTED,WALK IN,53,F
2108,2024-01-21 11:41,2024-01-21 11:50,2024-01-21 11:56,2024-01-21 14:45,2024-01-21 14:45,3,ADMITTED,AMBULANCE,22,F
2109,2024-01-21 11:56,2024-01-21 12:07,2024-01-21 12:07,2024-01-21 13:45,2024-01-21 13:45,1,ADMITTED,AMBULANCE,40,M
2110,2024-01-21 12:02,2024-01-21 12:08,2024-01-21 15:31,2024-01-21 16:26,2024-01-21 16:26,4,HOME,WALK IN,53,M
2111,2024-01-21 12:03,2024-01-21 12:16,2024-01-21 12:17,2024-01-21 14:51,2024-01-21 14:51,3,HOME,WALK IN,51,M
2112,2024-01-21 12:14,2024-01-21 12:27,2024-01-21 13:09,2024-01-21 17:42,2024-01-21 17:42,2,ADMITTED,AMBULANCE,79,F
2113,2024-01-21 12:15,2024-01-21 12:22,2024-01-21 12:51,2024-01-21 17:53,2024-01-21 17:53,2,HOME,WALK IN,44,M
2114,2024-01-21 12:16,2024-01-21 12:25,2024-01-21 13:11,2024-01-21 14:54,2024-01-21 14:54,3,ADMITTED,WALK IN,51,M
2115,2024-01-21 12:17,2024-01-21 12:30,2024-01-21 12:45,2024-01-21 18:51,2024-01-21 18:51,1,ADMITTED,WALK IN,50,M
2116,2024-01-21 12:22,2024-01-21 12:44,,,2024-01-21 14:06,4,LEFT WITHOUT BEING SEEN,WALK IN,72,F
2117,2024-01-21 12:22,2024-01-21 12:32,2024-01-21 13:14,2024-01-21 14:51,2024-01-21 14:51,3,HOME,AMBULANCE,26,M
2118,2024-01-21 12:34,2024-01-21 12:37,,,2024-01-21 13:43,4,LEFT WITHOUT BEING SEEN,WALK IN,61,F
2119,2024-01-21 12:52,2024-01-21 12:56,2024-01-21 15:53,2024-01-21 16:22,2024-01-21 16:22,5,HOME,WALK IN,38,F
2120,2024-01-21 12:59,2024-01-21 13:04,2024-01-21 15:51,2024-01-21 16:06,2024-01-21 16:06,4,HOME,WALK IN,21,F
2121,2024-01-21 13:21,2024-01-21 13:26,,,2024-01-21 14:12,4,LEFT WITHOUT BEING SEEN,WALK IN,21,F
2122,2024-01-21 13:28,2024-01-21 13:32,2024-01-21 13:44,2024-01-21 16:11,2024-01-21 16:11,3,HOME,AMBULANCE,50,M
2123,2024-01-21 13:36,2024-01-21 13:43,2024-01-21 13:45,2024-01-21 15:52,2024-01-21 15:52,3,HOME,WALK IN,69,F
2124,2024-01-21 13:47,2024-01-21 13:55,,,2024-01-21 15:22,4,LEFT WITHOUT BEING SEEN,WALK IN,49,M
2125,2024-01-21 14:03,2024-01-21 14:06,2024-01-21 14:51,2024-01-21 17:48,2024-01-21 17:48,2,ADMITTED,WALK IN,72,M
2126,2024-01-21 14:06,2024-01-21 14:09,2024-01-21 14:53,2024-01-21 15:44,2024-01-21 15:44,3,ADMITTED,WALK IN,48,M
2127,2024-01-21 14:07,2024-01-21 14:10,2024-01-21 14:54,2024-01-21 20:27,2024-01-21 20:27,3,HOME,WALK IN,72,F
2128,2024-01-21 14:31,2024-01-21 14:34,2024-01-21 16:02,2024-01-21 16:49,2024-01-21 16:49,5,HOME,WALK IN,39,F
2129,2024-01-21 14:32,2024-01-21 14:36,2024-01-21 14:54,2024-01-21 15:46,2024-01-21 15:46,3,HOME,WALK IN,70,F
2130,2024-01-21 15:02,2024-01-21 15:07,2024-01-21 15:23,2024-01-21 19:24,2024-01-21 19:24,3,HOME,WALK IN,66,M
2131,2024-01-21 15:53,2024-01-21 15:55,2024-01-21 15:55,2024-01-21 19:02,2024-01-21 19:02,2,HOME,AMBULANCE,77,M
2132,2024-01-21 15:59,2024-01-21 16:05,2024-01-21 16:11,2024-01-21 18:48,2024-01-21 18:48,3,HOME,WALK IN,39,F
2133,2024-01-21 16:16,2024-01-21 16:24,2024-01-21 16:26,2024-01-21 17:50,2024-01-21 17:50,3,HOME,WALK IN,74,M
2134,2024-01-21 16:40,2024-01-21 16:44,2024-01-21 16:44,2024-01-21 17:57,2024-01-21 17:57,2,HOME,WALK IN,39,M
2135,2024-01-21 16:50,2024-01-21 16:58,2024-01-21 16:58,2024-01-21 21:28,2024-01-21 21:28,3,HOME,AMBULANCE,79,M
2136,2024-01-21 16:59,2024-01-21 17:03,2024-01-21 17:03,2024-01-21 17:59,2024-01-21 17:59,5,HOME,WALK IN,39,M
2137,2024-01-21 16:59,2024-01-21 17:07,2024-01-21 17:07,2024-01-21 21:29,2024-01-21 21:29,2,HOME,WALK IN,65,M
2138,2024-01-21 17:11,2024-01-21 17:15,2024-01-21 17:59,2024-01-21 23:50,2024-01-21 23:50,3,HOME,WALK IN,48,M
2139,2024-01-21 17:12,2024-01-21 17:17,2024-01-21 19:40,2024-01-21 22:06,2024-01-21 22:06,3,ADMITTED,WALK IN,40,M
2140,2024-01-21 17:22,2024-01-21 17:29,2024-01-21 17:29,2024-01-21 18:56,2024-01-21 18:56,1,HOME,WALK IN,44,M
2141,2024-01-21 17:26,2024-01-21 17:30,2024-01-21 17:57,2024-01-21 20:39,2024-01-21 20:39,2,HOME,AMBULANCE,81,M
2142,2024-01-21 17:50,2024-01-21 17:53,2024-01-21 20:00,2024-01-21 21:05,2024-01-21 21:05,4,HOME,WALK IN,58,M
2143,2024-01-21 17:51,2024-01-21 17:54,,,2024-01-21 19:04,5,LEFT WITHOUT BEING SEEN,WALK IN,57,M
2144,2024-01-21 17:53,2024-01-21 17:59,2024-01-21 19:04,2024-01-21 20:51,2024-01-21 20:51,2,HOME,WALK IN,64,M
2145,2024-01-21 18:09,2024-01-21 18:14,2024-01-21 19:06,2024-01-21 20:45,2024-01-21 20:45,2,ADMITTED,AMBULANCE,68,M
2146,2024-01-21 18:22,2024-01-21 18:30,2024-01-21 19:23,2024-01-21 22:26,2024-01-21 22:26,2,ADMITTED,WALK IN,64,M
2147,2024-01-21 18:24,2024-01-21 18:27,2024-01-21 19:10,2024-01-21 22:39,2024-01-21 22:39,2,HOME,WALK IN,37,F
2148,2024-01-21 18:27,2024-01-21 18:32,2024-01-21 19:55,2024-01-21 21:02,2024-01-21 21:02,3,ADMITTED,WALK IN,58,M
2149,2024-01-21 18:38,2024-01-21 18:43,2024-01-21 18:48,2024-01-21 20:27,2024-01-21 20:27,1,HOME,AMBULANCE,41,M
2150,2024-01-21 18:43,2024-01-21 18:46,2024-01-21 18:51,2024-01-22 01:26,2024-01-22 01:26,1,ADMITTED,AMBULANCE,71,M
2151,2024-01-21 18:44,2024-01-21 18:48,2024-01-21 19:24,2024-01-22 01:17,2024-01-22 01:17,2,ADMITTED,WALK IN,55,F
2152,2024-01-21 18:50,2024-01-21 18:55,2024-01-21 18:56,2024-01-22 01:20,2024-01-22 01:20,1,HOME,AMBULANCE,51,M
2153,2024-01-21 18:52,2024-01-21 18:57,2024-01-21 19:34,2024-01-21 21:38,2024-01-21 21:38,2,HOME,WALK IN,55,M
2154,2024-01-21 18:56,2024-01-21 19:04,2024-01-21 20:00,2024-01-21 23:35,2024-01-21 23:35,3,HOME,WALK IN,47,F
2155,2024-01-21 20:08,2024-01-21 20:16,2024-01-21 20:27,2024-01-21 22:29,2024-01-21 22:29,3,HOME,AMBULANCE,41,M
2156,2024-01-21 20:17,2024-01-21 20:18,2024-01-21 20:27,2024-01-21 21:36,2024-01-21 21:36,3,ADMITTED,WALK IN,59,M
2157,2024-01-21 20:26,2024-01-21 20:28,2024-01-21 20:39,2024-01-21 22:35,2024-01-21 22:35,2,ADMITTED,WALK IN,32,M
2158,2024-01-21 20:27,2024-01-21 20:34,2024-01-21 20:51,2024-01-21 22:12,2024-01-21 22:12,4,HOME,WALK IN,36,F
2159,2024-01-21 20:37,2024-01-21 20:41,2024-01-21 21:05,2024-01-21 22:01,2024-01-21 22:01,4,HOME,WALK IN,48,M
2160,2024-01-21 20:40,2024-01-21 20:42,,,2024-01-21 22:57,5,LEFT WITHOUT BEING SEEN,WALK IN,34,F
2161,2024-01-21 20:52,2024-01-21 20:55,,,2024-01-21 22:27,5,LEFT WITHOUT BEING SEEN,WALK IN,23,F
2162,2024-01-21 20:58,2024-01-21 21:06,2024-01-21 21:28,2024-01-21 23:44,2024-01-21 23:44,1,HOME,WALK IN,36,F
2163,2024-01-21 20:58,2024-01-21 21:00,,,2024-01-21 22:49,4,LEFT WITHOUT BEING SEEN,WALK IN,38,F
2164,2024-01-21 21:19,2024-01-21 21:24,2024-01-21 21:29,2024-01-21 23:44,2024-01-21 23:44,3,ADMITTED,WALK IN,58,M
2165,2024-01-21 21:21,2024-01-21 21:25,2024-01-21 22:46,2024-01-22 01:29,2024-01-22 01:29,3,HOME,AMBULANCE,53,F
2166,2024-01-21 21:28,2024-01-21 21:31,2024-01-21 21:38,2024-01-22 02:20,2024-01-22 02:20,2,HOME,WALK IN,39,M
2167,2024-01-21 21:57,2024-01-21 22:01,2024-01-21 22:54,2024-01-22 01:23,2024-01-22 01:23,3,HOME,WALK IN,47,M
2168,2024-01-21 22:05,2024-01-21 22:10,2024-01-21 23:44,2024-01-22 01:47,2024-01-22 01:47,3,HOME,WALK IN,28,M
2169,2024-01-21 22:07,2024-01-21 22:16,2024-01-21 22:29,2024-01-22 03:43,2024-01-22 03:43,2,HOME,WALK IN,76,M
2170,2024-01-21 22:08,2024-01-21 22:21,2024-01-21 23:50,2024-01-22 04:08,2024-01-22 04:08,3,HOME,WALK IN,67,M
2171,2024-01-21 22:20,2024-01-21 22:29,2024-01-21 22:39,2024-01-22 01:32,2024-01-22 01:32,2,HOME,WALK IN,57,F
2172,2024-01-21 22:30,2024-01-21 22:36,2024-01-22 01:32,2024-01-22 02:43,2024-01-22 02:43,3,ADMITTED,AMBULANCE,49,M
2173,2024-01-21 22:31,2024-01-21 22:38,,,2024-01-22 02:00,4,LEFT WITHOUT BEING SEEN,WALK IN,62,F
2174,2024-01-21 23:14,2024-01-21 23:19,,,2024-01-22 00:40,3,LEFT WITHOUT BEING SEEN,WALK IN,75,M
2175,2024-01-22 01:02,2024-01-22 01:10,2024-01-22 01:37,2024-01-22 03:13,2024-01-22 03:13,3,ADMITTED,WALK IN,62,M
2176,2024-01-22 01:09,2024-01-22 01:13,2024-01-22 01:47,2024-01-22 04:14,2024-01-22 04:14,3,ADMITTED,WALK IN,47,F
2177,2024-01-22 01:55,2024-01-22 02:00,2024-01-22 02:20,2024-01-22 04:58,2024-01-22 04:58,3,ADMITTED,WALK IN,39,F
2178,2024-01-22 03:21,2024-01-22 03:26,2024-01-22 03:26,2024-01-22 07:11,2024-01-22 07:11,3,HOME,WALK IN,22,F
2179,2024-01-22 04:01,2024-01-22 04:07,2024-01-22 04:07,2024-01-22 06:08,2024-01-22 06:08,2,ADMITTED,WALK IN,33,M
2180,2024-01-22 05:18,2024-01-22 05:27,2024-01-22 05:27,2024-01-22 06:19,2024-01-22 06:19,3,HOME,AMBULANCE,85,M
2181,2024-01-22 05:38,2024-01-22 05:43,2024-01-22 05:43,2024-01-22 08:59,2024-01-22 08:59,2,HOME,AMBULANCE,24,F
2182,2024-01-22 05:47,2024-01-22 05:55,2024-01-22 05:55,2024-01-22 07:52,2024-01-22 07:52,1,ADMITTED,WALK IN,77,M
2183,2024-01-22 07:11,2024-01-22 07:18,2024-01-22 07:18,2024-01-22 11:03,2024-01-22 11:03,3,ADMITTED,AMBULANCE,26,M
2184,2024-01-22 07:44,2024-01-22 07:50,2024-01-22 07:50,2024-01-22 10:32,2024-01-22 10:32,2,HOME,WALK IN,43,M
2185,2024-01-22 07:45,2024-01-22 07:56,2024-01-22 07:56,2024-01-22 09:03,2024-01-22 09:03,5,HOME,WALK IN,54,F
2186,2024-01-22 07:46,2024-01-22 08:01,2024-01-22 08:01,2024-01-22 09:53,2024-01-22 09:53,3,ADMITTED,WALK IN,34,M
2187,2024-01-22 08:05,2024-01-22 08:10,2024-01-22 08:10,2024-01-22 11:56,2024-01-22 11:56,3,HOME,WALK IN,37,F
2188,2024-01-22 08:06,2024-01-22 08:13,2024-01-22 08:13,2024-01-22 08:19,2024-01-22 08:19,5,HOME,WALK IN,65,M
2189,2024-01-22 08:07,2024-01-22 08:17,2024-01-22 08:19,2024-01-22 11:10,2024-01-22 11:10,3,HOME,WALK IN,45,F
2190,2024-01-22 08:27,2024-01-22 08:32,2024-01-22 09:09,2024-01-22 19:05,2024-01-22 19:05,3,HOME,AMBULANCE,60,F
2191,2024-01-22 08:38,2024-01-22 08:50,2024-01-22 09:03,2024-01-22 11:13,2024-01-22 11:13,2,HOME,AMBULANCE,58,M
2192,2024-01-22 08:40,2024-01-22 08:54,2024-01-22 10:37,2024-01-22 14:39,2024-01-22 14:39,4,ADMITTED,WALK IN,52,F
2193,2024-01-22 08:42,2024-01-22 09:03,2024-01-22 09:04,2024-01-22 11:05,2024-01-22 11:05,2,HOME,WALK IN,60,F
2194,2024-01-22 09:05,2024-01-22 09:13,,,2024-01-22 10:27,4,LEFT WITHOUT BEING SEEN,WALK IN,33,F
2195,2024-01-22 09:06,2024-01-22 09:20,,,2024-01-22 11:29,5,LEFT WITHOUT BEING SEEN,WALK IN,35,F
2196,2024-01-22 09:15,2024-01-22 09:25,,,2024-01-22 11:03,4,LEFT WITHOUT BEING SEEN,WALK IN,72,F
2197,2024-01-22 09:17,2024-01-22 09:39,2024-01-22 09:53,2024-01-22 11:00,2024-01-22 11:00,2,ADMITTED,WALK IN,62,M
2198,2024-01-22 09:17,2024-01-22 09:45,2024-01-22 09:54,2024-01-22 12:02,2024-01-22 12:02,3,ADMITTED,AMBULANCE,37,M
2199,2024-01-22 09:24,2024-01-22 09:48,2024-01-22 09:48,2024-01-22 14:17,2024-01-22 14:17,1,HOME,WALK IN,53,F
2200,2024-01-22 09:29,2024-01-22 09:56,2024-01-22 10:13,2024-01-22 11:51,2024-01-22 11:51,2,ADMITTED,AMBULANCE,48,F
2201,2024-01-22 09:31,2024-01-22 10:03,2024-01-22 11:21,2024-01-22 12:39,2024-01-22 12:39,4,HOME,WALK IN,44,M
2202,2024-01-22 09:32,2024-01-22 10:10,,,2024-01-22 10:59,5,LEFT WITHOUT BEING SEEN,WALK IN,56,F
2203,2024-01-22 09:44,2024-01-22 10:05,2024-01-22 10:20,2024-01-22 12:02,2024-01-22 12:02,3,HOME,WALK IN,46,M
2204,2024-01-22 09:56,2024-01-22 10:14,,,2024-01-22 11:04,4,LEFT WITHOUT BEING SEEN,WALK IN,49,F
2205,2024-01-22 09:58,2024-01-22 10:14,2024-01-22 11:25,2024-01-22 12:04,2024-01-22 12:04,4,HOME,WALK IN,40,M
2206,2024-01-22 10:11,2024-01-22 10:27,2024-01-22 10:32,2024-01-22 11:48,2024-01-22 11:48,2,HOME,WALK IN,74,M
2207,2024-01-22 10:16,2024-01-22 10:21,2024-01-22 12:15,2024-01-22 13:54,2024-01-22 13:54,4,HOME,WALK IN,45,M
2208,2024-01-22 10:18,2024-01-22 10:26,2024-01-22 10:36,2024-01-22 14:14,2024-01-22 14:14,3,HOME,WALK IN,45,F
2209,2024-01-22 10:20,2024-01-22 10:34,2024-01-22 12:19,2024-01-22 15:29,2024-01-22 15:29,4,HOME,WALK IN,50,F
2210,2024-01-22 10:28,2024-01-22 10:33,2024-01-22 11:19,2024-01-22 15:07,2024-01-22 15:07,3,ADMITTED,WALK IN,79,M
2211,2024-01-22 10:35,2024-01-22 10:43,2024-01-22 11:10,2024-01-22 14:08,2024-01-22 14:08,2,ADMITTED,WALK IN,50,M
2212,2024-01-22 10:48,2024-01-22 10:54,2024-01-22 11:13,2024-01-22 12:33,2024-01-22 12:33,2,HOME,AMBULANCE,62,F
2213,2024-01-22 10:58,2024-01-22 11:03,,,2024-01-22 13:37,5,LEFT WITHOUT BEING SEEN,WALK IN,60,F
2214,2024-01-22 11:06,2024-01-22 11:12,2024-01-22 11:16,2024-01-22 14:55,2024-01-22 14:55,2,HOME,WALK IN,47,M
2215,2024-01-22 11:06,2024-01-22 11:12,2024-01-22 11:31,2024-01-22 15:41,2024-01-22 15:41,3,HOME,WALK IN,84,M
2216,2024-01-22 11:37,2024-01-22 11:41,2024-01-22 12:02,2024-01-22 13:25,2024-01-22 13:25,2,ADMITTED,WALK IN,41,M
2217,2024-01-22 11:47,2024-01-22 11:51,2024-01-22 12:04,2024-01-22 13:30,2024-01-22 13:30,3,HOME,WALK IN,33,F
2218,2024-01-22 11:51,2024-01-22 11:56,2024-01-22 12:15,2024-01-22 16:40,2024-01-22 16:40,3,HOME,AMBULANCE,21,F
2219,2024-01-22 12:13,2024-01-22 12:20,2024-01-22 12:45,2024-01-22 15:31,2024-01-22 15:31,3,HOME,WALK IN,50,F
2220,2024-01-22 12:19,2024-01-22 12:31,2024-01-22 12:39,2024-01-22 14:52,2024-01-22 14:52,2,HOME,AMBULANCE,49,F
2221,2024-01-22 12:28,2024-01-22 12:36,2024-01-22 13:56,2024-01-22 15:46,2024-01-22 15:46,4,HOME,AMBULANCE,84,F
2222,2024-01-22 12:35,2024-01-22 12:39,2024-01-22 12:52,2024-01-22 15:26,2024-01-22 15:26,3,ADMITTED,WALK IN,60,F
2223,2024-01-22 12:45,2024-01-22 12:51,2024-01-22 13:30,2024-01-22 14:19,2024-01-22 14:19,3,ADMITTED,WALK IN,37,M
2224,2024-01-22 12:48,2024-01-22 12:53,,,2024-01-22 14:14,4,LEFT WITHOUT BEING SEEN,WALK IN,38,F
2225,2024-01-22 12:59,2024-01-22 13:01,2024-01-22 14:19,2024-01-22 14:54,2024-01-22 14:54,4,HOME,WALK IN,25,M
2226,2024-01-22 13:01,2024-01-22 13:08,2024-01-22 14:22,2024-01-22 15:30,2024-01-22 15:30,4,HOME,WALK IN,36,M
2227,2024-01-22 13:02,2024-01-22 13:04,2024-01-22 13:32,2024-01-22 15:53,2024-01-22 15:53,3,HOME,AMBULANCE,49,M
2228,2024-01-22 13:44,2024-01-22 13:50,2024-01-22 14:31,2024-01-22 15:13,2024-01-22 15:13,4,HOME,WALK IN,36,M
2229,2024-01-22 14:03,2024-01-22 14:08,2024-01-22 14:14,2024-01-22 15:53,2024-01-22 15:53,3,HOME,WALK IN,29,M
2230,2024-01-22 14:14,2024-01-22 14:16,2024-01-22 14:17,2024-01-22 15:30,2024-01-22 15:30,3,HOME,AMBULANCE,58,F
2231,2024-01-22 14:49,2024-01-22 14:56,2024-01-22 14:56,2024-01-22 15:18,2024-01-22 15:18,5,HOME,WALK IN,43,M
2232,2024-01-22 14:51,2024-01-22 14:54,2024-01-22 14:54,2024-01-22 16:05,2024-01-22 16:05,4,HOME,WALK IN,44,F
2233,2024-01-22 14:54,2024-01-22 15:00,2024-01-22 15:00,2024-01-22 17:28,2024-01-22 17:28,3,HOME,WALK IN,32,F
2234,2024-01-22 15:00,2024-01-22 15:08,2024-01-22 15:08,2024-01-22 15:23,2024-01-22 15:23,4,HOME,WALK IN,67,M
2235,2024-01-22 15:03,2024-01-22 15:09,2024-01-22 15:09,2024-01-22 15:40,2024-01-22 15:40,3,HOME,WALK IN,54,M
2236,2024-01-22 15:11,2024-01-22 15:14,2024-01-22 15:18,2024-01-22 17:20,2024-01-22 17:20,3,HOME,WALK IN,41,F
2237,2024-01-22 15:14,2024-01-22 15:19,2024-01-22 15:30,2024-01-22 17:37,2024-01-22 17:37,2,ADMITTED,AMBULANCE,58,M
2238,2024-01-22 15:20,2024-01-22 15:23,2024-01-22 15:30,2024-01-22 19:11,2024-01-22 19:11,2,HOME,WALK IN,42,M
2239,2024-01-22 15:42,2024-01-22 15:48,2024-01-22 15:53,2024-01-22 21:59,2024-01-22 21:59,3,ADMITTED,WALK IN,55,F
2240,2024-01-22 15:51,2024-01-22 15:54,2024-01-22 15:54,2024-01-22 19:02,2024-01-22 19:02,2,ADMITTED,WALK IN,41,M
2241,2024-01-22 15:51,2024-01-22 15:55,2024-01-22 16:05,2024-01-22 19:09,2024-01-22 19:09,4,ADMITTED,AMBULANCE,40,F
2242,2024-01-22 16:03,2024-01-22 16:15,2024-01-22 16:40,2024-01-22 17:25,2024-01-22 17:25,2,HOME,AMBULANCE,47,M
2243,2024-01-22 16:06,2024-01-22 16:12,2024-01-22 16:12,2024-01-22 18:04,2024-01-22 18:04,2,ADMITTED,WALK IN,35,M
2244,2024-01-22 16:12,2024-01-22 16:17,2024-01-22 16:44,2024-01-22 19:54,2024-01-22 19:54,3,HOME,WALK IN,33,F
2245,2024-01-22 16:28,2024-01-22 16:31,,,2024-01-22 21:09,4,LEFT WITHOUT BEING SEEN,WALK IN,40,M
2246,2024-01-22 16:29,2024-01-22 16:31,2024-01-22 16:43,2024-01-22 21:38,2024-01-22 21:38,2,HOME,WALK IN,44,F
2247,2024-01-22 16:29,2024-01-22 16:39,2024-01-22 17:42,2024-01-22 19:56,2024-01-22 19:56,3,HOME,WALK IN,38,F
2248,2024-01-22 16:32,2024-01-22 16:36,2024-01-22 16:51,2024-01-22 19:19,2024-01-22 19:19,3,HOME,WALK IN,43,F
2249,2024-01-22 16:42,2024-01-22 16:46,2024-01-22 18:04,2024-01-22 21:51,2024-01-22 21:51,3,ADMITTED,AMBULANCE,54,M
2250,2024-01-22 16:46,2024-01-22 16:55,2024-01-22 17:15,2024-01-22 19:13,2024-01-22 19:13,2,HOME,AMBULANCE,63,M
2251,2024-01-22 16:49,2024-01-22 16:59,2024-01-22 18:05,2024-01-22 21:17,2024-01-22 21:17,3,HOME,WALK IN,91,F
2252,2024-01-22 17:01,2024-01-22 17:05,,,2024-01-22 20:12,4,LEFT WITHOUT BEING SEEN,WALK IN,23,F
2253,2024-01-22 17:03,2024-01-22 17:07,,,2024-01-22 18:25,4,LEFT WITHOUT BEING SEEN,WALK IN,18,M
2254,2024-01-22 17:12,2024-01-22 17:19,,,2024-01-22 19:32,4,LEFT WITHOUT BEING SEEN,WALK IN,42,M
2255,2024-01-22 17:18,2024-01-22 17:23,,,2024-01-22 18:50,4,LEFT WITHOUT BEING SEEN,WALK IN,29,F
2256,2024-01-22 17:19,2024-01-22 17:24,,,2024-01-22 20:37,4,LEFT WITHOUT BEING SEEN,WALK IN,33,F
2257,2024-01-22 17:23,2024-01-22 17:30,2024-01-22 17:37,2024-01-22 22:36,2024-01-22 22:36,1,HOME,WALK IN,73,M
2258,2024-01-22 17:26,2024-01-22 17:34,2024-01-22 18:10,2024-01-22 19:58,2024-01-22 19:58,3,HOME,AMBULANCE,26,F
2259,2024-01-22 17:34,2024-01-22 17:42,2024-01-22 20:00,2024-01-22 23:36,2024-01-23 06:58,3,ADMITTED,WALK IN,44,M
2260,2024-01-22 17:54,2024-01-22 18:01,2024-01-22 21:59,2024-01-22 23:51,2024-01-22 23:51,3,HOME,WALK IN,40,F
2261,2024-01-22 17:55,2024-01-22 17:59,,,2024-01-22 18:55,3,LEFT WITHOUT BEING SEEN,AMBULANCE,38,F
2262,2024-01-22 18:00,2024-01-22 18:04,,,2024-01-22 20:24,4,LEFT WITHOUT BEING SEEN,WALK IN,52,F
2263,2024-01-22 18:00,2024-01-22 18:06,2024-01-22 19:19,2024-01-23 01:31,2024-01-23 08:35,2,ADMITTED,WALK IN,85,F
2264,2024-01-22 18:06,2024-01-22 18:12,,,2024-01-22 20:09,3,LEFT WITHOUT BEING SEEN,AMBULANCE,38,M
2265,2024-01-22 18:09,2024-01-22 18:17,2024-01-22 18:25,2024-01-22 21:15,2024-01-22 21:15,1,ADMITTED,AMBULANCE,81,M
2266,2024-01-22 18:19,2024-01-22 18:23,2024-01-22 19:02,2024-01-22 22:30,2024-01-22 22:30,1,ADMITTED,WALK IN,48,F
2267,2024-01-22 18:39,2024-01-22 18:44,2024-01-22 19:56,2024-01-22 22:43,2024-01-22 22:43,2,HOME,AMBULANCE,58,M
2268,2024-01-22 18:47,2024-01-22 18:50,,,2024-01-22 21:53,3,LEFT WITHOUT BEING SEEN,WALK IN,20,M
2269,2024-01-22 19:09,2024-01-22 19:18,,,2024-01-22 23:40,5,LEFT WITHOUT BEING SEEN,WALK IN,19,M
2270,2024-01-22 19:12,2024-01-22 19:15,2024-01-22 21:20,2024-01-22 23:54,2024-01-22 23:54,3,HOME,AMBULANCE,48,F
2271,2024-01-22 19:13,2024-01-22 19:18,2024-01-22 22:01,2024-01-22 23:30,2024-01-22 23:30,3,HOME,WALK IN,38,F
2272,2024-01-22 19:16,2024-01-22 19:23,2024-01-22 22:01,2024-01-23 00:21,2024-01-23 00:21,3,HOME,WALK IN,28,F
2273,2024-01-22 19:17,2024-01-22 19:25,2024-01-22 19:32,2024-01-22 21:22,2024-01-22 21:22,1,ADMITTED,AMBULANCE,69,M
2274,2024-01-22 19:25,2024-01-22 19:33,2024-01-22 20:00,2024-01-22 21:55,2024-01-22 21:55,2,HOME,AMBULANCE,83,M
2275,2024-01-22 19:29,2024-01-22 19:32,,,2024-01-22 21:34,5,LEFT WITHOUT BEING SEEN,WALK IN,40,F
2276,2024-01-22 19:30,2024-01-22 19:38,2024-01-22 22:06,2024-01-23 02:58,2024-01-23 02:58,3,HOME,WALK IN,68,M
2277,2024-01-22 19:31,2024-01-22 19:46,2024-01-22 20:00,2024-01-22 23:32,2024-01-23 05:24,2,ADMITTED,AMBULANCE,85,M
2278,2024-01-22 19:42,2024-01-22 19:47,,,2024-01-22 23:18,5,LEFT WITHOUT BEING SEEN,WALK IN,37,F
2279,2024-01-22 19:46,2024-01-22 19:57,2024-01-22 19:58,2024-01-22 23:34,2024-01-22 23:34,1,HOME,AMBULANCE,58,F
2280,2024-01-22 20:20,2024-01-22 20:27,2024-01-22 22:10,2024-01-22 23:39,2024-01-22 23:39,3,HOME,WALK IN,78,F
2281,2024-01-22 20:20,2024-01-22 20:22,2024-01-22 22:10,2024-01-23 02:45,2024-01-23 09:06,3,ADMITTED,AMBULANCE,40,F
2282,2024-01-22 20:28,2024-01-22 20:33,,,2024-01-22 22:00,3,LEFT WITHOUT BEING SEEN,WALK IN,20,F
2283,2024-01-22 20:38,2024-01-22 20:41,2024-01-23 00:27,2024-01-23 05:01,2024-01-23 12:39,4,ADMITTED,WALK IN,42,F
2284,2024-01-22 20:52,2024-01-22 20:55,2024-01-22 22:10,2024-01-23 00:08,2024-01-23 00:08,3,HOME,WALK IN,31,M
2285,2024-01-22 21:09,2024-01-22 21:20,2024-01-22 21:22,2024-01-22 22:38,2024-01-22 22:38,2,ADMITTED,WALK IN,33,M
2286,2024-01-22 21:13,2024-01-22 21:19,2024-01-22 22:43,2024-01-23 00:27,2024-01-23 08:02,3,ADMITTED,WALK IN,42,F
2287,2024-01-22 21:14,2024-01-22 21:21,,,2024-01-22 22:29,4,LEFT WITHOUT BEING SEEN,WALK IN,80,F
2288,2024-01-22 21:33,2024-01-22 21:45,2024-01-23 01:12,2024-01-23 01:49,2024-01-23 01:49,4,HOME,WALK IN,48,F
2289,2024-01-22 21:39,2024-01-22 21:47,2024-01-22 22:44,2024-01-23 00:03,2024-01-23 00:03,3,HOME,WALK IN,60,M
2290,2024-01-22 21:50,2024-01-22 21:56,2024-01-22 23:39,2024-01-23 00:24,2024-01-23 00:24,3,HOME,AMBULANCE,48,M
2291,2024-01-22 22:06,2024-01-22 22:11,,,2024-01-23 00:26,4,LEFT WITHOUT BEING SEEN,WALK IN,26,F
2292,2024-01-22 22:16,2024-01-22 22:21,2024-01-22 22:30,2024-01-22 23:59,2024-01-23 07:18,2,ADMITTED,AMBULANCE,48,F
2293,2024-01-22 22:44,2024-01-22 22:57,2024-01-22 23:43,2024-01-23 03:15,2024-01-23 09:12,3,ADMITTED,AMBULANCE,32,F
2294,2024-01-22 23:11,2024-01-22 23:20,2024-01-22 23:36,2024-01-23 01:36,2024-01-23 01:36,2,HOME,WALK IN,32,M
2295,2024-01-22 23:13,2024-01-22 23:27,2024-01-23 01:18,2024-01-23 02:50,2024-01-23 02:50,4,HOME,WALK IN,43,M
2296,2024-01-22 23:15,2024-01-22 23:38,2024-01-23 03:19,2024-01-23 03:30,2024-01-23 03:30,5,HOME,WALK IN,71,F
2297,2024-01-22 23:16,2024-01-22 23:42,2024-01-23 01:36,2024-01-23 04:08,2024-01-23 10:47,4,ADMITTED,WALK IN,33,F
2298,2024-01-22 23:17,2024-01-22 23:44,2024-01-23 00:08,2024-01-23 03:59,2024-01-23 03:59,3,HOME,WALK IN,55,F
2299,2024-01-22 23:49,2024-01-22 23:56,2024-01-23 00:24,2024-01-23 04:20,2024-01-23 04:20,3,HOME,WALK IN,67,F
2300,2024-01-23 00:17,2024-01-23 00:21,2024-01-23 02:58,2024-01-23 05:05,2024-01-23 05:05,4,HOME,WALK IN,57,M
2301,2024-01-23 00:46,2024-01-23 00:49,2024-01-23 00:51,2024-01-23 02:54,2024-01-23 02:54,3,HOME,WALK IN,21,M
2302,2024-01-23 01:00,2024-01-23 01:04,2024-01-23 03:15,2024-01-23 04:53,2024-01-23 04:53,4,HOME,WALK IN,73,F
2303,2024-01-23 01:28,2024-01-23 01:31,2024-01-23 01:49,2024-01-23 04:15,2024-01-23 11:22,2,ADMITTED,WALK IN,70,M
2304,2024-01-23 01:32,2024-01-23 01:39,2024-01-23 01:54,2024-01-23 08:09,2024-01-23 08:09,2,HOME,AMBULANCE,57,F
2305,2024-01-23 03:33,2024-01-23 03:39,2024-01-23 03:39,2024-01-23 07:42,2024-01-23 07:42,2,HOME,WALK IN,22,M
2306,2024-01-23 04:22,2024-01-23 04:25,2024-01-23 04:25,2024-01-23 05:06,2024-01-23 05:06,4,HOME,WALK IN,65,M
2307,2024-01-23 06:03,2024-01-23 06:09,2024-01-23 06:09,2024-01-23 08:44,2024-01-23 12:58,1,ADMITTED,WALK IN,75,M
2308,2024-01-23 06:11,2024-01-23 06:16,2024-01-23 06:16,2024-01-23 07:40,2024-01-23 07:40,4,HOME,WALK IN,79,M
2309,2024-01-23 06:18,2024-01-23 06:23,2024-01-23 06:28,2024-01-23 11:03,2024-01-23 11:03,2,HOME,AMBULANCE,54,M
2310,2024-01-23 06:39,2024-01-23 06:46,2024-01-23 06:46,2024-01-23 10:19,2024-01-23 13:31,2,ADMITTED,AMBULANCE,64,M
2311,2024-01-23 06:50,2024-01-23 06:59,2024-01-23 06:59,2024-01-23 07:43,2024-01-23 07:43,5,HOME,WALK IN,29,M
2312,2024-01-23 06:54,2024-01-23 07:01,2024-01-23 07:43,2024-01-23 11:07,2024-01-23 14:48,4,ADMITTED,WALK IN,33,F
2313,2024-01-23 07:12,2024-01-23 07:15,2024-01-23 08:00,2024-01-23 10:16,2024-01-23 10:16,4,HOME,WALK IN,60,M
2314,2024-01-23 08:07,2024-01-23 08:11,2024-01-23 08:11,2024-01-23 08:48,2024-01-23 08:48,4,HOME,WALK IN,38,F
2315,2024-01-23 08:08,2024-01-23 08:13,2024-01-23 08:13,2024-01-23 12:55,2024-01-23 12:55,3,HOME,WALK IN,32,M
2316,2024-01-23 08:14,2024-01-23 08:20,2024-01-23 08:20,2024-01-23 13:00,2024-01-23 15:13,2,ADMITTED,AMBULANCE,40,F
2317,2024-01-23 08:20,2024-01-23 08:30,,,2024-01-23 10:33,3,LEFT WITHOUT BEING SEEN,WALK IN,26,M
2318,2024-01-23 08:25,2024-01-23 08:34,2024-01-23 08:48,2024-01-23 14:16,2024-01-23 14:16,2,HOME,WALK IN,55,M
2319,2024-01-23 08:31,2024-01-23 08:42,2024-01-23 12:00,2024-01-23 12:47,2024-01-23 12:47,4,HOME,WALK IN,36,M
2320,2024-01-23 08:37,2024-01-23 08:48,2024-01-23 10:38,2024-01-23 12:43,2024-01-23 15:00,3,ADMITTED,WALK IN,59,F
2321,2024-01-23 09:07,2024-01-23 09:13,2024-01-23 11:07,2024-01-23 12:29,2024-01-23 12:29,3,HOME,WALK IN,47,F
2322,2024-01-23 09:12,2024-01-23 09:20,2024-01-23 09:20,2024-01-23 13:45,2024-01-23 15:14,2,ADMITTED,WALK IN,46,M
2323,2024-01-23 09:13,2024-01-23 09:23,2024-01-23 11:09,2024-01-23 12:09,2024-01-23 12:09,3,HOME,WALK IN,75,F
2324,2024-01-23 09:26,2024-01-23 09:31,,,2024-01-23 11:02,3,LEFT WITHOUT BEING SEEN,WALK IN,35,F
2325,2024-01-23 09:26,2024-01-23 09:34,2024-01-23 12:05,2024-01-23 13:34,2024-01-23 13:34,4,HOME,WALK IN,60,M
2326,2024-01-23 09:58,2024-01-23 10:04,2024-01-23 12:11,2024-01-23 13:51,2024-01-23 13:51,4,HOME,WALK IN,84,M
2327,2024-01-23 10:28,2024-01-23 10:37,2024-01-23 11:18,2024-01-23 12:59,2024-01-23 15:02,3,ADMITTED,WALK IN,37,M
2328,2024-01-23 11:06,2024-01-23 11:13,2024-01-23 11:26,2024-01-23 15:26,2024-01-23 15:44,3,ADMITTED,WALK IN,67,M
2329,2024-01-23 11:15,2024-01-23 11:20,2024-01-23 12:29,2024-01-23 13:13,2024-01-23 13:13,4,HOME,WALK IN,65,M
2330,2024-01-23 11:21,2024-01-23 11:27,2024-01-23 11:52,2024-01-23 14:47,2024-01-23 14:47,3,HOME,WALK IN,58,F
2331,2024-01-23 11:22,2024-01-23 11:28,2024-01-23 12:39,2024-01-23 13:27,2024-01-23 13:27,5,HOME,WALK IN,69,M
2332,2024-01-23 11:54,2024-01-23 11:57,2024-01-23 12:09,2024-01-23 13:29,2024-01-23 13:29,3,HOME,WALK IN,22,F
2333,2024-01-23 12:12,2024-01-23 12:18,2024-01-23 12:29,2024-01-23 15:11,2024-01-23 15:11,3,HOME,WALK IN,58,M
2334,2024-01-23 12:35,2024-01-23 12:43,2024-01-23 12:47,2024-01-23 15:52,2024-01-23 15:57,2,ADMITTED,WALK IN,73,F
2335,2024-01-23 12:41,2024-01-23 12:47,2024-01-23 13:00,2024-01-23 13:28,2024-01-23 13:28,4,HOME,WALK IN,31,F
2336,2024-01-23 12:52,2024-01-23 12:54,2024-01-23 12:59,2024-01-23 15:33,2024-01-23 15:33,3,HOME,AMBULANCE,44,F
2337,2024-01-23 13:12,2024-01-23 13:20,2024-01-23 13:20,2024-01-23 16:03,2024-01-23 16:03,3,ADMITTED,AMBULANCE,54,M
2338,2024-01-23 13:40,2024-01-23 13:43,2024-01-23 13:43,2024-01-23 16:54,2024-01-23 16:54,2,HOME,AMBULANCE,44,M
2339,2024-01-23 13:46,2024-01-23 13:50,2024-01-23 13:50,2024-01-23 15:39,2024-01-23 15:39,3,HOME,WALK IN,58,F
2340,2024-01-23 13:50,2024-01-23 13:53,2024-01-23 13:53,2024-01-23 15:05,2024-01-23 15:05,3,HOME,AMBULANCE,19,F
2341,2024-01-23 14:02,2024-01-23 14:05,2024-01-23 14:05,2024-01-23 16:07,2024-01-23 16:18,3,ADMITTED,WALK IN,32,F
2342,2024-01-23 14:08,2024-01-23 14:21,2024-01-23 14:34,2024-01-23 15:40,2024-01-23 15:40,5,HOME,WALK IN,34,M
2343,2024-01-23 14:09,2024-01-23 14:13,2024-01-23 14:16,2024-01-23 16:39,2024-01-23 16:39,2,HOME,WALK IN,34,F
2344,2024-01-23 14:11,2024-01-23 14:17,2024-01-23 14:30,2024-01-23 20:25,2024-01-23 20:25,4,HOME,WALK IN,51,M
2345,2024-01-23 14:22,2024-01-23 14:29,2024-01-23 15:34,2024-01-23 17:30,2024-01-23 17:30,4,HOME,WALK IN,25,F
2346,2024-01-23 14:35,2024-01-23 14:39,2024-01-23 14:47,2024-01-23 16:24,2024-01-23 16:24,3,HOME,WALK IN,24,F
2347,2024-01-23 14:44,2024-01-23 14:50,2024-01-23 15:11,2024-01-23 18:11,2024-01-23 18:11,3,HOME,AMBULANCE,30,F
2348,2024-01-23 15:08,2024-01-23 15:18,2024-01-23 15:20,2024-01-23 16:29,2024-01-23 16:29,2,ADMITTED,AMBULANCE,64,F
2349,2024-01-23 15:19,2024-01-23 15:25,2024-01-23 15:27,2024-01-23 20:25,2024-01-23 20:25,3,HOME,WALK IN,40,F
2350,2024-01-23 15:20,2024-01-23 15:32,2024-01-23 15:40,2024-01-23 17:44,2024-01-23 17:44,5,HOME,WALK IN,38,F
2351,2024-01-23 15:58,2024-01-23 16:03,2024-01-23 16:07,2024-01-23 17:47,2024-01-23 17:47,3,HOME,WALK IN,71,F
2352,2024-01-23 16:37,2024-01-23 16:44,2024-01-23 16:44,2024-01-23 19:00,2024-01-23 19:00,3,HOME,WALK IN,52,M
2353,2024-01-23 16:41,2024-01-23 16:48,2024-01-23 16:48,2024-01-23 20:11,2024-01-23 20:11,4,ADMITTED,WALK IN,55,F
2354,2024-01-23 16:41,2024-01-23 16:51,2024-01-23 16:52,2024-01-23 17:17,2024-01-23 17:17,5,HOME,WALK IN,47,F
2355,2024-01-23 16:50,2024-01-23 17:06,2024-01-23 17:06,2024-01-23 17:27,2024-01-23 17:27,4,HOME,WALK IN,43,F
2356,2024-01-23 16:52,2024-01-23 17:04,2024-01-23 17:04,2024-01-23 19:24,2024-01-23 19:24,3,HOME,WALK IN,38,F
2357,2024-01-23 16:55,2024-01-23 17:09,2024-01-23 17:17,2024-01-23 18:17,2024-01-23 18:17,3,HOME,WALK IN,42,M
2358,2024-01-23 17:18,2024-01-23 17:23,2024-01-23 17:23,2024-01-23 18:43,2024-01-23 18:43,2,ADMITTED,WALK IN,24,M
2359,2024-01-23 17:34,2024-01-23 17:41,2024-01-23 17:41,2024-01-23 18:52,2024-01-23 18:52,4,HOME,WALK IN,73,F
2360,2024-01-23 17:57,2024-01-23 18:10,2024-01-23 18:10,2024-01-23 19:16,2024-01-23 19:16,4,HOME,WALK IN,29,M
2361,2024-01-23 17:58,2024-01-23 18:02,2024-01-23 18:02,2024-01-23 19:02,2024-01-23 19:02,3,HOME,WALK IN,63,M
2362,2024-01-23 18:12,2024-01-23 18:20,2024-01-23 18:20,2024-01-23 19:37,2024-01-23 19:37,4,HOME,WALK IN,28,M
2363,2024-01-23 18:13,2024-01-23 18:20,2024-01-23 18:20,2024-01-23 19:36,2024-01-23 19:36,3,HOME,AMBULANCE,81,F
2364,2024-01-23 18:35,2024-01-23 18:42,2024-01-23 18:42,2024-01-23 19:50,2024-01-23 19:50,3,HOME,WALK IN,54,F
2365,2024-01-23 19:06,2024-01-23 19:08,2024-01-23 19:08,2024-01-23 20:48,2024-01-23 20:48,2,ADMITTED,AMBULANCE,86,M
2366,2024-01-23 19:14,2024-01-23 19:17,2024-01-23 19:17,2024-01-24 00:19,2024-01-24 00:19,2,HOME,AMBULANCE,53,M
2367,2024-01-23 19:29,2024-01-23 19:33,2024-01-23 19:33,2024-01-23 23:34,2024-01-24 06:17,1,ADMITTED,AMBULANCE,69,F
2368,2024-01-23 19:49,2024-01-23 19:54,2024-01-23 19:54,2024-01-23 21:49,2024-01-23 21:49,3,ADMITTED,WALK IN,54,F
2369,2024-01-23 20:11,2024-01-23 20:16,2024-01-23 20:16,2024-01-23 23:46,2024-01-24 08:45,2,ADMITTED,AMBULANCE,66,M
2370,2024-01-23 20:28,2024-01-23 20:33,2024-01-23 20:33,2024-01-23 22:38,2024-01-24 01:14,3,ADMITTED,AMBULANCE,74,F
2371,2024-01-23 20:49,2024-01-23 20:55,2024-01-23 20:55,2024-01-23 22:08,2024-01-23 22:08,2,ADMITTED,WALK IN,24,F
2372,2024-01-23 21:03,2024-01-23 21:06,2024-01-23 21:07,2024-01-24 01:33,2024-01-24 11:11,2,ADMITTED,AMBULANCE,48,F
2373,2024-01-23 21:22,2024-01-23 21:33,2024-01-23 21:33,2024-01-23 23:09,2024-01-23 23:09,3,HOME,WALK IN,58,F
2374,2024-01-23 21:34,2024-01-23 21:38,2024-01-23 21:38,2024-01-24 00:52,2024-01-24 10:00,1,ADMITTED,WALK IN,52,M
2375,2024-01-23 21:39,2024-01-23 21:43,2024-01-23 21:43,2024-01-24 00:28,2024-01-24 09:04,2,ADMITTED,WALK IN,23,M
2376,2024-01-23 22:41,2024-01-23 22:47,2024-01-23 22:47,2024-01-24 00:24,2024-01-24 00:24,2,HOME,WALK IN,82,F
2377,2024-01-23 23:26,2024-01-23 23:39,2024-01-23 23:39,2024-01-24 00:19,2024-01-24 00:19,5,HOME,WALK IN,47,F
2378,2024-01-23 23:29,2024-01-23 23:44,2024-01-23 23:44,2024-01-24 00:08,2024-01-24 00:08,4,HOME,WALK IN,58,M
2379,2024-01-23 23:47,2024-01-23 23:54,2024-01-23 23:54,2024-01-24 01:27,2024-01-24 11:08,2,ADMITTED,AMBULANCE,70,F
2380,2024-01-24 00:27,2024-01-24 00:32,2024-01-24 00:32,2024-01-24 02:16,2024-01-24 02:16,4,HOME,WALK IN,35,M
2381,2024-01-24 00:31,2024-01-24 00:36,2024-01-24 00:36,2024-01-24 02:22,2024-01-24 02:22,3,HOME,WALK IN,79,M
2382,2024-01-24 00:42,2024-01-24 00:46,2024-01-24 00:52,2024-01-24 02:24,2024-01-24 02:24,4,HOME,WALK IN,40,M
2383,2024-01-24 00:49,2024-01-24 00:59,2024-01-24 01:33,2024-01-24 02:47,2024-01-24 02:47,2,HOME,WALK IN,67,F
2384,2024-01-24 00:50,2024-01-24 01:08,2024-01-24 01:48,2024-01-24 02:39,2024-01-24 02:39,5,HOME,WALK IN,81,F
2385,2024-01-24 00:56,2024-01-24 01:12,2024-01-24 01:36,2024-01-24 03:09,2024-01-24 11:28,4,ADMITTED,WALK IN,33,F
2386,2024-01-24 02:18,2024-01-24 02:23,2024-01-24 02:23,2024-01-24 03:50,2024-01-24 03:50,2,HOME,AMBULANCE,69,M
2387,2024-01-24 03:06,2024-01-24 03:09,2024-01-24 03:09,2024-01-24 06:42,2024-01-24 11:53,3,ADMITTED,AMBULANCE,39,M
2388,2024-01-24 03:11,2024-01-24 03:14,2024-01-24 03:14,2024-01-24 05:26,2024-01-24 05:26,3,HOME,WALK IN,40,M
2389,2024-01-24 04:24,2024-01-24 04:29,2024-01-24 04:29,2024-01-24 08:04,2024-01-24 08:04,3,HOME,AMBULANCE,17,M
2390,2024-01-24 04:27,2024-01-24 04:34,2024-01-24 04:34,2024-01-24 06:20,2024-01-24 06:20,2,HOME,AMBULANCE,32,M
2391,2024-01-24 05:16,2024-01-24 05:20,2024-01-24 05:26,2024-01-24 06:12,2024-01-24 06:12,4,HOME,WALK IN,26,M
2392,2024-01-24 06:35,2024-01-24 06:47,2024-01-24 06:47,2024-01-24 09:34,2024-01-24 09:34,3,HOME,AMBULANCE,56,F
2393,2024-01-24 06:59,2024-01-24 07:09,2024-01-24 07:09,2024-01-24 08:05,2024-01-24 08:05,5,HOME,WALK IN,47,F
2394,2024-01-24 07:13,2024-01-24 07:18,2024-01-24 07:18,2024-01-24 09:52,2024-01-24 09:52,4,HOME,WALK IN,42,F
2395,2024-01-24 07:24,2024-01-24 07:27,2024-01-24 08:04,2024-01-24 09:31,2024-01-24 09:31,5,HOME,WALK IN,88,F
2396,2024-01-24 07:31,2024-01-24 07:35,2024-01-24 08:00,2024-01-24 09:58,2024-01-24 11:58,3,ADMITTED,AMBULANCE,81,F
2397,2024-01-24 08:19,2024-01-24 08:27,2024-01-24 08:27,2024-01-24 10:42,2024-01-24 10:42,4,HOME,AMBULANCE,25,F
2398,2024-01-24 08:31,2024-01-24 08:37,2024-01-24 08:37,2024-01-24 10:31,2024-01-24 10:31,3,HOME,WALK IN,35,F
2399,2024-01-24 08:34,2024-01-24 08:44,2024-01-24 08:44,2024-01-24 12:47,2024-01-24 12:47,1,ADMITTED,AMBULANCE,35,M
2400,2024-01-24 08:40,2024-01-24 08:50,2024-01-24 09:34,2024-01-24 11:38,2024-01-24 11:38,3,HOME,WALK IN,40,F
2401,2024-01-24 08:53,2024-01-24 08:58,2024-01-24 09:58,2024-01-24 13:46,2024-01-24 13:46,3,HOME,WALK IN,43,F
2402,2024-01-24 09:01,2024-01-24 09:16,2024-01-24 09:33,2024-01-24 12:00,2024-01-24 12:14,2,ADMITTED,AMBULANCE,72,F
2403,2024-01-24 09:28,2024-01-24 09:32,2024-01-24 10:31,2024-01-24 11:48,2024-01-24 11:48,3,HOME,AMBULANCE,45,F
2404,2024-01-24 09:36,2024-01-24 09:42,2024-01-24 09:42,2024-01-24 12:50,2024-01-24 12:50,1,ADMITTED,WALK IN,65,M
2405,2024-01-24 10:08,2024-01-24 10:12,2024-01-24 10:13,2024-01-24 12:05,2024-01-24 12:18,2,ADMITTED,AMBULANCE,37,M
2406,2024-01-24 10:50,2024-01-24 10:56,2024-01-24 10:56,2024-01-24 12:40,2024-01-24 12:40,4,HOME,AMBULANCE,39,F
2407,2024-01-24 11:40,2024-01-24 11:53,2024-01-24 11:53,2024-01-24 14:45,2024-01-24 14:45,2,HOME,WALK IN,54,M
2408,2024-01-24 11:42,2024-01-24 11:50,2024-01-24 11:50,2024-01-24 14:14,2024-01-24 14:14,1,ADMITTED,AMBULANCE,51,F
2409,2024-01-24 11:58,2024-01-24 12:03,2024-01-24 12:03,2024-01-24 16:09,2024-01-24 16:09,3,HOME,AMBULANCE,18,F
2410,2024-01-24 11:58,2024-01-24 12:02,2024-01-24 12:02,2024-01-24 13:35,2024-01-24 13:35,4,HOME,WALK IN,43,M
2411,2024-01-24 12:00,2024-01-24 12:07,2024-01-24 12:07,2024-01-24 16:11,2024-01-24 16:11,1,ADMITTED,AMBULANCE,48,M
2412,2024-01-24 12:07,2024-01-24 12:11,2024-01-24 12:50,2024-01-24 14:45,2024-01-24 14:45,4,ADMITTED,AMBULANCE,38,M
2413,2024-01-24 12:39,2024-01-24 12:44,2024-01-24 12:47,2024-01-24 16:01,2024-01-24 16:01,3,HOME,WALK IN,44,M
2414,2024-01-24 12:43,2024-01-24 12:46,2024-01-24 12:50,2024-01-24 13:39,2024-01-24 13:39,4,HOME,WALK IN,72,F
2415,2024-01-24 12:58,2024-01-24 13:03,2024-01-24 13:07,2024-01-24 15:08,2024-01-24 15:08,3,ADMITTED,WALK IN,59,M
2416,2024-01-24 13:09,2024-01-24 13:11,2024-01-24 13:39,2024-01-24 15:01,2024-01-24 15:01,3,HOME,WALK IN,60,F
2417,2024-01-24 13:38,2024-01-24 13:41,2024-01-24 13:46,2024-01-24 14:55,2024-01-24 14:55,3,HOME,WALK IN,43,F
2418,2024-01-24 13:46,2024-01-24 13:56,2024-01-24 13:56,2024-01-24 17:01,2024-01-24 17:01,2,HOME,WALK IN,38,F
2419,2024-01-24 13:47,2024-01-24 13:54,2024-01-24 13:54,2024-01-24 21:31,2024-01-24 21:31,2,ADMITTED,WALK IN,21,M
2420,2024-01-24 14:01,2024-01-24 14:08,2024-01-24 14:08,2024-01-24 15:21,2024-01-24 15:21,4,HOME,WALK IN,16,M
2421,2024-01-24 14:10,2024-01-24 14:12,2024-01-24 14:14,2024-01-24 15:57,2024-01-24 15:57,4,HOME,WALK IN,54,F
2422,2024-01-24 14:17,2024-01-24 14:22,2024-01-24 14:24,2024-01-24 17:40,2024-01-24 17:40,2,HOME,WALK IN,35,M
2423,2024-01-24 14:25,2024-01-24 14:31,2024-01-24 14:45,2024-01-24 17:49,2024-01-24 17:49,3,HOME,WALK IN,61,M
2424,2024-01-24 14:40,2024-01-24 14:43,2024-01-24 14:45,2024-01-24 17:53,2024-01-24 17:53,3,HOME,WALK IN,34,M
2425,2024-01-24 14:48,2024-01-24 14:51,2024-01-24 14:51,2024-01-24 17:38,2024-01-24 17:38,1,HOME,AMBULANCE,30,F
2426,2024-01-24 14:53,2024-01-24 14:56,2024-01-24 15:45,2024-01-24 16:23,2024-01-24 16:23,4,HOME,WALK IN,40,F
2427,2024-01-24 14:58,2024-01-24 15:02,,,2024-01-24 17:10,4,LEFT WITHOUT BEING SEEN,AMBULANCE,50,M
2428,2024-01-24 15:01,2024-01-24 15:05,2024-01-24 15:31,2024-01-24 18:55,2024-01-24 18:55,3,ADMITTED,WALK IN,39,M
2429,2024-01-24 15:04,2024-01-24 15:09,2024-01-24 15:40,2024-01-24 19:20,2024-01-24 19:20,3,ADMITTED,WALK IN,25,F
2430,2024-01-24 15:06,2024-01-24 15:16,2024-01-24 15:21,2024-01-24 17:49,2024-01-24 17:49,2,HOME,WALK IN,52,F
2431,2024-01-24 15:26,2024-01-24 15:33,2024-01-24 15:44,2024-01-24 19:29,2024-01-24 19:29,3,HOME,WALK IN,65,F
2432,2024-01-24 15:31,2024-01-24 15:34,2024-01-24 15:45,2024-01-24 19:23,2024-01-24 19:23,3,HOME,WALK IN,47,M
2433,2024-01-24 15:33,2024-01-24 15:36,2024-01-24 15:40,2024-01-24 16:54,2024-01-24 16:54,2,HOME,WALK IN,29,M
2434,2024-01-24 15:39,2024-01-24 15:45,2024-01-24 16:02,2024-01-24 18:04,2024-01-24 18:04,3,HOME,WALK IN,43,M
2435,2024-01-24 15:49,2024-01-24 15:55,2024-01-24 16:23,2024-01-24 17:59,2024-01-24 17:59,3,HOME,WALK IN,19,M
2436,2024-01-24 16:02,2024-01-24 16:07,2024-01-24 16:16,2024-01-24 18:57,2024-01-24 18:57,2,HOME,WALK IN,60,M
2437,2024-01-24 16:42,2024-01-24 16:46,2024-01-24 17:04,2024-01-24 21:37,2024-01-24 21:37,3,HOME,WALK IN,69,M
2438,2024-01-24 16:47,2024-01-24 16:52,2024-01-24 17:09,2024-01-25 00:35,2024-01-25 00:35,3,HOME,WALK IN,61,F
2439,2024-01-24 16:51,2024-01-24 16:54,2024-01-24 17:01,2024-01-24 17:56,2024-01-24 17:56,2,ADMITTED,AMBULANCE,79,F
2440,2024-01-24 16:55,2024-01-24 17:08,2024-01-24 18:38,2024-01-24 22:32,2024-01-24 22:32,4,HOME,WALK IN,42,M
2441,2024-01-24 16:59,2024-01-24 17:04,2024-01-24 17:12,2024-01-24 19:35,2024-01-24 19:35,3,HOME,WALK IN,57,M
2442,2024-01-24 17:00,2024-01-24 17:11,2024-01-24 18:15,2024-01-24 18:54,2024-01-24 18:54,3,HOME,WALK IN,25,M
2443,2024-01-24 17:11,2024-01-24 17:16,2024-01-24 17:49,2024-01-24 21:36,2024-01-24 21:36,2,ADMITTED,AMBULANCE,60,M
2444,2024-01-24 17:25,2024-01-24 17:33,2024-01-24 17:38,2024-01-24 19:26,2024-01-24 19:26,1,ADMITTED,WALK IN,53,F
2445,2024-01-24 17:34,2024-01-24 17:38,2024-01-24 17:56,2024-01-24 23:49,2024-01-24 23:49,2,ADMITTED,WALK IN,73,M
2446,2024-01-24 17:35,2024-01-24 17:39,2024-01-24 17:59,2024-01-24 21:28,2024-01-24 21:28,2,ADMITTED,AMBULANCE,79,M
2447,2024-01-24 17:38,2024-01-24 17:41,2024-01-24 18:28,2024-01-24 21:33,2024-01-24 21:33,3,HOME,WALK IN,39,F
2448,2024-01-24 17:41,2024-01-24 17:48,2024-01-24 18:30,2024-01-24 19:24,2024-01-24 19:24,3,HOME,WALK IN,19,M
2449,2024-01-24 17:51,2024-01-24 17:54,2024-01-24 18:04,2024-01-24 23:33,2024-01-24 23:33,2,HOME,WALK IN,75,F
2450,2024-01-24 18:39,2024-01-24 18:45,2024-01-24 19:09,2024-01-24 19:25,2024-01-24 19:25,4,HOME,WALK IN,73,F
2451,2024-01-24 18:39,2024-01-24 18:44,2024-01-24 19:55,2024-01-24 20:11,2024-01-24 20:11,5,HOME,WALK IN,46,M
2452,2024-01-24 18:40,2024-01-24 18:46,2024-01-24 18:55,2024-01-24 22:35,2024-01-24 22:35,3,ADMITTED,WALK IN,31,F
2453,2024-01-24 18:55,2024-01-24 18:57,2024-01-24 18:57,2024-01-24 21:18,2024-01-24 21:18,2,ADMITTED,AMBULANCE,78,M
2454,2024-01-24 18:56,2024-01-24 19:00,2024-01-24 19:25,2024-01-24 23:43,2024-01-24 23:43,3,ADMITTED,WALK IN,71,F
2455,2024-01-24 19:01,2024-01-24 19:05,2024-01-24 19:24,2024-01-24 23:35,2024-01-24 23:35,2,HOME,WALK IN,86,M
2456,2024-01-24 19:05,2024-01-24 19:13,2024-01-24 19:33,2024-01-24 21:21,2024-01-24 21:21,4,HOME,WALK IN,61,F
2457,2024-01-24 19:06,2024-01-24 19:12,2024-01-24 19:26,2024-01-24 21:29,2024-01-24 21:29,3,ADMITTED,WALK IN,44,M
2458,2024-01-24 19:06,2024-01-24 19:20,2024-01-24 19:35,2024-01-24 20:21,2024-01-24 20:21,4,HOME,WALK IN,36,F
2459,2024-01-24 19:20,2024-01-24 19:22,2024-01-24 19:51,2024-01-24 21:35,2024-01-24 21:35,4,HOME,AMBULANCE,41,F
2460,2024-01-24 19:33,2024-01-24 19:38,2024-01-24 20:21,2024-01-25 00:38,2024-01-25 00:38,3,HOME,WALK IN,40,M
2461,2024-01-24 19:37,2024-01-24 19:53,,,2024-01-24 22:00,4,LEFT WITHOUT BEING SEEN,WALK IN,41,F
2462,2024-01-24 19:39,2024-01-24 19:44,,,2024-01-24 19:58,4,LEFT WITHOUT BEING SEEN,AMBULANCE,72,F
2463,2024-01-24 19:50,2024-01-24 19:53,,,2024-01-24 21:20,4,LEFT WITHOUT BEING SEEN,WALK IN,28,M
2464,2024-01-24 19:50,2024-01-24 19:56,2024-01-24 20:11,2024-01-25 02:40,2024-01-25 02:40,1,HOME,AMBULANCE,57,M
2465,2024-01-24 19:51,2024-01-24 19:58,2024-01-24 21:40,2024-01-24 23:46,2024-01-24 23:46,3,ADMITTED,WALK IN,37,M
2466,2024-01-24 20:12,2024-01-24 20:16,2024-01-24 22:34,2024-01-25 01:34,2024-01-25 01:34,3,HOME,WALK IN,38,F
2467,2024-01-24 20:32,2024-01-24 20:43,,,2024-01-24 22:23,3,LEFT WITHOUT BEING SEEN,WALK IN,28,M
2468,2024-01-24 20:33,2024-01-24 20:38,2024-01-24 21:36,2024-01-24 23:52,2024-01-24 23:52,2,HOME,AMBULANCE,51,F
2469,2024-01-24 20:44,2024-01-24 20:46,2024-01-24 21:37,2024-01-25 03:40,2024-01-25 03:40,2,HOME,WALK IN,54,F
2470,2024-01-24 21:08,2024-01-24 21:10,,,2024-01-24 23:15,4,LEFT WITHOUT BEING SEEN,WALK IN,72,F
2471,2024-01-24 21:15,2024-01-24 21:18,2024-01-24 22:35,2024-01-25 01:30,2024-01-25 01:30,3,ADMITTED,WALK IN,56,M
2472,2024-01-24 21:30,2024-01-24 21:36,,,2024-01-25 00:16,4,LEFT WITHOUT BEING SEEN,WALK IN,32,F
2473,2024-01-24 21:31,2024-01-24 21:34,2024-01-25 01:40,2024-01-25 05:34,2024-01-25 05:34,3,HOME,WALK IN,52,F
2474,2024-01-24 21:38,2024-01-24 21:42,,,2024-01-24 22:49,5,LEFT WITHOUT BEING SEEN,WALK IN,33,M
2475,2024-01-24 21:51,2024-01-24 21:58,,,2024-01-25 01:42,3,LEFT WITHOUT BEING SEEN,AMBULANCE,49,M
2476,2024-01-24 22:23,2024-01-24 22:28,,,2024-01-25 01:34,3,LEFT WITHOUT BEING SEEN,WALK IN,39,M
2477,2024-01-24 22:42,2024-01-24 22:49,,,2024-01-25 01:31,4,LEFT WITHOUT BEING SEEN,WALK IN,35,F
2478,2024-01-24 22:44,2024-01-24 22:54,2024-01-25 03:40,2024-01-25 08:04,2024-01-25 08:04,4,HOME,AMBULANCE,45,F
2479,2024-01-24 22:49,2024-01-24 23:00,,,2024-01-25 01:25,3,LEFT WITHOUT BEING SEEN,AMBULANCE,70,F
2480,2024-01-24 23:04,2024-01-24 23:10,2024-01-24 23:51,2024-01-25 03:23,2024-01-25 03:23,2,ADMITTED,WALK IN,20,F
2481,2024-01-24 23:05,2024-01-24 23:16,2024-01-25 01:43,2024-01-25 05:48,2024-01-25 05:48,4,HOME,WALK IN,70,F
2482,2024-01-24 23:16,2024-01-24 23:34,2024-01-24 23:52,2024-01-25 02:06,2024-01-25 02:06,2,ADMITTED,WALK IN,40,M
2483,2024-01-24 23:29,2024-01-24 23:39,2024-01-25 00:38,2024-01-25 02:50,2024-01-25 02:50,2,HOME,AMBULANCE,36,F
2484,2024-01-24 23:38,2024-01-24 23:45,2024-01-25 01:53,2024-01-25 04:22,2024-01-25 04:22,3,HOME,WALK IN,21,M
2485,2024-01-24 23:45,2024-01-24 23:50,2024-01-25 02:06,2024-01-25 04:24,2024-01-25 04:24,3,HOME,WALK IN,60,M
2486,2024-01-24 23:57,2024-01-25 00:01,2024-01-25 02:22,2024-01-25 05:26,2024-01-25 05:26,3,HOME,WALK IN,34,F
2487,2024-01-24 23:57,2024-01-25 00:08,2024-01-25 01:34,2024-01-25 05:52,2024-01-25 05:52,2,HOME,AMBULANCE,70,M
2488,2024-01-25 00:34,2024-01-25 00:37,2024-01-25 02:50,2024-01-25 05:39,2024-01-25 05:39,3,HOME,WALK IN,69,M
2489,2024-01-25 00:35,2024-01-25 00:40,2024-01-25 03:28,2024-01-25 05:23,2024-01-25 05:23,3,HOME,WALK IN,40,M
2490,2024-01-25 00:37,2024-01-25 00:42,2024-01-25 01:36,2024-01-25 03:28,2024-01-25 03:28,2,HOME,WALK IN,71,F
2491,2024-01-25 02:30,2024-01-25 02:40,2024-01-25 02:45,2024-01-25 05:18,2024-01-25 05:18,2,HOME,WALK IN,41,F
2492,2024-01-25 04:18,2024-01-25 04:24,2024-01-25 04:24,2024-01-25 05:56,2024-01-25 05:56,4,HOME,WALK IN,59,F
2493,2024-01-25 05:09,2024-01-25 05:18,2024-01-25 08:04,2024-01-25 11:23,2024-01-25 11:23,3,HOME,WALK IN,44,F
2494,2024-01-25 05:23,2024-01-25 05:31,2024-01-25 05:56,2024-01-25 08:39,2024-01-25 08:39,2,ADMITTED,AMBULANCE,70,M
2495,2024-01-25 05:37,2024-01-25 05:46,2024-01-25 06:14,2024-01-25 10:29,2024-01-25 10:29,2,ADMITTED,AMBULANCE,27,M
2496,2024-01-25 06:18,2024-01-25 06:20,2024-01-25 06:20,2024-01-25 15:11,2024-01-25 15:11,1,ADMITTED,WALK IN,74,M
2497,2024-01-25 06:29,2024-01-25 06:32,2024-01-25 06:32,2024-01-25 11:25,2024-01-25 11:25,1,ADMITTED,AMBULANCE,41,M
2498,2024-01-25 06:30,2024-01-25 06:39,2024-01-25 08:00,2024-01-25 10:22,2024-01-25 10:22,2,ADMITTED,AMBULANCE,40,M
2499,2024-01-25 07:29,2024-01-25 07:38,2024-01-25 08:44,2024-01-25 10:18,2024-01-25 10:18,3,HOME,WALK IN,61,M
2500,2024-01-25 07:30,2024-01-25 07:40,2024-01-25 08:50,2024-01-25 11:13,2024-01-25 11:13,4,HOME,AMBULANCE,56,M
2501,2024-01-25 07:47,2024-01-25 07:51,2024-01-25 08:50,2024-01-25 09:52,2024-01-25 09:52,3,HOME,WALK IN,85,M
2502,2024-01-25 07:55,2024-01-25 08:05,2024-01-25 08:05,2024-01-25 11:11,2024-01-25 11:11,1,ADMITTED,WALK IN,73,M
2503,2024-01-25 08:54,2024-01-25 08:59,2024-01-25 08:59,2024-01-25 12:45,2024-01-25 12:45,3,ADMITTED,WALK IN,27,M
2504,2024-01-25 08:54,2024-01-25 09:02,2024-01-25 09:08,2024-01-25 10:23,2024-01-25 10:23,4,HOME,WALK IN,62,F
2505,2024-01-25 09:19,2024-01-25 09:22,2024-01-25 09:22,2024-01-25 12:46,2024-01-25 12:46,2,HOME,AMBULANCE,41,M
2506,2024-01-25 09:25,2024-01-25 09:32,2024-01-25 09:35,2024-01-25 11:17,2024-01-25 11:17,3,HOME,WALK IN,64,M
2507,2024-01-25 10:05,2024-01-25 10:13,2024-01-25 10:13,2024-01-25 15:29,2024-01-25 15:29,3,ADMITTED,AMBULANCE,63,M
2508,2024-01-25 10:05,2024-01-25 10:14,2024-01-25 10:29,2024-01-25 12:13,2024-01-25 12:13,3,HOME,WALK IN,35,F
2509,2024-01-25 10:06,2024-01-25 10:16,2024-01-25 10:23,2024-01-25 12:08,2024-01-25 12:08,2,HOME,WALK IN,39,F
2510,2024-01-25 10:22,2024-01-25 10:34,2024-01-25 11:23,2024-01-25 14:18,2024-01-25 14:18,3,HOME,WALK IN,53,M
2511,2024-01-25 10:40,2024-01-25 10:47,2024-01-25 11:25,2024-01-25 12:54,2024-01-25 12:54,3,HOME,WALK IN,23,M
2512,2024-01-25 10:50,2024-01-25 10:54,2024-01-25 11:46,2024-01-25 14:31,2024-01-25 14:31,3,ADMITTED,AMBULANCE,60,M
2513,2024-01-25 11:14,2024-01-25 11:27,2024-01-25 11:27,2024-01-25 13:22,2024-01-25 13:22,1,HOME,AMBULANCE,59,F
2514,2024-01-25 11:28,2024-01-25 11:31,2024-01-25 11:50,2024-01-25 14:21,2024-01-25 14:21,3,HOME,AMBULANCE,52,F
2515,2024-01-25 11:50,2024-01-25 11:56,2024-01-25 12:06,2024-01-25 12:16,2024-01-25 12:16,4,HOME,AMBULANCE,27,F
2516,2024-01-25 12:21,2024-01-25 12:25,2024-01-25 12:25,2024-01-25 15:32,2024-01-25 15:32,3,HOME,WALK IN,22,F
2517,2024-01-25 12:23,2024-01-25 12:34,2024-01-25 12:34,2024-01-25 14:46,2024-01-25 14:46,2,HOME,AMBULANCE,57,M
2518,2024-01-25 12:56,2024-01-25 12:59,2024-01-25 12:59,2024-01-25 15:30,2024-01-25 15:30,2,HOME,WALK IN,70,M
2519,2024-01-25 13:00,2024-01-25 13:04,2024-01-25 13:04,2024-01-25 14:51,2024-01-25 14:51,3,ADMITTED,WALK IN,73,M
2520,2024-01-25 13:00,2024-01-25 13:10,2024-01-25 13:10,2024-01-25 14:06,2024-01-25 14:06,4,HOME,WALK IN,44,M
2521,2024-01-25 13:09,2024-01-25 13:17,2024-01-25 13:28,2024-01-25 14:00,2024-01-25 14:00,4,HOME,WALK IN,51,F
2522,2024-01-25 13:11,2024-01-25 13:13,2024-01-25 13:22,2024-01-25 15:04,2024-01-25 15:04,3,ADMITTED,AMBULANCE,44,F
2523,2024-01-25 13:21,2024-01-25 13:29,2024-01-25 13:31,2024-01-25 15:19,2024-01-25 15:19,4,HOME,WALK IN,44,M
2524,2024-01-25 13:36,2024-01-25 13:43,2024-01-25 13:47,2024-01-25 16:10,2024-01-25 16:10,3,HOME,WALK IN,40,F
2525,2024-01-25 13:48,2024-01-25 13:52,2024-01-25 13:52,2024-01-25 16:49,2024-01-25 16:49,3,HOME,WALK IN,63,M
2526,2024-01-25 13:53,2024-01-25 14:00,2024-01-25 14:00,2024-01-25 14:12,2024-01-25 14:12,5,HOME,WALK IN,38,F
2527,2024-01-25 14:09,2024-01-25 14:17,2024-01-25 14:18,2024-01-25 15:02,2024-01-25 15:02,4,HOME,WALK IN,54,F
2528,2024-01-25 14:14,2024-01-25 14:23,2024-01-25 14:23,2024-01-25 17:59,2024-01-25 17:59,3,HOME,WALK IN,88,M
2529,2024-01-25 14:21,2024-01-25 14:26,2024-01-25 14:30,2024-01-25 18:35,2024-01-25 18:35,3,HOME,WALK IN,74,F
2530,2024-01-25 14:50,2024-01-25 14:53,2024-01-25 14:53,2024-01-25 17:10,2024-01-25 17:10,3,HOME,WALK IN,28,M
2531,2024-01-25 15:16,2024-01-25 15:19,2024-01-25 15:19,2024-01-25 18:23,2024-01-25 18:23,1,HOME,WALK IN,86,M
2532,2024-01-25 15:25,2024-01-25 15:30,2024-01-25 15:30,2024-01-25 19:35,2024-01-25 19:35,2,HOME,AMBULANCE,31,F
2533,2024-01-25 15:29,2024-01-25 15:35,2024-01-25 15:35,2024-01-25 18:46,2024-01-25 18:46,2,HOME,AMBULANCE,70,M
2534,2024-01-25 15:36,2024-01-25 15:42,2024-01-25 15:42,2024-01-25 16:56,2024-01-25 16:56,4,HOME,AMBULANCE,47,M
2535,2024-01-25 15:56,2024-01-25 15:57,2024-01-25 16:10,2024-01-25 21:19,2024-01-25 21:19,3,HOME,WALK IN,47,F
2536,2024-01-25 15:59,2024-01-25 16:10,2024-01-25 16:21,2024-01-25 18:47,2024-01-25 18:47,2,ADMITTED,AMBULANCE,90,F
2537,2024-01-25 15:59,2024-01-25 16:09,2024-01-25 17:06,2024-01-25 21:45,2024-01-25 21:45,3,ADMITTED,WALK IN,30,F
2538,2024-01-25 16:04,2024-01-25 16:14,2024-01-25 16:26,2024-01-25 18:39,2024-01-25 18:39,2,HOME,WALK IN,47,M
2539,2024-01-25 16:08,2024-01-25 16:19,2024-01-25 16:19,2024-01-25 17:51,2024-01-25 17:51,1,HOME,WALK IN,37,M
2540,2024-01-25 16:13,2024-01-25 16:17,2024-01-25 17:10,2024-01-25 21:04,2024-01-25 21:04,4,HOME,WALK IN,23,F
2541,2024-01-25 16:18,2024-01-25 16:23,2024-01-25 17:09,2024-01-25 19:27,2024-01-25 19:27,3,HOME,AMBULANCE,59,M
2542,2024-01-25 16:22,2024-01-25 16:26,2024-01-25 19:33,2024-01-25 20:07,2024-01-25 20:07,5,HOME,WALK IN,31,M
2543,2024-01-25 16:38,2024-01-25 16:45,2024-01-25 17:11,2024-01-25 17:55,2024-01-25 17:55,4,HOME,WALK IN,25,F
2544,2024-01-25 17:00,2024-01-25 17:10,2024-01-25 17:20,2024-01-25 18:42,2024-01-25 18:42,4,HOME,WALK IN,62,M
2545,2024-01-25 17:03,2024-01-25 17:11,2024-01-25 17:13,2024-01-25 20:06,2024-01-25 20:06,3,HOME,WALK IN,63,M
2546,2024-01-25 17:08,2024-01-25 17:13,2024-01-25 17:33,2024-01-25 19:04,2024-01-25 19:04,4,HOME,WALK IN,28,F
2547,2024-01-25 17:12,2024-01-25 17:18,2024-01-25 19:16,2024-01-25 19:41,2024-01-25 19:41,4,HOME,WALK IN,30,F
2548,2024-01-25 17:13,2024-01-25 17:21,2024-01-25 18:17,2024-01-25 20:53,2024-01-25 20:53,3,HOME,WALK IN,31,F
2549,2024-01-25 17:47,2024-01-25 17:55,2024-01-25 19:04,2024-01-25 20:48,2024-01-25 20:48,3,HOME,WALK IN,65,F
2550,2024-01-25 17:50,2024-01-25 17:55,2024-01-25 17:59,2024-01-25 21:55,2024-01-25 21:55,2,ADMITTED,WALK IN,43,F
2551,2024-01-25 18:01,2024-01-25 18:11,2024-01-25 18:46,2024-01-25 21:30,2024-01-25 21:30,2,ADMITTED,WALK IN,42,M
2552,2024-01-25 18:05,2024-01-25 18:08,2024-01-25 18:23,2024-01-26 00:21,2024-01-26 00:21,2,HOME,AMBULANCE,65,F
2553,2024-01-25 18:09,2024-01-25 18:14,2024-01-25 18:47,2024-01-25 21:55,2024-01-25 21:55,2,ADMITTED,AMBULANCE,86,M
2554,2024-01-25 18:14,2024-01-25 18:18,2024-01-25 20:03,2024-01-25 20:20,2024-01-25 20:20,5,HOME,AMBULANCE,36,F
2555,2024-01-25 18:30,2024-01-25 18:34,2024-01-25 19:08,2024-01-25 20:23,2024-01-25 20:23,3,HOME,WALK IN,63,M
2556,2024-01-25 18:33,2024-01-25 18:40,2024-01-25 19:15,2024-01-25 23:31,2024-01-25 23:31,3,HOME,WALK IN,34,F
2557,2024-01-25 18:43,2024-01-25 18:48,2024-01-25 19:16,2024-01-25 20:25,2024-01-25 20:25,4,HOME,WALK IN,67,F
2558,2024-01-25 18:44,2024-01-25 18:49,,,2024-01-25 21:23,4,LEFT WITHOUT BEING SEEN,WALK IN,72,M
2559,2024-01-25 19:08,2024-01-25 19:15,,,2024-01-25 20:36,4,LEFT WITHOUT BEING SEEN,WALK IN,37,F
2560,2024-01-25 19:15,2024-01-25 19:19,2024-01-25 19:33,2024-01-25 23:18,2024-01-25 23:18,3,ADMITTED,WALK IN,40,M
2561,2024-01-25 19:18,2024-01-25 19:21,2024-01-25 19:35,2024-01-25 21:39,2024-01-25 21:39,3,HOME,WALK IN,27,F
2562,2024-01-25 19:21,2024-01-25 19:33,,,2024-01-25 20:54,5,LEFT WITHOUT BEING SEEN,WALK IN,26,F
2563,2024-01-25 19:32,2024-01-25 19:36,2024-01-25 19:41,2024-01-25 22:09,2024-01-25 22:09,2,HOME,AMBULANCE,41,M
2564,2024-01-25 19:36,2024-01-25 19:40,,,2024-01-25 21:45,4,LEFT WITHOUT BEING SEEN,WALK IN,77,F
2565,2024-01-25 19:39,2024-01-25 19:45,2024-01-25 21:57,2024-01-26 00:16,2024-01-26 00:16,4,HOME,WALK IN,53,M
2566,2024-01-25 19:39,2024-01-25 19:42,2024-01-25 20:07,2024-01-25 23:52,2024-01-25 23:52,3,HOME,WALK IN,61,M
2567,2024-01-25 19:39,2024-01-25 19:46,2024-01-25 20:20,2024-01-25 21:25,2024-01-25 21:25,3,ADMITTED,WALK IN,25,F
2568,2024-01-25 19:45,2024-01-25 19:48,2024-01-25 20:06,2024-01-25 22:51,2024-01-25 22:51,1,HOME,WALK IN,44,F
2569,2024-01-25 19:47,2024-01-25 19:53,2024-01-25 20:23,2024-01-25 21:49,2024-01-25 21:49,3,ADMITTED,WALK IN,36,F
2570,2024-01-25 20:13,2024-01-25 20:22,2024-01-25 20:53,2024-01-25 21:57,2024-01-25 21:57,3,ADMITTED,WALK IN,51,F
2571,2024-01-25 20:14,2024-01-25 20:18,2024-01-25 20:25,2024-01-25 22:50,2024-01-25 22:50,3,ADMITTED,WALK IN,32,M
2572,2024-01-25 20:42,2024-01-25 20:49,2024-01-25 21:04,2024-01-26 01:42,2024-01-26 01:42,3,ADMITTED,WALK IN,38,F
2573,2024-01-25 20:48,2024-01-25 20:54,2024-01-25 22:09,2024-01-25 23:47,2024-01-25 23:47,4,HOME,WALK IN,27,M
2574,2024-01-25 21:04,2024-01-25 21:07,2024-01-25 21:55,2024-01-26 00:23,2024-01-26 00:23,3,HOME,WALK IN,43,M
2575,2024-01-25 21:22,2024-01-25 21:28,,,2024-01-25 22:35,4,LEFT WITHOUT BEING SEEN,WALK IN,37,M
2576,2024-01-25 21:37,2024-01-25 21:39,2024-01-25 22:51,2024-01-26 00:26,2024-01-26 00:26,4,HOME,WALK IN,37,F
2577,2024-01-25 21:54,2024-01-25 22:02,2024-01-25 23:22,2024-01-26 00:31,2024-01-26 00:31,5,HOME,WALK IN,69,F
2578,2024-01-25 22:12,2024-01-25 22:18,2024-01-25 22:19,2024-01-25 23:43,2024-01-25 23:43,3,HOME,WALK IN,62,F
2579,2024-01-25 22:34,2024-01-25 22:38,2024-01-25 22:50,2024-01-26 03:37,2024-01-26 03:37,2,HOME,WALK IN,38,F
2580,2024-01-25 22:49,2024-01-25 22:51,2024-01-25 22:53,2024-01-26 00:34,2024-01-26 00:34,3,HOME,WALK IN,78,F
2581,2024-01-25 23:44,2024-01-25 23:49,2024-01-25 23:49,2024-01-26 04:36,2024-01-26 04:36,2,HOME,WALK IN,46,M
2582,2024-01-25 23:44,2024-01-25 23:54,2024-01-25 23:54,2024-01-26 02:20,2024-01-26 02:20,3,HOME,WALK IN,49,F
2583,2024-01-26 00:02,2024-01-26 00:08,2024-01-26 00:08,2024-01-26 01:14,2024-01-26 01:14,3,HOME,AMBULANCE,50,F
2584,2024-01-26 00:28,2024-01-26 00:36,2024-01-26 00:36,2024-01-26 01:58,2024-01-26 01:58,4,HOME,WALK IN,59,F
2585,2024-01-26 01:42,2024-01-26 01:50,2024-01-26 01:50,2024-01-26 03:44,2024-01-26 03:44,2,HOME,WALK IN,75,F
2586,2024-01-26 03:29,2024-01-26 03:33,2024-01-26 03:33,2024-01-26 06:06,2024-01-26 06:06,2,HOME,WALK IN,27,F
2587,2024-01-26 03:35,2024-01-26 03:41,2024-01-26 03:44,2024-01-26 04:45,2024-01-26 04:45,5,HOME,WALK IN,30,M
2588,2024-01-26 03:56,2024-01-26 04:00,2024-01-26 04:34,2024-01-26 07:54,2024-01-26 07:54,3,ADMITTED,AMBULANCE,34,F
2589,2024-01-26 04:11,2024-01-26 04:17,2024-01-26 05:00,2024-01-26 07:52,2024-01-26 07:52,4,HOME,WALK IN,25,F
2590,2024-01-26 04:15,2024-01-26 04:22,2024-01-26 04:45,2024-01-26 05:57,2024-01-26 05:57,3,HOME,WALK IN,49,M
2591,2024-01-26 05:09,2024-01-26 05:16,2024-01-26 05:36,2024-01-26 06:23,2024-01-26 06:23,4,HOME,WALK IN,34,F
2592,2024-01-26 06:21,2024-01-26 06:23,2024-01-26 06:23,2024-01-26 10:10,2024-01-26 10:10,2,HOME,WALK IN,51,F
2593,2024-01-26 06:47,2024-01-26 06:54,2024-01-26 06:54,2024-01-26 08:20,2024-01-26 08:20,4,HOME,WALK IN,79,M
2594,2024-01-26 06:50,2024-01-26 06:57,2024-01-26 06:57,2024-01-26 07:17,2024-01-26 07:17,3,HOME,WALK IN,36,F
2595,2024-01-26 07:14,2024-01-26 07:21,2024-01-26 07:21,2024-01-26 10:25,2024-01-26 10:25,2,ADMITTED,AMBULANCE,73,M
2596,2024-01-26 07:15,2024-01-26 07:27,2024-01-26 07:27,2024-01-26 08:29,2024-01-26 08:29,4,HOME,WALK IN,45,M
2597,2024-01-26 07:28,2024-01-26 07:35,2024-01-26 07:46,2024-01-26 10:20,2024-01-26 10:20,3,HOME,WALK IN,51,M
2598,2024-01-26 07:29,2024-01-26 07:42,2024-01-26 07:47,2024-01-26 08:20,2024-01-26 08:20,3,HOME,AMBULANCE,82,M
2599,2024-01-26 07:46,2024-01-26 07:53,2024-01-26 07:54,2024-01-26 09:13,2024-01-26 09:13,5,HOME,WALK IN,33,M
2600,2024-01-26 08:04,2024-01-26 08:06,2024-01-26 08:06,2024-01-26 08:29,2024-01-26 08:29,5,HOME,WALK IN,55,M
2601,2024-01-26 08:13,2024-01-26 08:19,2024-01-26 08:19,2024-01-26 11:31,2024-01-26 11:31,3,HOME,WALK IN,51,F
2602,2024-01-26 08:14,2024-01-26 08:27,2024-01-26 08:29,2024-01-26 10:56,2024-01-26 10:56,3,HOME,WALK IN,47,M
2603,2024-01-26 08:17,2024-01-26 08:31,2024-01-26 08:31,2024-01-26 11:03,2024-01-26 11:03,3,HOME,WALK IN,46,M
2604,2024-01-26 08:29,2024-01-26 08:34,2024-01-26 08:45,2024-01-26 10:06,2024-01-26 10:06,3,ADMITTED,WALK IN,43,M
2605,2024-01-26 08:47,2024-01-26 08:52,2024-01-26 09:13,2024-01-26 10:43,2024-01-26 10:43,4,HOME,WALK IN,24,F
2606,2024-01-26 09:12,2024-01-26 09:17,2024-01-26 09:29,2024-01-26 13:06,2024-01-26 13:06,2,ADMITTED,AMBULANCE,83,F
2607,2024-01-26 09:53,2024-01-26 10:00,2024-01-26 10:00,2024-01-26 19:00,2024-01-26 19:00,2,HOME,AMBULANCE,28,F
2608,2024-01-26 09:54,2024-01-26 10:05,2024-01-26 10:05,2024-01-26 13:26,2024-01-26 13:26,3,HOME,AMBULANCE,56,M
2609,2024-01-26 10:39,2024-01-26 10:43,2024-01-26 10:43,2024-01-26 11:08,2024-01-26 11:08,4,HOME,WALK IN,54,F
2610,2024-01-26 10:52,2024-01-26 10:57,2024-01-26 11:03,2024-01-26 12:33,2024-01-26 12:33,3,ADMITTED,WALK IN,68,M
2611,2024-01-26 11:00,2024-01-26 11:12,2024-01-26 11:12,2024-01-26 12:35,2024-01-26 12:35,4,HOME,WALK IN,28,F
2612,2024-01-26 11:32,2024-01-26 11:36,2024-01-26 11:36,2024-01-26 14:09,2024-01-26 14:09,4,ADMITTED,WALK IN,31,F
2613,2024-01-26 11:37,2024-01-26 11:40,2024-01-26 11:40,2024-01-26 14:09,2024-01-26 14:09,2,ADMITTED,AMBULANCE,29,F
2614,2024-01-26 11:51,2024-01-26 11:55,2024-01-26 12:00,2024-01-26 13:57,2024-01-26 13:57,3,HOME,AMBULANCE,53,F
2615,2024-01-26 11:57,2024-01-26 12:06,2024-01-26 12:17,2024-01-26 12:38,2024-01-26 12:38,4,HOME,WALK IN,42,F
2616,2024-01-26 12:05,2024-01-26 12:15,2024-01-26 12:21,2024-01-26 12:53,2024-01-26 12:53,4,HOME,WALK IN,27,M
2617,2024-01-26 12:22,2024-01-26 12:30,2024-01-26 12:30,2024-01-26 15:53,2024-01-26 15:53,3,HOME,WALK IN,45,F
2618,2024-01-26 12:35,2024-01-26 12:46,2024-01-26 12:46,2024-01-26 14:41,2024-01-26 14:41,2,ADMITTED,AMBULANCE,38,F
2619,2024-01-26 12:44,2024-01-26 12:50,2024-01-26 12:50,2024-01-26 14:29,2024-01-26 14:29,3,HOME,WALK IN,46,F
2620,2024-01-26 12:45,2024-01-26 13:01,2024-01-26 13:02,2024-01-26 15:41,2024-01-26 15:41,4,ADMITTED,WALK IN,66,M
2621,2024-01-26 12:47,2024-01-26 12:57,2024-01-26 12:57,2024-01-26 14:29,2024-01-26 14:29,3,HOME,AMBULANCE,60,F
2622,2024-01-26 13:07,2024-01-26 13:11,2024-01-26 13:11,2024-01-26 14:08,2024-01-26 14:08,3,ADMITTED,WALK IN,35,M
2623,2024-01-26 13:12,2024-01-26 13:22,2024-01-26 13:22,2024-01-26 18:25,2024-01-26 18:25,4,HOME,AMBULANCE,70,F
2624,2024-01-26 13:13,2024-01-26 13:17,2024-01-26 13:17,2024-01-26 13:44,2024-01-26 13:44,4,HOME,WALK IN,45,M
2625,2024-01-26 14:07,2024-01-26 14:11,2024-01-26 14:11,2024-01-26 16:12,2024-01-26 16:12,3,HOME,WALK IN,45,M
2626,2024-01-26 14:14,2024-01-26 14:24,2024-01-26 14:24,2024-01-26 15:48,2024-01-26 15:48,2,HOME,WALK IN,39,M
2627,2024-01-26 14:40,2024-01-26 14:49,2024-01-26 14:49,2024-01-26 16:09,2024-01-26 16:09,2,HOME,AMBULANCE,61,M
2628,2024-01-26 14:51,2024-01-26 14:59,2024-01-26 14:59,2024-01-26 16:39,2024-01-26 16:39,3,HOME,WALK IN,54,F
2629,2024-01-26 14:58,2024-01-26 15:07,2024-01-26 15:07,2024-01-26 17:25,2024-01-26 17:25,5,HOME,WALK IN,21,F
2630,2024-01-26 15:09,2024-01-26 15:13,2024-01-26 15:13,2024-01-26 19:10,2024-01-26 19:10,3,HOME,WALK IN,27,F
2631,2024-01-26 15:45,2024-01-26 15:51,2024-01-26 16:12,2024-01-26 18:22,2024-01-26 18:22,3,HOME,AMBULANCE,68,F
2632,2024-01-26 15:47,2024-01-26 15:51,2024-01-26 15:53,2024-01-26 19:49,2024-01-26 19:49,2,ADMITTED,WALK IN,67,M
2633,2024-01-26 15:59,2024-01-26 16:08,2024-01-26 16:26,2024-01-26 17:30,2024-01-26 17:30,3,HOME,WALK IN,66,M
2634,2024-01-26 16:22,2024-01-26 16:30,2024-01-26 16:45,2024-01-26 17:55,2024-01-26 17:55,3,HOME,WALK IN,49,F
2635,2024-01-26 16:26,2024-01-26 16:40,2024-01-26 16:40,2024-01-26 19:26,2024-01-26 19:26,1,ADMITTED,AMBULANCE,67,M
2636,2024-01-26 16:32,2024-01-26 16:35,2024-01-26 16:39,2024-01-26 22:04,2024-01-26 22:04,2,ADMITTED,AMBULANCE,48,F
2637,2024-01-26 17:13,2024-01-26 17:28,2024-01-26 17:30,2024-01-26 18:14,2024-01-26 18:14,4,HOME,WALK IN,78,M
2638,2024-01-26 17:18,2024-01-26 17:23,2024-01-26 17:27,2024-01-26 18:46,2024-01-26 18:46,4,ADMITTED,AMBULANCE,43,M
2639,2024-01-26 17:25,2024-01-26 17:35,2024-01-26 17:35,2024-01-26 18:31,2024-01-26 18:31,4,HOME,WALK IN,40,F
2640,2024-01-26 17:30,2024-01-26 17:36,2024-01-26 17:36,2024-01-26 19:15,2024-01-26 19:15,3,HOME,WALK IN,39,F
2641,2024-01-26 17:33,2024-01-26 17:40,2024-01-26 17:40,2024-01-26 20:42,2024-01-26 20:42,2,HOME,WALK IN,50,F
2642,2024-01-26 17:48,2024-01-26 17:52,2024-01-26 17:55,2024-01-26 19:56,2024-01-26 19:56,2,HOME,WALK IN,41,F
2643,2024-01-26 17:52,2024-01-26 18:00,2024-01-26 18:00,2024-01-26 20:37,2024-01-26 20:37,3,ADMITTED,WALK IN,78,F
2644,2024-01-26 18:15,2024-01-26 18:23,2024-01-26 18:24,2024-01-26 23:31,2024-01-26 23:31,3,HOME,WALK IN,23,M
2645,2024-01-26 18:21,2024-01-26 18:24,2024-01-26 18:25,2024-01-26 20:23,2024-01-26 20:23,3,HOME,WALK IN,72,F
2646,2024-01-26 18:30,2024-01-26 18:32,2024-01-26 18:32,2024-01-26 21:37,2024-01-26 21:37,3,HOME,WALK IN,85,M
2647,2024-01-26 18:54,2024-01-26 18:56,2024-01-26 18:56,2024-01-26 23:41,2024-01-26 23:41,2,HOME,WALK IN,51,M
2648,2024-01-26 19:00,2024-01-26 19:06,2024-01-26 19:06,2024-01-26 21:00,2024-01-26 21:00,3,HOME,WALK IN,40,F
2649,2024-01-26 19:12,2024-01-26 19:33,2024-01-26 19:33,2024-01-26 20:29,2024-01-26 20:29,3,ADMITTED,WALK IN,36,M
2650,2024-01-26 19:22,2024-01-26 19:28,2024-01-26 19:28,2024-01-26 23:14,2024-01-26 23:14,1,ADMITTED,AMBULANCE,45,M
2651,2024-01-26 19:25,2024-01-26 19:35,2024-01-26 19:35,2024-01-26 23:13,2024-01-26 23:13,2,HOME,WALK IN,65,F
2652,2024-01-26 19:37,2024-01-26 19:44,2024-01-26 19:56,2024-01-26 21:13,2024-01-26 21:13,3,HOME,WALK IN,44,F
2653,2024-01-26 19:39,2024-01-26 19:42,2024-01-26 20:00,2024-01-26 21:03,2024-01-26 21:03,4,HOME,WALK IN,31,M
2654,2024-01-26 20:03,2024-01-26 20:06,2024-01-26 20:06,2024-01-27 00:01,2024-01-27 00:01,3,HOME,WALK IN,80,F
2655,2024-01-26 20:14,2024-01-26 20:19,2024-01-26 21:03,2024-01-26 21:39,2024-01-26 21:39,4,HOME,WALK IN,60,F
2656,2024-01-26 20:17,2024-01-26 20:23,2024-01-26 20:42,2024-01-27 00:31,2024-01-27 00:31,2,HOME,WALK IN,38,F
2657,2024-01-26 20:27,2024-01-26 20:34,2024-01-26 21:13,2024-01-26 22:07,2024-01-26 22:07,4,HOME,WALK IN,75,M
2658,2024-01-26 20:47,2024-01-26 20:52,,,2024-01-26 21:21,4,LEFT WITHOUT BEING SEEN,WALK IN,35,M
2659,2024-01-26 21:10,2024-01-26 21:13,,,2024-01-26 23:15,5,LEFT WITHOUT BEING SEEN,WALK IN,51,F
2660,2024-01-26 21:14,2024-01-26 21:19,2024-01-26 23:20,2024-01-27 01:31,2024-01-27 01:31,4,HOME,AMBULANCE,37,F
2661,2024-01-26 21:26,2024-01-26 21:32,2024-01-26 21:37,2024-01-26 23:36,2024-01-26 23:36,2,ADMITTED,WALK IN,63,M
2662,2024-01-26 21:28,2024-01-26 21:32,2024-01-26 21:39,2024-01-27 01:28,2024-01-27 01:28,2,HOME,WALK IN,61,M
2663,2024-01-26 21:36,2024-01-26 21:41,2024-01-26 22:04,2024-01-27 02:23,2024-01-27 02:23,3,HOME,WALK IN,35,F
2664,2024-01-26 21:53,2024-01-26 21:56,2024-01-26 22:07,2024-01-27 01:34,2024-01-27 01:34,3,HOME,WALK IN,42,M
2665,2024-01-26 22:31,2024-01-26 22:35,2024-01-26 22:35,2024-01-27 01:33,2024-01-27 01:33,1,ADMITTED,AMBULANCE,61,F
2666,2024-01-26 22:35,2024-01-26 22:44,,,2024-01-27 00:38,4,LEFT WITHOUT BEING SEEN,WALK IN,49,M
2667,2024-01-26 22:39,2024-01-26 22:50,2024-01-26 23:14,2024-01-27 01:39,2024-01-27 01:39,3,HOME,WALK IN,20,F
2668,2024-01-26 22:40,2024-01-26 22:53,2024-01-26 23:41,2024-01-27 02:11,2024-01-27 02:11,3,HOME,WALK IN,67,F
2669,2024-01-26 22:45,2024-01-26 22:59,2024-01-27 00:25,2024-01-27 03:36,2024-01-27 03:36,3,HOME,WALK IN,53,M
2670,2024-01-26 23:07,2024-01-26 23:10,2024-01-27 00:31,2024-01-27 02:14,2024-01-27 02:14,3,HOME,WALK IN,57,F
2671,2024-01-26 23:15,2024-01-26 23:19,2024-01-26 23:20,2024-01-27 01:28,2024-01-27 01:28,2,ADMITTED,AMBULANCE,52,M
2672,2024-01-26 23:20,2024-01-26 23:30,2024-01-26 23:38,2024-01-27 01:26,2024-01-27 01:26,2,HOME,WALK IN,71,F
2673,2024-01-26 23:32,2024-01-26 23:40,2024-01-26 23:41,2024-01-27 02:17,2024-01-27 02:17,2,ADMITTED,WALK IN,40,M
2674,2024-01-26 23:36,2024-01-26 23:47,2024-01-26 23:56,2024-01-27 01:42,2024-01-27 01:42,2,ADMITTED,WALK IN,69,M
2675,2024-01-26 23:58,2024-01-27 00:07,2024-01-27 01:41,2024-01-27 04:17,2024-01-27 04:17,3,HOME,WALK IN,87,M
2676,2024-01-27 00:00,2024-01-27 00:02,2024-01-27 01:42,2024-01-27 03:14,2024-01-27 03:14,4,HOME,WALK IN,42,M
2677,2024-01-27 00:27,2024-01-27 00:33,2024-01-27 01:39,2024-01-27 03:41,2024-01-27 03:41,2,HOME,AMBULANCE,87,M
2678,2024-01-27 01:46,2024-01-27 01:49,2024-01-27 01:49,2024-01-27 02:21,2024-01-27 02:21,5,HOME,WALK IN,43,F
2679,2024-01-27 02:05,2024-01-27 02:14,2024-01-27 02:23,2024-01-27 05:07,2024-01-27 05:07,3,HOME,WALK IN,54,F
2680,2024-01-27 02:26,2024-01-27 02:30,2024-01-27 03:24,2024-01-27 03:47,2024-01-27 03:47,5,HOME,WALK IN,29,M
2681,2024-01-27 02:33,2024-01-27 02:36,2024-01-27 03:18,2024-01-27 07:56,2024-01-27 07:56,4,HOME,WALK IN,31,F
2682,2024-01-27 02:38,2024-01-27 02:44,2024-01-27 03:10,2024-01-27 05:16,2024-01-27 05:16,3,HOME,WALK IN,30,M
2683,2024-01-27 02:43,2024-01-27 02:49,2024-01-27 03:14,2024-01-27 05:14,2024-01-27 05:14,3,HOME,WALK IN,41,F
2684,2024-01-27 03:17,2024-01-27 03:22,2024-01-27 03:23,2024-01-27 06:19,2024-01-27 06:19,3,HOME,WALK IN,23,F
2685,2024-01-27 04:23,2024-01-27 04:27,2024-01-27 04:27,2024-01-27 05:50,2024-01-27 05:50,2,HOME,AMBULANCE,76,F
2686,2024-01-27 05:10,2024-01-27 05:18,2024-01-27 05:18,2024-01-27 06:23,2024-01-27 06:23,4,HOME,WALK IN,57,M
2687,2024-01-27 05:47,2024-01-27 05:50,2024-01-27 05:50,2024-01-27 07:58,2024-01-27 07:58,2,HOME,WALK IN,48,F
2688,2024-01-27 06:36,2024-01-27 06:40,2024-01-27 06:40,2024-01-27 08:07,2024-01-27 08:07,3,ADMITTED,WALK IN,85,M
2689,2024-01-27 06:40,2024-01-27 06:42,2024-01-27 06:42,2024-01-27 07:40,2024-01-27 07:40,4,HOME,WALK IN,42,M
2690,2024-01-27 07:01,2024-01-27 07:03,2024-01-27 07:10,2024-01-27 10:19,2024-01-27 10:19,3,HOME,WALK IN,57,F
2691,2024-01-27 07:08,2024-01-27 07:11,2024-01-27 07:11,2024-01-27 10:07,2024-01-27 10:07,1,ADMITTED,WALK IN,75,F
2692,2024-01-27 07:47,2024-01-27 07:52,2024-01-27 07:52,2024-01-27 10:19,2024-01-27 10:19,1,HOME,AMBULANCE,60,M
2693,2024-01-27 07:55,2024-01-27 08:03,2024-01-27 08:03,2024-01-27 11:03,2024-01-27 11:03,4,ADMITTED,WALK IN,47,F
2694,2024-01-27 08:06,2024-01-27 08:12,2024-01-27 08:12,2024-01-27 10:10,2024-01-27 10:10,5,HOME,WALK IN,56,M
2695,2024-01-27 08:15,2024-01-27 08:21,2024-01-27 08:21,2024-01-27 11:44,2024-01-27 11:44,4,ADMITTED,WALK IN,37,M
2696,2024-01-27 08:17,2024-01-27 08:27,2024-01-27 08:27,2024-01-27 12:25,2024-01-27 12:25,3,ADMITTED,WALK IN,71,F
2697,2024-01-27 08:19,2024-01-27 08:30,2024-01-27 08:30,2024-01-27 15:23,2024-01-27 15:23,3,ADMITTED,WALK IN,33,M
2698,2024-01-27 08:34,2024-01-27 08:41,,,2024-01-27 10:06,4,LEFT WITHOUT BEING SEEN,AMBULANCE,81,M
2699,2024-01-27 08:40,2024-01-27 08:51,,,2024-01-27 10:55,4,LEFT WITHOUT BEING SEEN,WALK IN,37,F
2700,2024-01-27 08:48,2024-01-27 08:56,2024-01-27 10:20,2024-01-27 14:04,2024-01-27 14:04,3,HOME,AMBULANCE,22,M
2701,2024-01-27 08:51,2024-01-27 09:01,2024-01-27 10:29,2024-01-27 14:38,2024-01-27 14:38,3,HOME,WALK IN,58,M
2702,2024-01-27 08:53,2024-01-27 09:06,2024-01-27 10:19,2024-01-27 12:19,2024-01-27 12:19,2,ADMITTED,AMBULANCE,44,M
2703,2024-01-27 08:55,2024-01-27 09:10,,,2024-01-27 10:35,4,LEFT WITHOUT BEING SEEN,WALK IN,64,M
2704,2024-01-27 09:04,2024-01-27 09:14,2024-01-27 10:19,2024-01-27 13:18,2024-01-27 13:18,2,ADMITTED,AMBULANCE,56,F
2705,2024-01-27 09:29,2024-01-27 09:38,2024-01-27 10:40,2024-01-27 13:13,2024-01-27 13:13,3,ADMITTED,WALK IN,40,M
2706,2024-01-27 09:47,2024-01-27 09:53,2024-01-27 11:03,2024-01-27 17:43,2024-01-27 17:43,3,HOME,AMBULANCE,39,F
2707,2024-01-27 10:01,2024-01-27 10:05,,,2024-01-27 14:05,5,LEFT WITHOUT BEING SEEN,WALK IN,59,F
2708,2024-01-27 10:01,2024-01-27 10:07,2024-01-27 11:54,2024-01-27 12:30,2024-01-27 12:30,4,HOME,WALK IN,29,F
2709,2024-01-27 10:15,2024-01-27 10:20,2024-01-27 11:13,2024-01-27 12:39,2024-01-27 12:39,3,HOME,WALK IN,32,M
2710,2024-01-27 10:28,2024-01-27 10:37,2024-01-27 12:00,2024-01-27 23:28,2024-01-27 23:28,4,HOME,WALK IN,52,M
2711,2024-01-27 10:45,2024-01-27 10:50,2024-01-27 11:14,2024-01-27 12:45,2024-01-27 12:45,3,HOME,WALK IN,33,M
2712,2024-01-27 10:48,2024-01-27 10:52,,,2024-01-27 12:18,5,LEFT WITHOUT BEING SEEN,WALK IN,68,F
2713,2024-01-27 10:55,2024-01-27 10:59,2024-01-27 11:44,2024-01-27 12:53,2024-01-27 12:53,3,HOME,WALK IN,24,M
2714,2024-01-27 11:07,2024-01-27 11:16,,,2024-01-27 12:50,5,LEFT WITHOUT BEING SEEN,WALK IN,76,M
2715,2024-01-27 11:25,2024-01-27 11:29,2024-01-27 11:51,2024-01-27 14:47,2024-01-27 14:47,3,HOME,WALK IN,64,F
2716,2024-01-27 11:43,2024-01-27 11:49,2024-01-27 11:53,2024-01-27 14:32,2024-01-27 14:32,3,HOME,WALK IN,43,M
2717,2024-01-27 11:54,2024-01-27 11:57,2024-01-27 12:45,2024-01-27 15:40,2024-01-27 15:40,2,HOME,AMBULANCE,22,M
2718,2024-01-27 11:58,2024-01-27 12:00,2024-01-27 13:43,2024-01-27 20:02,2024-01-27 20:02,3,HOME,WALK IN,48,M
2719,2024-01-27 12:06,2024-01-27 12:09,2024-01-27 12:53,2024-01-27 16:30,2024-01-27 16:30,2,ADMITTED,WALK IN,24,F
2720,2024-01-27 12:15,2024-01-27 12:21,2024-01-27 14:04,2024-01-27 17:56,2024-01-27 17:56,3,HOME,AMBULANCE,29,F
2721,2024-01-27 12:17,2024-01-27 12:21,2024-01-27 13:04,2024-01-27 17:54,2024-01-27 17:54,2,HOME,AMBULANCE,79,F
2722,2024-01-27 12:32,2024-01-27 12:39,2024-01-27 12:39,2024-01-27 14:43,2024-01-27 14:43,1,HOME,WALK IN,88,M
2723,2024-01-27 12:39,2024-01-27 12:42,2024-01-27 13:18,2024-01-27 16:25,2024-01-27 16:25,2,HOME,AMBULANCE,64,M
2724,2024-01-27 12:50,2024-01-27 12:56,2024-01-27 15:23,2024-01-27 17:59,2024-01-27 17:59,3,HOME,WALK IN,56,M
2725,2024-01-27 12:54,2024-01-27 12:57,,,2024-01-27 14:48,3,LEFT WITHOUT BEING SEEN,WALK IN,75,F
2726,2024-01-27 13:24,2024-01-27 13:30,,,2024-01-27 14:39,3,LEFT WITHOUT BEING SEEN,AMBULANCE,37,F
2727,2024-01-27 13:34,2024-01-27 13:42,,,2024-01-27 15:53,5,LEFT WITHOUT BEING SEEN,WALK IN,48,F
2728,2024-01-27 13:42,2024-01-27 13:48,2024-01-27 15:25,2024-01-27 19:07,2024-01-27 19:07,3,ADMITTED,AMBULANCE,49,F
2729,2024-01-27 13:57,2024-01-27 13:59,2024-01-27 15:41,2024-01-27 20:45,2024-01-27 20:45,3,ADMITTED,WALK IN,28,M
2730,2024-01-27 14:01,2024-01-27 14:05,,,2024-01-27 17:44,5,LEFT WITHOUT BEING SEEN,WALK IN,51,F
2731,2024-01-27 14:08,2024-01-27 14:14,,,2024-01-27 14:51,3,LEFT WITHOUT BEING SEEN,AMBULANCE,40,F
2732,2024-01-27 14:19,2024-01-27 14:22,2024-01-27 14:47,2024-01-27 18:56,2024-01-27 18:56,2,ADMITTED,WALK IN,71,F
2733,2024-01-27 14:34,2024-01-27 14:41,2024-01-27 14:48,2024-01-27 17:48,2024-01-27 17:48,2,HOME,WALK IN,59,M
2734,2024-01-27 14:36,2024-01-27 14:39,,,2024-01-27 16:26,3,LEFT WITHOUT BEING SEEN,WALK IN,37,F
2735,2024-01-27 14:40,2024-01-27 14:49,,,2024-01-27 19:34,5,LEFT WITHOUT BEING SEEN,WALK IN,41,F
2736,2024-01-27 14:42,2024-01-27 14:48,,,2024-01-27 16:47,4,LEFT WITHOUT BEING SEEN,WALK IN,43,F
2737,2024-01-27 15:19,2024-01-27 15:28,,,2024-01-27 18:47,4,LEFT WITHOUT BEING SEEN,WALK IN,50,F
2738,2024-01-27 15:27,2024-01-27 15:32,2024-01-27 15:40,2024-01-27 17:43,2024-01-27 17:43,1,ADMITTED,WALK IN,75,F
2739,2024-01-27 15:29,2024-01-27 15:34,2024-01-27 16:30,2024-01-27 19:03,2024-01-27 19:03,3,HOME,WALK IN,29,F
2740,2024-01-27 15:57,2024-01-27 16:03,,,2024-01-27 17:59,4,LEFT WITHOUT BEING SEEN,WALK IN,45,M
2741,2024-01-27 16:11,2024-01-27 16:12,,,2024-01-27 17:31,3,LEFT WITHOUT BEING SEEN,WALK IN,34,M
2742,2024-01-27 16:12,2024-01-27 16:21,2024-01-27 17:43,2024-01-27 19:53,2024-01-27 19:53,3,HOME,WALK IN,56,F
2743,2024-01-27 16:27,2024-01-27 16:32,2024-01-27 16:55,2024-01-27 20:31,2024-01-27 20:31,2,HOME,AMBULANCE,44,F
2744,2024-01-27 16:29,2024-01-27 16:32,2024-01-27 17:47,2024-01-27 19:00,2024-01-27 19:00,3,HOME,WALK IN,40,F
2745,2024-01-27 16:48,2024-01-27 16:54,2024-01-27 17:59,2024-01-27 22:39,2024-01-27 22:39,3,HOME,WALK IN,19,M
2746,2024-01-27 17:16,2024-01-27 17:25,2024-01-27 17:44,2024-01-27 18:59,2024-01-27 18:59,2,HOME,WALK IN,71,M
2747,2024-01-27 17:17,2024-01-27 17:26,2024-01-27 18:23,2024-01-27 20:33,2024-01-27 20:33,3,HOME,WALK IN,21,M
2748,2024-01-27 17:30,2024-01-27 17:35,2024-01-27 19:28,2024-01-27 20:42,2024-01-27 20:42,3,ADMITTED,WALK IN,49,M
2749,2024-01-27 17:43,2024-01-27 17:46,2024-01-27 17:48,2024-01-27 20:47,2024-01-27 20:47,2,HOME,AMBULANCE,45,M
2750,2024-01-27 17:46,2024-01-27 17:52,2024-01-27 19:32,2024-01-27 21:36,2024-01-27 21:36,3,ADMITTED,AMBULANCE,36,M
2751,2024-01-27 17:47,2024-01-27 17:54,2024-01-27 17:56,2024-01-27 23:32,2024-01-27 23:32,2,HOME,WALK IN,88,M
2752,2024-01-27 17:48,2024-01-27 17:59,2024-01-27 20:00,2024-01-27 21:37,2024-01-27 21:37,3,HOME,WALK IN,20,F
2753,2024-01-27 17:52,2024-01-27 18:05,2024-01-27 19:03,2024-01-27 22:37,2024-01-27 22:37,2,HOME,WALK IN,51,F
2754,2024-01-27 17:55,2024-01-27 18:05,2024-01-27 20:00,2024-01-27 22:56,2024-01-27 22:56,3,ADMITTED,WALK IN,89,M
2755,2024-01-27 18:02,2024-01-27 18:09,,,2024-01-27 19:59,3,LEFT WITHOUT BEING SEEN,WALK IN,53,F
2756,2024-01-27 18:07,2024-01-27 18:13,2024-01-27 20:02,2024-01-27 22:54,2024-01-27 22:54,3,ADMITTED,WALK IN,24,F
2757,2024-01-27 18:12,2024-01-27 18:16,2024-01-27 20:03,2024-01-27 22:45,2024-01-27 22:45,3,HOME,AMBULANCE,30,M
2758,2024-01-27 18:17,2024-01-27 18:22,2024-01-27 19:07,2024-01-27 22:32,2024-01-27 22:32,2,HOME,WALK IN,67,F
2759,2024-01-27 18:23,2024-01-27 18:27,2024-01-27 20:06,2024-01-27 22:39,2024-01-27 22:39,3,HOME,WALK IN,80,M
2760,2024-01-27 18:39,2024-01-27 18:49,2024-01-27 21:38,2024-01-28 04:34,2024-01-28 04:34,4,HOME,AMBULANCE,56,M
2761,2024-01-27 18:39,2024-01-27 18:42,2024-01-27 20:52,2024-01-27 23:33,2024-01-27 23:33,3,HOME,WALK IN,19,F
2762,2024-01-27 18:53,2024-01-27 19:04,2024-01-27 19:10,2024-01-27 22:42,2024-01-27 22:42,2,HOME,AMBULANCE,63,M
2763,2024-01-27 18:59,2024-01-27 19:05,2024-01-27 19:58,2024-01-27 22:57,2024-01-27 22:57,2,ADMITTED,AMBULANCE,41,M
2764,2024-01-27 19:21,2024-01-27 19:37,,,2024-01-27 20:08,3,LEFT WITHOUT BEING SEEN,WALK IN,24,F
2765,2024-01-27 19:39,2024-01-27 19:43,,,2024-01-27 21:14,4,LEFT WITHOUT BEING SEEN,WALK IN,44,F
2766,2024-01-27 19:57,2024-01-27 20:05,2024-01-27 20:47,2024-01-27 22:50,2024-01-27 22:50,2,HOME,WALK IN,56,F
2767,2024-01-27 20:26,2024-01-27 20:30,2024-01-27 20:31,2024-01-28 00:48,2024-01-28 00:48,1,ADMITTED,AMBULANCE,52,M
2768,2024-01-27 20:52,2024-01-27 20:55,2024-01-27 22:56,2024-01-28 01:48,2024-01-28 01:48,2,ADMITTED,AMBULANCE,46,F
2769,2024-01-27 21:20,2024-01-27 21:23,,,2024-01-27 22:30,5,LEFT WITHOUT BEING SEEN,WALK IN,25,F
2770,2024-01-27 21:27,2024-01-27 21:33,2024-01-27 22:57,2024-01-28 02:15,2024-01-28 02:15,2,HOME,AMBULANCE,47,M
2771,2024-01-27 21:28,2024-01-27 21:41,,,2024-01-27 22:20,3,LEFT WITHOUT BEING SEEN,WALK IN,53,M
2772,2024-01-27 21:37,2024-01-27 21:44,2024-01-28 00:54,2024-01-28 04:13,2024-01-28 04:13,3,HOME,WALK IN,40,F
2773,2024-01-27 21:55,2024-01-27 22:06,2024-01-28 01:01,2024-01-28 04:48,2024-01-28 04:48,3,ADMITTED,WALK IN,79,F
2774,2024-01-27 21:58,2024-01-27 22:02,,,2024-01-27 23:30,3,LEFT WITHOUT BEING SEEN,AMBULANCE,46,M
2775,2024-01-27 22:58,2024-01-27 23:01,,,2024-01-28 00:38,4,LEFT WITHOUT BEING SEEN,WALK IN,65,F
2776,2024-01-27 23:07,2024-01-27 23:15,2024-01-27 23:33,2024-01-28 01:52,2024-01-28 01:52,2,ADMITTED,AMBULANCE,53,F
2777,2024-01-27 23:08,2024-01-27 23:22,,,2024-01-28 01:14,3,LEFT WITHOUT BEING SEEN,AMBULANCE,46,F
2778,2024-01-28 00:02,2024-01-28 00:07,2024-01-28 00:07,2024-01-28 02:53,2024-01-28 02:53,1,HOME,WALK IN,65,F
2779,2024-01-28 00:59,2024-01-28 01:08,2024-01-28 01:52,2024-01-28 03:53,2024-01-28 03:53,2,ADMITTED,WALK IN,70,F
2780,2024-01-28 01:00,2024-01-28 01:14,2024-01-28 02:03,2024-01-28 04:45,2024-01-28 04:45,2,ADMITTED,WALK IN,20,F
2781,2024-01-28 02:11,2024-01-28 02:14,2024-01-28 02:15,2024-01-28 04:22,2024-01-28 04:22,3,HOME,AMBULANCE,44,F
2782,2024-01-28 03:51,2024-01-28 03:58,2024-01-28 03:58,2024-01-28 04:34,2024-01-28 04:34,4,HOME,WALK IN,64,M
2783,2024-01-28 05:05,2024-01-28 05:12,2024-01-28 05:12,2024-01-28 10:48,2024-01-28 10:48,2,HOME,AMBULANCE,83,F
2784,2024-01-28 05:35,2024-01-28 05:37,2024-01-28 05:37,2024-01-28 08:59,2024-01-28 08:59,3,HOME,AMBULANCE,51,F
2785,2024-01-28 06:27,2024-01-28 06:31,2024-01-28 06:31,2024-01-28 12:04,2024-01-28 12:04,2,ADMITTED,WALK IN,59,F
2786,2024-01-28 06:27,2024-01-28 06:34,2024-01-28 06:34,2024-01-28 06:41,2024-01-28 06:41,5,HOME,WALK IN,34,M
2787,2024-01-28 06:41,2024-01-28 06:49,2024-01-28 06:49,2024-01-28 09:01,2024-01-28 09:01,3,HOME,WALK IN,43,F
2788,2024-01-28 07:06,2024-01-28 07:10,2024-01-28 07:10,2024-01-28 09:37,2024-01-28 09:37,1,HOME,AMBULANCE,46,F
2789,2024-01-28 07:11,2024-01-28 07:15,2024-01-28 08:00,2024-01-28 10:01,2024-01-28 10:01,3,HOME,WALK IN,30,M
2790,2024-01-28 07:33,2024-01-28 07:42,2024-01-28 08:00,2024-01-28 13:53,2024-01-28 13:53,4,HOME,WALK IN,58,M
2791,2024-01-28 07:34,2024-01-28 07:45,2024-01-28 08:00,2024-01-28 09:34,2024-01-28 09:34,4,HOME,WALK IN,81,F
2792,2024-01-28 08:33,2024-01-28 08:35,2024-01-28 08:35,2024-01-28 08:59,2024-01-28 08:59,4,HOME,WALK IN,21,M
2793,2024-01-28 08:47,2024-01-28 08:51,2024-01-28 08:51,2024-01-28 11:00,2024-01-28 11:00,2,ADMITTED,WALK IN,47,F
2794,2024-01-28 09:06,2024-01-28 09:09,2024-01-28 09:09,2024-01-28 11:05,2024-01-28 11:05,3,HOME,WALK IN,45,M
2795,2024-01-28 09:16,2024-01-28 09:28,2024-01-28 09:28,2024-01-28 11:24,2024-01-28 11:24,4,HOME,AMBULANCE,39,F
2796,2024-01-28 09:36,2024-01-28 09:40,2024-01-28 09:40,2024-01-28 13:06,2024-01-28 13:06,3,ADMITTED,AMBULANCE,44,F
2797,2024-01-28 09:53,2024-01-28 09:59,2024-01-28 10:01,2024-01-28 11:26,2024-01-28 11:26,3,ADMITTED,AMBULANCE,25,F
2798,2024-01-28 09:59,2024-01-28 10:06,2024-01-28 10:06,2024-01-28 13:20,2024-01-28 13:20,3,HOME,WALK IN,19,F
2799,2024-01-28 10:01,2024-01-28 10:11,2024-01-28 10:15,2024-01-28 13:51,2024-01-28 13:51,2,HOME,WALK IN,54,F
2800,2024-01-28 10:14,2024-01-28 10:23,2024-01-28 10:30,2024-01-28 13:18,2024-01-28 13:18,2,HOME,WALK IN,59,F
2801,2024-01-28 10:18,2024-01-28 10:23,2024-01-28 10:23,2024-01-28 13:13,2024-01-28 13:13,2,HOME,AMBULANCE,30,M
2802,2024-01-28 10:26,2024-01-28 10:28,2024-01-28 10:48,2024-01-28 12:02,2024-01-28 12:02,4,HOME,WALK IN,44,F
2803,2024-01-28 10:28,2024-01-28 10:33,2024-01-28 10:52,2024-01-28 11:58,2024-01-28 11:58,4,HOME,WALK IN,66,M
2804,2024-01-28 10:48,2024-01-28 10:56,2024-01-28 11:04,2024-01-28 11:51,2024-01-28 11:51,4,HOME,WALK IN,74,M
2805,2024-01-28 10:55,2024-01-28 11:05,2024-01-28 11:05,2024-01-28 11:27,2024-01-28 11:27,5,ADMITTED,WALK IN,65,F
2806,2024-01-28 11:00,2024-01-28 11:11,2024-01-28 13:22,2024-01-28 14:07,2024-01-28 14:07,4,HOME,WALK IN,68,M
2807,2024-01-28 11:02,2024-01-28 11:12,2024-01-28 11:31,2024-01-28 18:18,2024-01-28 18:18,3,ADMITTED,WALK IN,25,M
2808,2024-01-28 11:11,2024-01-28 11:16,2024-01-28 13:37,2024-01-28 14:01,2024-01-28 14:01,4,HOME,WALK IN,29,F
2809,2024-01-28 11:16,2024-01-28 11:22,2024-01-28 11:26,2024-01-28 14:13,2024-01-28 14:13,2,HOME,WALK IN,36,F
2810,2024-01-28 11:20,2024-01-28 11:23,2024-01-28 11:27,2024-01-28 15:24,2024-01-28 15:24,2,HOME,WALK IN,62,F
2811,2024-01-28 11:24,2024-01-28 11:32,2024-01-28 11:32,2024-01-28 13:10,2024-01-28 13:10,1,ADMITTED,WALK IN,70,M
2812,2024-01-28 11:24,2024-01-28 11:32,2024-01-28 12:02,2024-01-28 18:20,2024-01-28 18:20,2,ADMITTED,WALK IN,52,M
2813,2024-01-28 11:30,2024-01-28 11:36,2024-01-28 12:04,2024-01-28 15:28,2024-01-28 15:28,2,ADMITTED,WALK IN,29,F
2814,2024-01-28 11:43,2024-01-28 11:50,2024-01-28 13:18,2024-01-28 14:11,2024-01-28 14:11,3,HOME,WALK IN,37,M
2815,2024-01-28 11:57,2024-01-28 12:00,2024-01-28 13:39,2024-01-28 14:13,2024-01-28 14:13,4,HOME,AMBULANCE,43,F
2816,2024-01-28 12:05,2024-01-28 12:18,2024-01-28 12:18,2024-01-28 15:10,2024-01-28 15:10,1,HOME,AMBULANCE,36,M
2817,2024-01-28 12:08,2024-01-28 12:13,2024-01-28 13:20,2024-01-28 14:18,2024-01-28 14:18,3,HOME,AMBULANCE,25,F
2818,2024-01-28 13:00,2024-01-28 13:06,,,2024-01-28 13:56,5,LEFT WITHOUT BEING SEEN,WALK IN,30,F
2819,2024-01-28 13:02,2024-01-28 13:10,2024-01-28 13:22,2024-01-28 16:12,2024-01-28 16:12,3,HOME,WALK IN,23,F
2820,2024-01-28 13:38,2024-01-28 13:41,2024-01-28 13:53,2024-01-28 17:10,2024-01-28 17:10,3,HOME,WALK IN,52,F
2821,2024-01-28 13:47,2024-01-28 14:03,2024-01-28 14:18,2024-01-28 17:14,2024-01-28 17:14,2,ADMITTED,WALK IN,46,F
2822,2024-01-28 13:52,2024-01-28 13:54,2024-01-28 13:56,2024-01-28 16:10,2024-01-28 16:10,3,HOME,WALK IN,47,F
2823,2024-01-28 13:52,2024-01-28 14:03,2024-01-28 14:13,2024-01-28 15:35,2024-01-28 15:35,2,HOME,WALK IN,22,M
2824,2024-01-28 14:03,2024-01-28 14:08,2024-01-28 14:21,2024-01-28 15:17,2024-01-28 15:17,4,HOME,WALK IN,74,F
2825,2024-01-28 14:07,2024-01-28 14:11,2024-01-28 14:20,2024-01-28 17:22,2024-01-28 17:22,3,HOME,WALK IN,29,M
2826,2024-01-28 14:09,2024-01-28 14:15,,,2024-01-28 14:54,5,LEFT WITHOUT BEING SEEN,WALK IN,65,M
2827,2024-01-28 14:19,2024-01-28 14:24,2024-01-28 14:24,2024-01-28 16:04,2024-01-28 16:04,3,HOME,WALK IN,49,M
2828,2024-01-28 14:24,2024-01-28 14:27,2024-01-28 14:45,2024-01-28 15:31,2024-01-28 15:31,4,HOME,WALK IN,27,M
2829,2024-01-28 14:24,2024-01-28 14:29,2024-01-28 14:34,2024-01-28 17:30,2024-01-28 17:30,3,HOME,AMBULANCE,52,M
2830,2024-01-28 14:36,2024-01-28 14:41,2024-01-28 14:42,2024-01-28 17:29,2024-01-28 17:29,2,ADMITTED,AMBULANCE,45,M
2831,2024-01-28 14:41,2024-01-28 14:47,2024-01-28 14:55,2024-01-28 18:02,2024-01-28 18:02,2,HOME,AMBULANCE,50,F
2832,2024-01-28 14:48,2024-01-28 14:53,2024-01-28 14:59,2024-01-28 17:42,2024-01-28 17:42,2,HOME,WALK IN,67,M
2833,2024-01-28 15:03,2024-01-28 15:11,2024-01-28 15:35,2024-01-28 17:19,2024-01-28 17:19,2,HOME,WALK IN,80,F
2834,2024-01-28 15:07,2024-01-28 15:10,2024-01-28 15:10,2024-01-28 19:03,2024-01-28 19:03,4,HOME,AMBULANCE,38,F
2835,2024-01-28 15:08,2024-01-28 15:14,2024-01-28 15:17,2024-01-28 17:46,2024-01-28 17:46,1,HOME,AMBULANCE,35,M
2836,2024-01-28 15:12,2024-01-28 15:15,2024-01-28 15:37,2024-01-28 17:05,2024-01-28 17:05,3,ADMITTED,WALK IN,43,M
2837,2024-01-28 15:21,2024-01-28 15:25,2024-01-28 16:18,2024-01-28 18:16,2024-01-28 18:16,4,HOME,WALK IN,26,F
2838,2024-01-28 15:42,2024-01-28 15:44,2024-01-28 16:10,2024-01-28 17:37,2024-01-28 17:37,3,HOME,WALK IN,36,M
2839,2024-01-28 15:44,2024-01-28 15:47,2024-01-28 16:12,2024-01-28 17:03,2024-01-28 17:03,3,HOME,WALK IN,32,M
2840,2024-01-28 16:52,2024-01-28 17:05,2024-01-28 17:05,2024-01-28 21:31,2024-01-28 21:31,4,ADMITTED,AMBULANCE,44,F
2841,2024-01-28 17:00,2024-01-28 17:05,2024-01-28 17:05,2024-01-28 21:32,2024-01-28 21:32,1,ADMITTED,AMBULANCE,77,F
2842,2024-01-28 17:08,2024-01-28 17:13,2024-01-28 17:13,2024-01-28 19:26,2024-01-28 19:26,3,HOME,AMBULANCE,58,F
2843,2024-01-28 17:09,2024-01-28 17:17,2024-01-28 17:17,2024-01-28 19:07,2024-01-28 19:07,2,HOME,AMBULANCE,91,F
2844,2024-01-28 17:21,2024-01-28 17:31,2024-01-28 17:31,2024-01-28 17:48,2024-01-28 17:48,5,HOME,WALK IN,35,F
2845,2024-01-28 17:32,2024-01-28 17:39,2024-01-28 17:39,2024-01-28 20:26,2024-01-28 20:26,2,HOME,WALK IN,31,F
2846,2024-01-28 17:43,2024-01-28 17:49,2024-01-28 17:49,2024-01-28 19:33,2024-01-28 19:33,3,HOME,WALK IN,23,F
2847,2024-01-28 17:44,2024-01-28 17:48,2024-01-28 17:48,2024-01-28 20:28,2024-01-28 20:28,2,ADMITTED,AMBULANCE,35,M
2848,2024-01-28 18:00,2024-01-28 18:07,2024-01-28 18:07,2024-01-28 21:39,2024-01-28 21:39,2,HOME,WALK IN,74,M
2849,2024-01-28 18:11,2024-01-28 18:15,2024-01-28 18:18,2024-01-28 21:30,2024-01-28 21:30,3,HOME,WALK IN,61,M
2850,2024-01-28 18:21,2024-01-28 18:25,2024-01-28 18:25,2024-01-28 21:37,2024-01-28 21:37,2,HOME,AMBULANCE,70,F
2851,2024-01-28 18:23,2024-01-28 18:26,2024-01-28 18:26,2024-01-28 21:36,2024-01-28 21:36,3,ADMITTED,WALK IN,59,M
2852,2024-01-28 18:28,2024-01-28 18:33,2024-01-28 18:33,2024-01-28 20:19,2024-01-28 20:19,3,HOME,WALK IN,52,M
2853,2024-01-28 18:40,2024-01-28 18:47,2024-01-28 18:49,2024-01-29 03:37,2024-01-29 03:37,3,ADMITTED,WALK IN,47,F
2854,2024-01-28 18:47,2024-01-28 18:53,2024-01-28 19:03,2024-01-28 19:59,2024-01-28 19:59,5,HOME,WALK IN,22,M
2855,2024-01-28 19:05,2024-01-28 19:09,2024-01-28 19:09,2024-01-28 20:28,2024-01-28 20:28,4,HOME,WALK IN,51,M
2856,2024-01-28 19:06,2024-01-28 19:12,2024-01-28 19:12,2024-01-28 19:57,2024-01-28 19:57,4,HOME,WALK IN,33,M
2857,2024-01-28 19:09,2024-01-28 19:19,2024-01-28 19:19,2024-01-29 00:01,2024-01-29 00:01,3,HOME,AMBULANCE,56,F
2858,2024-01-28 19:16,2024-01-28 19:22,2024-01-28 19:43,2024-01-28 20:54,2024-01-28 20:54,4,HOME,WALK IN,68,F
2859,2024-01-28 19:18,2024-01-28 19:27,2024-01-28 19:38,2024-01-28 23:05,2024-01-28 23:05,3,ADMITTED,WALK IN,65,F
2860,2024-01-28 19:20,2024-01-28 19:25,2024-01-28 19:33,2024-01-28 20:34,2024-01-28 20:34,3,ADMITTED,WALK IN,43,M
2861,2024-01-28 19:31,2024-01-28 19:37,2024-01-28 19:40,2024-01-28 20:39,2024-01-28 20:39,3,HOME,WALK IN,64,M
2862,2024-01-28 19:39,2024-01-28 19:45,2024-01-28 19:57,2024-01-28 23:11,2024-01-28 23:11,2,HOME,WALK IN,52,M
2863,2024-01-28 20:05,2024-01-28 20:11,2024-01-28 20:11,2024-01-28 22:51,2024-01-28 22:51,2,HOME,WALK IN,43,F
2864,2024-01-28 20:11,2024-01-28 20:16,2024-01-28 20:28,2024-01-28 22:00,2024-01-28 22:00,5,HOME,WALK IN,67,F
2865,2024-01-28 20:34,2024-01-28 20:36,2024-01-28 20:36,2024-01-28 22:08,2024-01-28 22:08,4,HOME,WALK IN,37,F
2866,2024-01-28 20:52,2024-01-28 20:57,2024-01-28 20:57,2024-01-28 23:57,2024-01-28 23:57,1,ADMITTED,AMBULANCE,63,M
2867,2024-01-28 20:52,2024-01-28 20:58,2024-01-28 21:37,2024-01-28 23:51,2024-01-28 23:51,2,ADMITTED,WALK IN,54,M
2868,2024-01-28 21:07,2024-01-28 21:22,2024-01-28 21:47,2024-01-29 02:08,2024-01-29 02:08,3,HOME,WALK IN,43,F
2869,2024-01-28 21:28,2024-01-28 21:32,2024-01-28 22:00,2024-01-28 22:49,2024-01-28 22:49,4,HOME,WALK IN,59,M
2870,2024-01-28 21:31,2024-01-28 21:43,2024-01-28 21:58,2024-01-28 23:12,2024-01-28 23:12,3,HOME,WALK IN,44,F
2871,2024-01-28 21:32,2024-01-28 21:35,2024-01-28 21:39,2024-01-29 02:22,2024-01-29 02:22,2,ADMITTED,AMBULANCE,28,F
2872,2024-01-28 21:57,2024-01-28 22:05,2024-01-28 22:08,2024-01-29 02:18,2024-01-29 02:18,3,ADMITTED,WALK IN,48,F
2873,2024-01-28 22:42,2024-01-28 22:49,2024-01-28 23:05,2024-01-29 00:49,2024-01-29 00:49,2,HOME,WALK IN,32,M
2874,2024-01-28 22:43,2024-01-28 22:55,2024-01-28 22:55,2024-01-29 00:27,2024-01-29 00:27,1,HOME,WALK IN,85,M
2875,2024-01-28 23:01,2024-01-28 23:06,2024-01-28 23:11,2024-01-29 03:44,2024-01-29 03:44,2,HOME,AMBULANCE,46,M
2876,2024-01-28 23:23,2024-01-28 23:26,2024-01-28 23:26,2024-01-28 23:47,2024-01-28 23:47,4,HOME,WALK IN,52,F
2877,2024-01-29 00:13,2024-01-29 00:19,2024-01-29 00:49,2024-01-29 01:27,2024-01-29 01:27,5,HOME,WALK IN,47,M
2878,2024-01-29 00:15,2024-01-29 00:29,2024-01-29 00:29,2024-01-29 02:13,2024-01-29 02:13,1,ADMITTED,AMBULANCE,52,M
2879,2024-01-29 00:46,2024-01-29 00:50,2024-01-29 00:56,2024-01-29 04:34,2024-01-29 04:34,2,ADMITTED,WALK IN,31,M
2880,2024-01-29 01:15,2024-01-29 01:23,2024-01-29 01:27,2024-01-29 04:08,2024-01-29 04:08,2,HOME,AMBULANCE,32,F
2881,2024-01-29 02:28,2024-01-29 02:33,2024-01-29 02:33,2024-01-29 04:21,2024-01-29 04:21,3,ADMITTED,WALK IN,42,M
2882,2024-01-29 03:18,2024-01-29 03:22,2024-01-29 03:22,2024-01-29 07:56,2024-01-29 07:56,2,HOME,AMBULANCE,30,M
2883,2024-01-29 03:38,2024-01-29 03:47,2024-01-29 03:47,2024-01-29 05:40,2024-01-29 05:40,1,HOME,AMBULANCE,59,F
2884,2024-01-29 04:24,2024-01-29 04:27,2024-01-29 04:27,2024-01-29 05:19,2024-01-29 05:19,5,HOME,WALK IN,33,F
2885,2024-01-29 06:06,2024-01-29 06:16,2024-01-29 06:16,2024-01-29 13:13,2024-01-29 13:13,2,ADMITTED,AMBULANCE,55,F
2886,2024-01-29 06:14,2024-01-29 06:20,2024-01-29 06:20,2024-01-29 09:00,2024-01-29 09:00,2,ADMITTED,AMBULANCE,69,F
2887,2024-01-29 06:15,2024-01-29 06:23,2024-01-29 07:41,2024-01-29 09:04,2024-01-29 09:04,2,ADMITTED,WALK IN,48,F
2888,2024-01-29 06:35,2024-01-29 06:38,2024-01-29 08:00,2024-01-29 09:13,2024-01-29 09:13,4,HOME,WALK IN,45,M
2889,2024-01-29 07:20,2024-01-29 07:27,2024-01-29 08:00,2024-01-29 09:30,2024-01-29 09:30,4,HOME,WALK IN,34,M
2890,2024-01-29 07:24,2024-01-29 07:31,2024-01-29 07:47,2024-01-29 11:20,2024-01-29 11:20,2,ADMITTED,WALK IN,80,F
2891,2024-01-29 07:28,2024-01-29 07:36,2024-01-29 07:50,2024-01-29 10:01,2024-01-29 10:01,2,HOME,WALK IN,68,F
2892,2024-01-29 07:40,2024-01-29 07:48,2024-01-29 07:56,2024-01-29 10:47,2024-01-29 10:47,2,HOME,WALK IN,35,F
2893,2024-01-29 07:41,2024-01-29 08:02,2024-01-29 08:02,2024-01-29 10:24,2024-01-29 10:24,2,ADMITTED,WALK IN,29,F
2894,2024-01-29 07:41,2024-01-29 08:06,2024-01-29 08:40,2024-01-29 13:18,2024-01-29 13:18,2,ADMITTED,WALK IN,47,F
2895,2024-01-29 07:52,2024-01-29 08:09,,,2024-01-29 09:21,5,LEFT WITHOUT BEING SEEN,WALK IN,67,M
2896,2024-01-29 08:33,2024-01-29 08:36,2024-01-29 08:47,2024-01-29 10:48,2024-01-29 10:48,3,ADMITTED,WALK IN,45,M
2897,2024-01-29 08:38,2024-01-29 08:48,2024-01-29 09:04,2024-01-29 09:15,2024-01-29 09:15,4,HOME,WALK IN,46,M
2898,2024-01-29 08:39,2024-01-29 08:53,2024-01-29 09:04,2024-01-29 11:37,2024-01-29 11:37,3,HOME,AMBULANCE,82,F
2899,2024-01-29 08:40,2024-01-29 08:58,2024-01-29 08:58,2024-01-29 11:31,2024-01-29 11:31,1,ADMITTED,AMBULANCE,65,M
2900,2024-01-29 08:43,2024-01-29 09:03,2024-01-29 09:18,2024-01-29 10:32,2024-01-29 10:32,4,HOME,WALK IN,42,F
2901,2024-01-29 08:47,2024-01-29 09:07,2024-01-29 09:30,2024-01-29 10:31,2024-01-29 10:31,4,HOME,WALK IN,36,M
2902,2024-01-29 08:59,2024-01-29 09:09,2024-01-29 09:15,2024-01-29 11:24,2024-01-29 11:24,3,HOME,WALK IN,40,M
2903,2024-01-29 09:00,2024-01-29 09:13,2024-01-29 09:52,2024-01-29 10:35,2024-01-29 10:35,5,HOME,WALK IN,20,F
2904,2024-01-29 09:18,2024-01-29 09:27,2024-01-29 11:00,2024-01-29 12:15,2024-01-29 12:15,5,HOME,WALK IN,46,M
2905,2024-01-29 09:46,2024-01-29 09:53,2024-01-29 10:01,2024-01-29 13:15,2024-01-29 13:15,3,HOME,WALK IN,34,M
2906,2024-01-29 09:58,2024-01-29 10:04,2024-01-29 10:09,2024-01-29 10:39,2024-01-29 10:39,4,HOME,AMBULANCE,33,M
2907,2024-01-29 10:00,2024-01-29 10:05,2024-01-29 10:48,2024-01-29 11:38,2024-01-29 11:38,4,HOME,WALK IN,72,F
2908,2024-01-29 10:03,2024-01-29 10:18,2024-01-29 10:47,2024-01-29 12:03,2024-01-29 12:03,3,HOME,WALK IN,40,F
2909,2024-01-29 10:16,2024-01-29 10:27,,,2024-01-29 11:47,5,LEFT WITHOUT BEING SEEN,WALK IN,70,F
2910,2024-01-29 10:24,2024-01-29 10:36,2024-01-29 10:36,2024-01-29 13:37,2024-01-29 13:37,1,ADMITTED,AMBULANCE,41,M
2911,2024-01-29 10:40,2024-01-29 10:46,2024-01-29 10:49,2024-01-29 12:21,2024-01-29 12:21,4,HOME,WALK IN,51,F
2912,2024-01-29 10:51,2024-01-29 10:58,2024-01-29 10:58,2024-01-29 13:28,2024-01-29 13:28,1,ADMITTED,WALK IN,83,F
2913,2024-01-29 10:55,2024-01-29 11:03,2024-01-29 12:09,2024-01-29 12:52,2024-01-29 12:52,4,HOME,WALK IN,52,M
2914,2024-01-29 10:59,2024-01-29 11:05,2024-01-29 11:37,2024-01-29 14:11,2024-01-29 14:11,2,HOME,WALK IN,62,M
2915,2024-01-29 11:09,2024-01-29 11:18,2024-01-29 11:38,2024-01-29 14:44,2024-01-29 14:44,2,ADMITTED,WALK IN,42,F
2916,2024-01-29 11:20,2024-01-29 11:29,2024-01-29 11:45,2024-01-29 12:49,2024-01-29 12:49,2,ADMITTED,WALK IN,30,F
2917,2024-01-29 11:23,2024-01-29 11:30,2024-01-29 12:10,2024-01-29 12:26,2024-01-29 12:26,5,HOME,AMBULANCE,30,M
2918,2024-01-29 11:24,2024-01-29 11:36,2024-01-29 11:45,2024-01-29 14:34,2024-01-29 14:34,3,HOME,WALK IN,56,M
2919,2024-01-29 11:38,2024-01-29 11:47,2024-01-29 11:50,2024-01-29 13:24,2024-01-29 13:24,2,ADMITTED,AMBULANCE,66,M
2920,2024-01-29 11:46,2024-01-29 11:53,2024-01-29 12:03,2024-01-29 13:49,2024-01-29 13:49,2,HOME,WALK IN,38,M
2921,2024-01-29 12:05,2024-01-29 12:13,2024-01-29 12:15,2024-01-29 15:22,2024-01-29 15:22,3,HOME,WALK IN,26,M
2922,2024-01-29 12:14,2024-01-29 12:19,2024-01-29 12:19,2024-01-29 14:38,2024-01-29 14:38,2,HOME,AMBULANCE,26,F
2923,2024-01-29 12:17,2024-01-29 12:25,2024-01-29 12:25,2024-01-29 14:27,2024-01-29 14:27,3,HOME,WALK IN,35,M
2924,2024-01-29 12:27,2024-01-29 12:32,2024-01-29 12:32,2024-01-29 14:11,2024-01-29 14:11,2,HOME,WALK IN,28,M
2925,2024-01-29 12:33,2024-01-29 12:40,2024-01-29 12:52,2024-01-29 13:33,2024-01-29 13:33,4,HOME,WALK IN,23,F
2926,2024-01-29 12:38,2024-01-29 12:47,2024-01-29 12:49,2024-01-29 15:31,2024-01-29 15:31,3,HOME,WALK IN,30,F
2927,2024-01-29 12:43,2024-01-29 12:47,2024-01-29 13:15,2024-01-29 13:38,2024-01-29 13:38,4,HOME,WALK IN,36,M
2928,2024-01-29 12:57,2024-01-29 13:06,2024-01-29 13:18,2024-01-29 13:48,2024-01-29 13:48,4,HOME,WALK IN,34,F
2929,2024-01-29 13:45,2024-01-29 13:51,2024-01-29 13:51,2024-01-29 15:43,2024-01-29 15:43,4,HOME,WALK IN,67,F
2930,2024-01-29 13:57,2024-01-29 14:00,2024-01-29 14:00,2024-01-29 15:10,2024-01-29 15:10,3,HOME,WALK IN,34,M
2931,2024-01-29 13:59,2024-01-29 14:03,2024-01-29 14:03,2024-01-29 14:51,2024-01-29 14:51,4,HOME,WALK IN,62,F
2932,2024-01-29 14:15,2024-01-29 14:19,2024-01-29 14:19,2024-01-29 16:09,2024-01-29 16:09,4,HOME,WALK IN,56,F
2933,2024-01-29 14:40,2024-01-29 14:45,2024-01-29 14:45,2024-01-29 16:46,2024-01-29 16:46,3,ADMITTED,WALK IN,55,F
2934,2024-01-29 14:42,2024-01-29 14:46,2024-01-29 14:46,2024-01-29 16:15,2024-01-29 16:15,3,ADMITTED,WALK IN,62,F
2935,2024-01-29 15:01,2024-01-29 15:07,2024-01-29 15:07,2024-01-29 18:03,2024-01-29 18:03,3,HOME,AMBULANCE,31,M
2936,2024-01-29 15:14,2024-01-29 15:20,2024-01-29 15:20,2024-01-29 17:56,2024-01-29 17:56,3,ADMITTED,WALK IN,23,M
2937,2024-01-29 15:22,2024-01-29 15:25,2024-01-29 15:25,2024-01-29 16:36,2024-01-29 16:36,3,ADMITTED,WALK IN,41,M
2938,2024-01-29 15:33,2024-01-29 15:39,2024-01-29 15:39,2024-01-29 17:06,2024-01-29 17:06,4,HOME,WALK IN,39,M
2939,2024-01-29 15:47,2024-01-29 15:50,2024-01-29 15:50,2024-01-29 20:01,2024-01-29 20:01,3,HOME,WALK IN,48,M
2940,2024-01-29 15:55,2024-01-29 15:59,2024-01-29 15:59,2024-01-29 20:07,2024-01-29 20:07,3,HOME,WALK IN,52,M
2941,2024-01-29 16:07,2024-01-29 16:13,2024-01-29 16:13,2024-01-29 17:09,2024-01-29 17:09,4,HOME,WALK IN,59,M
2942,2024-01-29 16:20,2024-01-29 16:23,2024-01-29 16:23,2024-01-29 17:52,2024-01-29 17:52,3,HOME,WALK IN,40,F
2943,2024-01-29 16:35,2024-01-29 16:37,2024-01-29 16:40,2024-01-29 18:09,2024-01-29 18:09,3,HOME,WALK IN,59,M
2944,2024-01-29 16:36,2024-01-29 16:43,2024-01-29 16:46,2024-01-29 17:52,2024-01-29 17:52,4,ADMITTED,WALK IN,40,F
2945,2024-01-29 17:14,2024-01-29 17:16,2024-01-29 17:16,2024-01-29 21:06,2024-01-29 21:06,3,HOME,WALK IN,81,F
2946,2024-01-29 17:15,2024-01-29 17:29,2024-01-29 17:29,2024-01-29 20:14,2024-01-29 20:14,3,HOME,AMBULANCE,60,M
2947,2024-01-29 17:57,2024-01-29 17:59,2024-01-29 17:59,2024-01-29 21:10,2024-01-29 21:10,2,HOME,AMBULANCE,65,M
2948,2024-01-29 18:13,2024-01-29 18:16,2024-01-29 18:16,2024-01-29 21:13,2024-01-29 21:13,3,HOME,AMBULANCE,51,M
2949,2024-01-29 18:19,2024-01-29 18:25,2024-01-29 18:25,2024-01-29 21:18,2024-01-29 21:18,2,ADMITTED,AMBULANCE,66,F
2950,2024-01-29 18:22,2024-01-29 18:28,2024-01-29 18:28,2024-01-29 19:23,2024-01-29 19:23,1,HOME,AMBULANCE,75,M
2951,2024-01-29 18:25,2024-01-29 18:29,2024-01-29 18:29,2024-01-29 21:13,2024-01-29 21:13,3,HOME,WALK IN,26,F
2952,2024-01-29 18:27,2024-01-29 18:36,2024-01-29 18:36,2024-01-29 21:55,2024-01-29 21:55,3,HOME,WALK IN,50,F
2953,2024-01-29 18:51,2024-01-29 18:54,2024-01-29 19:04,2024-01-29 22:10,2024-01-29 22:10,3,HOME,WALK IN,32,F
2954,2024-01-29 18:55,2024-01-29 19:02,2024-01-29 19:03,2024-01-29 20:16,2024-01-29 20:16,2,ADMITTED,WALK IN,53,F
2955,2024-01-29 19:02,2024-01-29 19:06,2024-01-29 19:10,2024-01-29 22:02,2024-01-29 22:02,3,ADMITTED,WALK IN,41,F
2956,2024-01-29 19:13,2024-01-29 19:21,2024-01-29 19:23,2024-01-29 22:30,2024-01-29 22:30,3,HOME,WALK IN,42,F
2957,2024-01-29 19:22,2024-01-29 19:26,2024-01-29 19:26,2024-01-29 23:36,2024-01-29 23:36,1,ADMITTED,WALK IN,72,M
2958,2024-01-29 19:44,2024-01-29 19:46,2024-01-29 20:00,2024-01-30 00:55,2024-01-30 00:55,2,HOME,WALK IN,50,M
2959,2024-01-29 19:46,2024-01-29 19:59,2024-01-29 20:16,2024-01-29 23:41,2024-01-29 23:41,3,ADMITTED,WALK IN,83,M
2960,2024-01-29 19:47,2024-01-29 19:51,2024-01-29 20:01,2024-01-29 22:23,2024-01-29 22:23,2,ADMITTED,AMBULANCE,48,M
2961,2024-01-29 19:55,2024-01-29 20:06,2024-01-29 20:25,2024-01-29 22:04,2024-01-29 22:04,3,HOME,WALK IN,55,M
2962,2024-01-29 20:02,2024-01-29 20:06,,,2024-01-29 23:22,5,LEFT WITHOUT BEING SEEN,WALK IN,50,M
2963,2024-01-29 20:06,2024-01-29 20:11,2024-01-29 20:39,2024-01-29 22:26,2024-01-29 22:26,3,ADMITTED,WALK IN,65,M
2964,2024-01-29 20:12,2024-01-29 20:18,2024-01-29 20:43,2024-01-29 21:55,2024-01-29 21:55,4,HOME,WALK IN,28,F
2965,2024-01-29 20:17,2024-01-29 20:28,,,2024-01-29 23:00,3,LEFT WITHOUT BEING SEEN,WALK IN,43,F
2966,2024-01-29 20:20,2024-01-29 20:23,,,2024-01-29 21:18,5,LEFT WITHOUT BEING SEEN,WALK IN,66,M
2967,2024-01-29 20:23,2024-01-29 20:28,2024-01-29 22:30,2024-01-30 03:10,2024-01-30 03:10,4,HOME,WALK IN,62,M
2968,2024-01-29 20:38,2024-01-29 20:42,,,2024-01-30 00:09,3,LEFT WITHOUT BEING SEEN,AMBULANCE,33,M
2969,2024-01-29 20:43,2024-01-29 20:48,2024-01-29 21:08,2024-01-30 01:04,2024-01-30 01:04,2,ADMITTED,WALK IN,54,F
2970,2024-01-29 20:47,2024-01-29 20:59,2024-01-29 21:18,2024-01-30 01:02,2024-01-30 01:02,2,ADMITTED,AMBULANCE,67,F
2971,2024-01-29 20:52,2024-01-29 20:59,2024-01-29 22:04,2024-01-30 00:51,2024-01-30 00:51,2,HOME,AMBULANCE,60,M
2972,2024-01-29 20:59,2024-01-29 21:01,2024-01-30 03:10,2024-01-30 04:46,2024-01-30 04:46,4,ADMITTED,WALK IN,54,M
2973,2024-01-29 21:00,2024-01-29 21:06,2024-01-29 21:10,2024-01-29 23:32,2024-01-29 23:32,1,ADMITTED,WALK IN,88,M
2974,2024-01-29 21:02,2024-01-29 21:05,2024-01-30 02:45,2024-01-30 05:58,2024-01-30 05:58,3,HOME,WALK IN,42,F
2975,2024-01-29 21:08,2024-01-29 21:13,2024-01-29 22:10,2024-01-30 07:33,2024-01-30 07:33,2,HOME,WALK IN,19,M
2976,2024-01-29 22:02,2024-01-29 22:06,2024-01-30 01:07,2024-01-30 05:53,2024-01-30 05:53,3,HOME,WALK IN,51,F
2977,2024-01-29 22:06,2024-01-29 22:10,,,2024-01-29 23:14,2,LEFT WITHOUT BEING SEEN,WALK IN,31,F
2978,2024-01-29 22:11,2024-01-29 22:15,,,2024-01-29 23:40,5,LEFT WITHOUT BEING SEEN,WALK IN,28,F
2979,2024-01-29 22:59,2024-01-29 23:03,2024-01-30 01:27,2024-01-30 02:45,2024-01-30 02:45,4,ADMITTED,WALK IN,26,M
2980,2024-01-29 23:01,2024-01-29 23:09,,,2024-01-30 01:43,4,LEFT WITHOUT BEING SEEN,AMBULANCE,36,M
2981,2024-01-29 23:04,2024-01-29 23:14,2024-01-29 23:14,2024-01-30 01:07,2024-01-30 01:07,1,HOME,WALK IN,47,M
2982,2024-01-29 23:40,2024-01-29 23:44,2024-01-29 23:52,2024-01-30 03:47,2024-01-30 03:47,2,HOME,WALK IN,49,M
2983,2024-01-30 00:03,2024-01-30 00:06,2024-01-30 00:11,2024-01-30 04:43,2024-01-30 04:43,2,ADMITTED,WALK IN,46,M
2984,2024-01-30 01:35,2024-01-30 01:42,2024-01-30 02:27,2024-01-30 04:54,2024-01-30 04:54,2,ADMITTED,AMBULANCE,62,M
2985,2024-01-30 04:11,2024-01-30 04:20,2024-01-30 04:20,2024-01-30 07:35,2024-01-30 07:35,3,ADMITTED,WALK IN,51,F
2986,2024-01-30 04:59,2024-01-30 05:05,2024-01-30 05:05,2024-01-30 07:37,2024-01-30 07:37,1,HOME,WALK IN,63,M
2987,2024-01-30 05:09,2024-01-30 05:12,2024-01-30 05:12,2024-01-30 07:42,2024-01-30 07:42,3,HOME,WALK IN,57,F
2988,2024-01-30 05:19,2024-01-30 05:27,2024-01-30 05:27,2024-01-30 08:57,2024-01-30 08:57,3,HOME,WALK IN,32,M
2989,2024-01-30 05:32,2024-01-30 05:38,2024-01-30 05:51,2024-01-30 08:07,2024-01-30 08:07,2,ADMITTED,WALK IN,43,F
2990,2024-01-30 05:58,2024-01-30 06:02,2024-01-30 06:02,2024-01-30 09:07,2024-01-30 09:07,2,HOME,AMBULANCE,27,M
2991,2024-01-30 06:07,2024-01-30 06:11,2024-01-30 06:11,2024-01-30 08:08,2024-01-30 08:08,3,HOME,AMBULANCE,62,F
2992,2024-01-30 06:20,2024-01-30 06:24,2024-01-30 07:37,2024-01-30 09:48,2024-01-30 09:48,3,ADMITTED,WALK IN,23,M
2993,2024-01-30 07:32,2024-01-30 07:39,2024-01-30 07:42,2024-01-30 09:41,2024-01-30 09:41,3,HOME,WALK IN,34,M
2994,2024-01-30 07:47,2024-01-30 07:49,2024-01-30 07:54,2024-01-30 08:12,2024-01-30 08:12,5,HOME,WALK IN,40,M
2995,2024-01-30 07:52,2024-01-30 08:00,2024-01-30 08:00,2024-01-30 12:00,2024-01-30 12:00,4,HOME,WALK IN,65,M
2996,2024-01-30 08:06,2024-01-30 08:09,2024-01-30 08:09,2024-01-30 09:35,2024-01-30 09:35,3,HOME,WALK IN,72,M
2997,2024-01-30 08:42,2024-01-30 08:47,2024-01-30 08:47,2024-01-30 09:21,2024-01-30 09:21,4,HOME,WALK IN,27,F
2998,2024-01-30 08:53,2024-01-30 09:01,2024-01-30 09:01,2024-01-30 13:42,2024-01-30 13:42,2,HOME,AMBULANCE,66,M
2999,2024-01-30 09:00,2024-01-30 09:07,2024-01-30 09:07,2024-01-30 12:57,2024-01-30 12:57,3,ADMITTED,WALK IN,49,M
3000,2024-01-30 09:19,2024-01-30 09:25,2024-01-30 09:25,2024-01-30 11:58,2024-01-30 11:58,3,HOME,WALK IN,31,F
3001,2024-01-30 09:19,2024-01-30 09:34,2024-01-30 09:41,2024-01-30 11:17,2024-01-30 11:17,4,HOME,WALK IN,78,F
3002,2024-01-30 09:39,2024-01-30 09:43,2024-01-30 09:48,2024-01-30 11:54,2024-01-30 11:54,3,HOME,WALK IN,67,F
3003,2024-01-30 09:39,2024-01-30 09:49,2024-01-30 09:49,2024-01-30 12:58,2024-01-30 12:58,1,HOME,AMBULANCE,29,F
3004,2024-01-30 09:42,2024-01-30 09:52,2024-01-30 10:16,2024-01-30 11:22,2024-01-30 11:22,4,HOME,WALK IN,43,F
3005,2024-01-30 09:47,2024-01-30 09:58,2024-01-30 13:01,2024-01-30 14:05,2024-01-30 14:05,4,HOME,WALK IN,26,M
3006,2024-01-30 09:59,2024-01-30 10:04,,,2024-01-30 10:44,4,LEFT WITHOUT BEING SEEN,AMBULANCE,30,M
3007,2024-01-30 10:07,2024-01-30 10:15,,,2024-01-30 13:44,5,LEFT WITHOUT BEING SEEN,WALK IN,71,F
3008,2024-01-30 10:21,2024-01-30 10:26,2024-01-30 11:59,2024-01-30 17:57,2024-01-30 17:57,3,ADMITTED,AMBULANCE,69,M
3009,2024-01-30 10:27,2024-01-30 10:41,2024-01-30 10:52,2024-01-30 19:07,2024-01-30 19:07,2,ADMITTED,AMBULANCE,71,F
3010,2024-01-30 10:29,2024-01-30 10:35,2024-01-30 10:51,2024-01-30 15:05,2024-01-30 15:05,2,HOME,WALK IN,23,M
3011,2024-01-30 10:40,2024-01-30 10:47,,,2024-01-30 13:26,4,LEFT WITHOUT BEING SEEN,WALK IN,26,F
3012,2024-01-30 10:41,2024-01-30 10:44,,,2024-01-30 14:37,5,LEFT WITHOUT BEING SEEN,WALK IN,51,F
3013,2024-01-30 10:43,2024-01-30 10:51,2024-01-30 12:00,2024-01-30 13:29,2024-01-30 13:29,3,ADMITTED,WALK IN,61,M
3014,2024-01-30 10:52,2024-01-30 11:02,2024-01-30 12:00,2024-01-30 14:09,2024-01-30 14:09,3,HOME,WALK IN,40,F
3015,2024-01-30 10:52,2024-01-30 10:55,2024-01-30 11:22,2024-01-30 16:01,2024-01-30 16:01,2,HOME,AMBULANCE,62,M
3016,2024-01-30 11:07,2024-01-30 11:13,2024-01-30 12:16,2024-01-30 18:07,2024-01-30 18:07,3,HOME,AMBULANCE,27,M
3017,2024-01-30 11:09,2024-01-30 11:16,2024-01-30 11:49,2024-01-30 13:01,2024-01-30 13:01,2,HOME,WALK IN,53,F
3018,2024-01-30 11:11,2024-01-30 11:15,2024-01-30 13:42,2024-01-30 17:00,2024-01-30 17:00,4,ADMITTED,WALK IN,41,F
3019,2024-01-30 11:23,2024-01-30 11:30,2024-01-30 12:22,2024-01-30 15:08,2024-01-30 15:08,3,HOME,WALK IN,49,F
3020,2024-01-30 11:25,2024-01-30 11:28,,,2024-01-30 13:21,4,LEFT WITHOUT BEING SEEN,WALK IN,50,F
3021,2024-01-30 11:29,2024-01-30 11:32,,,2024-01-30 13:05,5,LEFT WITHOUT BEING SEEN,WALK IN,26,M
3022,2024-01-30 11:47,2024-01-30 11:54,2024-01-30 12:31,2024-01-30 15:56,2024-01-30 15:56,3,HOME,WALK IN,49,M
3023,2024-01-30 12:01,2024-01-30 12:06,2024-01-30 12:58,2024-01-30 15:10,2024-01-30 15:10,2,HOME,AMBULANCE,65,M
3024,2024-01-30 12:35,2024-01-30 12:41,2024-01-30 13:46,2024-01-30 15:01,2024-01-30 15:01,4,HOME,WALK IN,32,F
3025,2024-01-30 13:11,2024-01-30 13:21,2024-01-30 13:27,2024-01-30 16:34,2024-01-30 16:34,3,ADMITTED,WALK IN,63,F
3026,2024-01-30 13:17,2024-01-30 13:23,2024-01-30 13:29,2024-01-30 16:30,2024-01-30 16:30,3,HOME,WALK IN,48,M
3027,2024-01-30 13:35,2024-01-30 13:42,,,2024-01-30 17:29,5,LEFT WITHOUT BEING SEEN,WALK IN,29,M
3028,2024-01-30 13:42,2024-01-30 13:48,,,2024-01-30 16:08,4,LEFT WITHOUT BEING SEEN,WALK IN,40,F
3029,2024-01-30 13:45,2024-01-30 13:49,2024-01-30 14:08,2024-01-30 16:36,2024-01-30 16:36,2,HOME,WALK IN,35,M
3030,2024-01-30 13:53,2024-01-30 13:58,2024-01-30 14:09,2024-01-30 17:03,2024-01-30 17:03,2,ADMITTED,WALK IN,60,F
3031,2024-01-30 13:59,2024-01-30 14:03,2024-01-30 14:17,2024-01-30 17:19,2024-01-30 17:19,2,HOME,WALK IN,59,M
3032,2024-01-30 14:00,2024-01-30 14:09,2024-01-30 15:08,2024-01-30 19:40,2024-01-30 19:40,2,ADMITTED,WALK IN,60,F
3033,2024-01-30 14:00,2024-01-30 14:11,,,2024-01-30 17:14,3,LEFT WITHOUT BEING SEEN,WALK IN,33,F
3034,2024-01-30 14:08,2024-01-30 14:17,2024-01-30 15:10,2024-01-30 17:58,2024-01-30 17:58,2,ADMITTED,AMBULANCE,72,M
3035,2024-01-30 14:14,2024-01-30 14:22,,,2024-01-30 20:28,4,LEFT WITHOUT BEING SEEN,WALK IN,62,F
3036,2024-01-30 14:16,2024-01-30 14:21,,,2024-01-30 15:45,5,LEFT WITHOUT BEING SEEN,AMBULANCE,61,F
3037,2024-01-30 14:26,2024-01-30 14:31,,,2024-01-30 17:01,4,LEFT WITHOUT BEING SEEN,WALK IN,76,M
3038,2024-01-30 14:27,2024-01-30 14:32,,,2024-01-30 16:03,3,LEFT WITHOUT BEING SEEN,AMBULANCE,35,F
3039,2024-01-30 14:30,2024-01-30 14:39,2024-01-30 16:41,2024-01-31 01:06,2024-01-31 01:06,3,HOME,WALK IN,75,F
3040,2024-01-30 14:45,2024-01-30 14:51,,,2024-01-30 15:59,3,LEFT WITHOUT BEING SEEN,WALK IN,74,F
3041,2024-01-30 14:54,2024-01-30 15:06,2024-01-30 15:34,2024-01-30 19:10,2024-01-30 19:10,2,HOME,WALK IN,45,M
3042,2024-01-30 15:02,2024-01-30 15:05,2024-01-30 15:13,2024-01-30 18:02,2024-01-30 18:02,2,HOME,AMBULANCE,63,F
3043,2024-01-30 15:05,2024-01-30 15:09,2024-01-30 16:43,2024-01-31 01:01,2024-01-31 01:01,2,ADMITTED,WALK IN,75,M
3044,2024-01-30 15:14,2024-01-30 15:16,2024-01-30 19:01,2024-01-30 20:38,2024-01-30 20:38,4,ADMITTED,WALK IN,79,F
3045,2024-01-30 15:30,2024-01-30 15:43,,,2024-01-30 17:13,3,LEFT WITHOUT BEING SEEN,WALK IN,86,M
3046,2024-01-30 15:35,2024-01-30 15:41,2024-01-30 17:19,2024-01-30 20:04,2024-01-30 20:04,2,HOME,WALK IN,62,F
3047,2024-01-30 15:55,2024-01-30 15:58,2024-01-30 18:07,2024-01-30 20:02,2024-01-30 20:02,3,HOME,AMBULANCE,36,M
3048,2024-01-30 15:56,2024-01-30 16:00,2024-01-30 16:01,2024-01-30 19:06,2024-01-30 19:06,1,ADMITTED,WALK IN,35,F
3049,2024-01-30 16:05,2024-01-30 16:09,,,2024-01-30 20:24,4,LEFT WITHOUT BEING SEEN,WALK IN,48,F
3050,2024-01-30 16:06,2024-01-30 16:11,,,2024-01-30 18:38,5,LEFT WITHOUT BEING SEEN,WALK IN,38,M
3051,2024-01-30 16:30,2024-01-30 16:37,,,2024-01-30 19:04,4,LEFT WITHOUT BEING SEEN,WALK IN,65,F
3052,2024-01-30 16:32,2024-01-30 16:37,,,2024-01-30 18:55,4,LEFT WITHOUT BEING SEEN,AMBULANCE,38,F
3053,2024-01-30 16:34,2024-01-30 16:48,2024-01-30 18:04,2024-01-31 00:43,2024-01-31 00:43,2,ADMITTED,AMBULANCE,65,M
3054,2024-01-30 16:43,2024-01-30 16:48,2024-01-30 18:11,2024-01-30 22:07,2024-01-30 22:07,3,HOME,WALK IN,43,F
3055,2024-01-30 16:56,2024-01-30 16:59,,,2024-01-30 20:23,5,LEFT WITHOUT BEING SEEN,WALK IN,33,M
3056,2024-01-30 17:24,2024-01-30 17:29,2024-01-30 18:14,2024-01-30 22:51,2024-01-30 22:51,3,HOME,AMBULANCE,47,M
3057,2024-01-30 17:31,2024-01-30 17:34,2024-01-30 18:33,2024-01-30 20:39,2024-01-30 20:39,3,HOME,AMBULANCE,27,F
3058,2024-01-30 17:35,2024-01-30 17:41,2024-01-30 19:15,2024-01-30 22:02,2024-01-30 22:02,3,HOME,WALK IN,50,F
3059,2024-01-30 17:40,2024-01-30 17:48,,,2024-01-30 19:12,4,LEFT WITHOUT BEING SEEN,AMBULANCE,74,M
3060,2024-01-30 17:41,2024-01-30 17:44,2024-01-30 18:47,2024-01-30 20:47,2024-01-30 20:47,3,ADMITTED,WALK IN,47,F
3061,2024-01-30 17:58,2024-01-30 18:00,2024-01-30 19:15,2024-01-30 22:11,2024-01-30 22:11,3,ADMITTED,AMBULANCE,59,F
3062,2024-01-30 18:02,2024-01-30 18:09,2024-01-30 21:37,2024-01-30 22:40,2024-01-30 22:40,4,HOME,WALK IN,84,M
3063,2024-01-30 18:10,2024-01-30 18:15,,,2024-01-30 19:42,5,LEFT WITHOUT BEING SEEN,WALK IN,45,F
3064,2024-01-30 18:15,2024-01-30 18:18,,,2024-01-30 19:53,5,LEFT WITHOUT BEING SEEN,WALK IN,59,F
3065,2024-01-30 18:18,2024-01-30 18:23,2024-01-30 19:09,2024-01-30 21:46,2024-01-30 21:46,2,ADMITTED,WALK IN,75,M
3066,2024-01-30 18:21,2024-01-30 18:27,,,2024-01-30 22:39,5,LEFT WITHOUT BEING SEEN,WALK IN,36,F
3067,2024-01-30 18:37,2024-01-30 18:38,2024-01-30 19:10,2024-01-30 20:55,2024-01-30 20:55,2,ADMITTED,WALK IN,58,F
3068,2024-01-30 18:46,2024-01-30 18:50,2024-01-30 20:04,2024-01-30 23:19,2024-01-30 23:19,3,HOME,WALK IN,29,F
3069,2024-01-30 18:58,2024-01-30 19:02,,,2024-01-30 23:19,5,LEFT WITHOUT BEING SEEN,WALK IN,40,M
3070,2024-01-30 19:03,2024-01-30 19:07,,,2024-01-31 00:17,4,LEFT WITHOUT BEING SEEN,AMBULANCE,44,M
3071,2024-01-30 19:19,2024-01-30 19:29,2024-01-30 21:14,2024-01-30 22:05,2024-01-30 22:05,3,HOME,WALK IN,36,M
3072,2024-01-30 19:26,2024-01-30 19:33,,,2024-01-31 00:57,4,LEFT WITHOUT BEING SEEN,WALK IN,79,F
3073,2024-01-30 19:28,2024-01-30 19:39,2024-01-30 21:23,2024-01-30 23:32,2024-01-30 23:32,3,HOME,WALK IN,51,F
3074,2024-01-30 19:28,2024-01-30 19:36,2024-01-30 19:40,2024-01-30 23:18,2024-01-30 23:18,2,ADMITTED,AMBULANCE,55,F
3075,2024-01-30 19:32,2024-01-30 19:44,2024-01-30 20:02,2024-01-30 23:41,2024-01-30 23:41,2,HOME,WALK IN,42,F
3076,2024-01-30 19:38,2024-01-30 19:44,,,2024-01-30 20:52,3,LEFT WITHOUT BEING SEEN,AMBULANCE,65,M
3077,2024-01-30 19:51,2024-01-30 19:57,2024-01-30 21:23,2024-01-30 23:21,2024-01-30 23:21,3,ADMITTED,WALK IN,63,M
3078,2024-01-30 19:57,2024-01-30 20:04,,,2024-01-30 22:23,4,LEFT WITHOUT BEING SEEN,WALK IN,50,F
3079,2024-01-30 20:05,2024-01-30 20:07,2024-01-30 20:39,2024-01-31 00:55,2024-01-31 00:55,2,HOME,AMBULANCE,41,F
3080,2024-01-30 20:05,2024-01-30 20:10,2024-01-30 21:25,2024-01-31 04:26,2024-01-31 04:26,3,ADMITTED,WALK IN,27,F
3081,2024-01-30 20:32,2024-01-30 20:38,,,2024-01-30 21:40,4,LEFT WITHOUT BEING SEEN,WALK IN,59,F
3082,2024-01-30 20:44,2024-01-30 20:47,2024-01-30 20:55,2024-01-30 23:16,2024-01-30 23:16,2,HOME,WALK IN,42,F
3083,2024-01-30 20:53,2024-01-30 20:57,2024-01-30 22:11,2024-01-30 23:52,2024-01-30 23:52,3,HOME,AMBULANCE,43,F
3084,2024-01-30 20:55,2024-01-30 21:00,2024-01-30 21:46,2024-01-30 23:29,2024-01-30 23:29,1,HOME,WALK IN,61,F
3085,2024-01-30 21:12,2024-01-30 21:17,,,2024-01-30 23:33,3,LEFT WITHOUT BEING SEEN,AMBULANCE,54,F
3086,2024-01-30 21:37,2024-01-30 21:43,2024-01-30 23:53,2024-01-31 01:42,2024-01-31 01:42,3,ADMITTED,WALK IN,35,M
3087,2024-01-30 21:44,2024-01-30 21:57,2024-01-30 22:02,2024-01-31 05:13,2024-01-31 05:13,2,ADMITTED,AMBULANCE,30,M
3088,2024-01-30 22:06,2024-01-30 22:10,2024-01-30 22:51,2024-01-31 00:46,2024-01-31 00:46,3,ADMITTED,WALK IN,28,F
3089,2024-01-30 22:12,2024-01-30 22:16,2024-01-30 23:21,2024-01-31 02:37,2024-01-31 02:37,2,ADMITTED,WALK IN,26,F
3090,2024-01-30 22:15,2024-01-30 22:18,2024-01-31 00:05,2024-01-31 02:54,2024-01-31 02:54,3,HOME,WALK IN,72,M
3091,2024-01-30 22:21,2024-01-30 22:30,,,2024-01-31 01:17,4,LEFT WITHOUT BEING SEEN,WALK IN,26,F
3092,2024-01-30 22:23,2024-01-30 22:37,,,2024-01-30 23:57,3,LEFT WITHOUT BEING SEEN,WALK IN,67,F
3093,2024-01-30 22:29,2024-01-30 22:40,2024-01-31 01:20,2024-01-31 04:19,2024-01-31 04:19,3,HOME,WALK IN,55,F
3094,2024-01-30 22:50,2024-01-30 22:57,2024-01-31 01:25,2024-01-31 02:11,2024-01-31 02:11,3,HOME,WALK IN,48,F
3095,2024-01-30 23:09,2024-01-30 23:17,2024-01-31 01:42,2024-01-31 04:20,2024-01-31 04:20,3,HOME,WALK IN,63,M
3096,2024-01-30 23:12,2024-01-30 23:20,2024-01-30 23:52,2024-01-31 03:57,2024-01-31 03:57,2,HOME,WALK IN,80,M
3097,2024-01-31 00:24,2024-01-31 00:32,2024-01-31 01:06,2024-01-31 02:05,2024-01-31 02:05,2,ADMITTED,WALK IN,84,M
3098,2024-01-31 00:58,2024-01-31 01:00,2024-01-31 01:48,2024-01-31 03:06,2024-01-31 03:06,4,HOME,AMBULANCE,38,M
3099,2024-01-31 03:14,2024-01-31 03:21,2024-01-31 03:21,2024-01-31 05:17,2024-01-31 05:17,3,HOME,AMBULANCE,41,F
3100,2024-01-31 03:18,2024-01-31 03:26,2024-01-31 03:26,2024-01-31 06:28,2024-01-31 06:28,3,HOME,WALK IN,28,F
3101,2024-01-31 04:25,2024-01-31 04:29,2024-01-31 04:29,2024-01-31 05:56,2024-01-31 05:56,3,HOME,WALK IN,35,M
3102,2024-01-31 04:58,2024-01-31 05:00,2024-01-31 05:00,2024-01-31 08:22,2024-01-31 08:22,1,HOME,WALK IN,27,M
3103,2024-01-31 05:54,2024-01-31 06:00,2024-01-31 06:00,2024-01-31 08:28,2024-01-31 08:28,3,HOME,WALK IN,40,F
3104,2024-01-31 06:25,2024-01-31 06:29,2024-01-31 06:29,2024-01-31 08:40,2024-01-31 08:40,3,ADMITTED,WALK IN,48,F
3105,2024-01-31 06:59,2024-01-31 07:11,2024-01-31 07:17,2024-01-31 08:54,2024-01-31 08:54,3,HOME,AMBULANCE,76,F
3106,2024-01-31 07:35,2024-01-31 07:43,2024-01-31 07:43,2024-01-31 12:49,2024-01-31 12:49,2,ADMITTED,WALK IN,52,F
3107,2024-01-31 07:51,2024-01-31 08:00,2024-01-31 08:00,2024-01-31 08:56,2024-01-31 08:56,4,HOME,WALK IN,34,M
3108,2024-01-31 08:07,2024-01-31 08:10,2024-01-31 08:10,2024-01-31 09:34,2024-01-31 09:34,3,HOME,WALK IN,50,F
3109,2024-01-31 08:19,2024-01-31 08:27,2024-01-31 08:27,2024-01-31 09:27,2024-01-31 09:27,3,HOME,WALK IN,21,M
3110,2024-01-31 08:22,2024-01-31 08:31,2024-01-31 08:31,2024-01-31 11:36,2024-01-31 11:36,3,ADMITTED,WALK IN,46,M
3111,2024-01-31 08:49,2024-01-31 08:54,2024-01-31 08:54,2024-01-31 09:47,2024-01-31 09:47,5,HOME,WALK IN,46,M
3112,2024-01-31 08:54,2024-01-31 08:58,2024-01-31 08:58,2024-01-31 09:25,2024-01-31 09:25,4,HOME,AMBULANCE,30,M
3113,2024-01-31 09:10,2024-01-31 09:16,2024-01-31 09:16,2024-01-31 09:43,2024-01-31 09:43,4,HOME,WALK IN,34,M
3114,2024-01-31 09:17,2024-01-31 09:26,2024-01-31 09:26,2024-01-31 13:20,2024-01-31 13:20,3,HOME,WALK IN,76,M
3115,2024-01-31 09:26,2024-01-31 09:31,2024-01-31 09:34,2024-01-31 10:18,2024-01-31 10:18,4,HOME,WALK IN,35,M
3116,2024-01-31 09:30,2024-01-31 09:35,2024-01-31 09:35,2024-01-31 11:10,2024-01-31 11:10,3,HOME,WALK IN,58,F
3117,2024-01-31 09:45,2024-01-31 09:50,2024-01-31 09:50,2024-01-31 12:52,2024-01-31 12:52,4,ADMITTED,AMBULANCE,23,F
3118,2024-01-31 09:54,2024-01-31 10:00,2024-01-31 10:00,2024-01-31 10:47,2024-01-31 10:47,4,HOME,WALK IN,75,M
3119,2024-01-31 09:55,2024-01-31 10:09,2024-01-31 10:18,2024-01-31 13:33,2024-01-31 13:33,3,ADMITTED,AMBULANCE,53,M
3120,2024-01-31 10:00,2024-01-31 10:05,2024-01-31 10:05,2024-01-31 15:15,2024-01-31 15:15,1,ADMITTED,WALK IN,74,M
3121,2024-01-31 10:17,2024-01-31 10:33,2024-01-31 10:33,2024-01-31 12:51,2024-01-31 12:51,2,HOME,AMBULANCE,53,M
3122,2024-01-31 10:23,2024-01-31 10:26,2024-01-31 10:26,2024-01-31 15:18,2024-01-31 15:18,3,HOME,WALK IN,43,M
3123,2024-01-31 10:41,2024-01-31 10:50,2024-01-31 10:50,2024-01-31 12:14,2024-01-31 12:14,3,HOME,WALK IN,43,F
3124,2024-01-31 10:45,2024-01-31 10:54,2024-01-31 11:10,2024-01-31 13:57,2024-01-31 13:57,3,ADMITTED,WALK IN,54,M
3125,2024-01-31 10:54,2024-01-31 11:01,2024-01-31 11:36,2024-01-31 12:57,2024-01-31 12:57,4,HOME,WALK IN,34,M
3126,2024-01-31 10:54,2024-01-31 10:56,2024-01-31 11:20,2024-01-31 12:54,2024-01-31 12:54,4,HOME,WALK IN,55,M
3127,2024-01-31 11:11,2024-01-31 11:18,2024-01-31 11:46,2024-01-31 12:03,2024-01-31 12:03,4,HOME,WALK IN,26,F
3128,2024-01-31 11:50,2024-01-31 11:53,2024-01-31 11:53,2024-01-31 12:50,2024-01-31 12:50,4,HOME,WALK IN,50,F
3129,2024-01-31 11:52,2024-01-31 11:56,2024-01-31 12:00,2024-01-31 12:48,2024-01-31 12:48,3,HOME,WALK IN,59,F
3130,2024-01-31 12:02,2024-01-31 12:13,2024-01-31 12:13,2024-01-31 15:20,2024-01-31 15:20,3,HOME,WALK IN,41,M
3131,2024-01-31 12:08,2024-01-31 12:14,2024-01-31 12:14,2024-01-31 16:00,2024-01-31 16:00,2,ADMITTED,AMBULANCE,58,F
3132,2024-01-31 12:10,2024-01-31 12:16,2024-01-31 12:16,2024-01-31 13:14,2024-01-31 13:14,3,HOME,WALK IN,39,F
3133,2024-01-31 12:59,2024-01-31 13:04,2024-01-31 13:04,2024-01-31 16:22,2024-01-31 16:22,3,HOME,WALK IN,42,M
3134,2024-01-31 13:04,2024-01-31 13:08,2024-01-31 13:08,2024-01-31 15:42,2024-01-31 15:42,3,ADMITTED,WALK IN,53,F
3135,2024-01-31 13:05,2024-01-31 13:11,2024-01-31 13:11,2024-01-31 15:15,2024-01-31 15:15,2,HOME,WALK IN,65,F
3136,2024-01-31 13:32,2024-01-31 13:37,2024-01-31 13:37,2024-01-31 15:20,2024-01-31 15:20,2,ADMITTED,WALK IN,54,F
3137,2024-01-31 13:37,2024-01-31 13:42,2024-01-31 13:42,2024-01-31 19:16,2024-01-31 19:16,3,HOME,WALK IN,55,F
3138,2024-01-31 13:47,2024-01-31 13:51,2024-01-31 13:51,2024-01-31 16:54,2024-01-31 16:54,2,HOME,WALK IN,50,F
3139,2024-01-31 13:48,2024-01-31 13:54,2024-01-31 13:57,2024-01-31 17:00,2024-01-31 17:00,2,ADMITTED,WALK IN,61,M
3140,2024-01-31 13:57,2024-01-31 14:05,2024-01-31 14:05,2024-01-31 15:26,2024-01-31 15:26,5,HOME,WALK IN,33,F
3141,2024-01-31 14:15,2024-01-31 14:22,2024-01-31 14:22,2024-01-31 18:17,2024-01-31 18:17,3,HOME,WALK IN,40,F
3142,2024-01-31 14:47,2024-01-31 14:58,2024-01-31 15:20,2024-01-31 17:25,2024-01-31 17:25,3,ADMITTED,WALK IN,67,F
3143,2024-01-31 14:49,2024-01-31 14:54,2024-01-31 16:52,2024-01-31 21:19,2024-01-31 21:19,4,ADMITTED,WALK IN,36,F
3144,2024-01-31 14:49,2024-01-31 14:59,2024-01-31 15:20,2024-01-31 18:24,2024-01-31 18:24,2,HOME,AMBULANCE,81,F
3145,2024-01-31 14:53,2024-01-31 15:02,2024-01-31 15:42,2024-01-31 19:57,2024-01-31 19:57,3,HOME,AMBULANCE,54,M
3146,2024-01-31 15:04,2024-01-31 15:11,2024-01-31 15:52,2024-01-31 17:05,2024-01-31 17:05,3,ADMITTED,WALK IN,38,M
3147,2024-01-31 15:21,2024-01-31 15:25,2024-01-31 15:26,2024-01-31 17:30,2024-01-31 17:30,2,ADMITTED,WALK IN,68,M
3148,2024-01-31 15:32,2024-01-31 15:36,2024-01-31 16:27,2024-01-31 21:16,2024-01-31 21:16,3,ADMITTED,WALK IN,21,M
3149,2024-01-31 15:32,2024-01-31 15:35,2024-01-31 16:22,2024-01-31 18:39,2024-01-31 18:39,3,HOME,WALK IN,46,M
3150,2024-01-31 15:50,2024-01-31 15:54,2024-01-31 16:00,2024-01-31 17:14,2024-01-31 17:14,2,ADMITTED,WALK IN,84,M
3151,2024-01-31 15:56,2024-01-31 16:00,2024-01-31 16:33,2024-01-31 20:02,2024-01-31 20:02,3,HOME,AMBULANCE,47,F
3152,2024-01-31 15:59,2024-01-31 16:06,2024-01-31 16:10,2024-01-31 18:06,2024-01-31 18:06,2,ADMITTED,AMBULANCE,65,M
3153,2024-01-31 17:08,2024-01-31 17:12,2024-01-31 17:12,2024-01-31 18:34,2024-01-31 18:34,3,HOME,WALK IN,56,M
3154,2024-01-31 17:17,2024-01-31 17:25,2024-01-31 17:25,2024-01-31 20:58,2024-01-31 20:58,3,ADMITTED,WALK IN,38,M
3155,2024-01-31 17:41,2024-01-31 17:44,2024-01-31 17:44,2024-01-31 19:49,2024-01-31 19:49,3,HOME,WALK IN,24,M
3156,2024-01-31 17:43,2024-01-31 17:50,2024-01-31 17:50,2024-01-31 19:11,2024-01-31 19:11,3,HOME,WALK IN,35,F
3157,2024-01-31 17:44,2024-01-31 17:49,2024-01-31 17:49,2024-01-31 19:03,2024-01-31 19:03,2,ADMITTED,WALK IN,31,F
3158,2024-01-31 17:58,2024-01-31 18:02,2024-01-31 18:02,2024-01-31 18:56,2024-01-31 18:56,3,HOME,AMBULANCE,37,F
3159,2024-01-31 18:11,2024-01-31 18:22,2024-01-31 18:22,2024-01-31 22:07,2024-01-31 22:07,3,HOME,WALK IN,38,M
3160,2024-01-31 18:12,2024-01-31 18:16,2024-01-31 18:16,2024-01-31 20:04,2024-01-31 20:04,3,ADMITTED,WALK IN,47,F
3161,2024-01-31 18:36,2024-01-31 18:52,2024-01-31 18:52,2024-01-31 21:57,2024-01-31 21:57,2,ADMITTED,WALK IN,60,M
3162,2024-01-31 19:01,2024-01-31 19:05,2024-01-31 19:05,2024-01-31 19:37,2024-01-31 19:37,5,HOME,WALK IN,49,M
3163,2024-01-31 19:04,2024-01-31 19:08,2024-01-31 19:08,2024-01-31 20:57,2024-01-31 20:57,3,HOME,AMBULANCE,57,M
3164,2024-01-31 19:15,2024-01-31 19:19,2024-01-31 19:19,2024-01-31 22:13,2024-01-31 22:13,3,HOME,WALK IN,71,F
3165,2024-01-31 19:23,2024-01-31 19:27,2024-01-31 19:29,2024-02-01 01:02,2024-02-01 01:02,3,HOME,WALK IN,37,M
3166,2024-01-31 19:37,2024-01-31 19:42,2024-01-31 19:42,2024-01-31 20:52,2024-01-31 20:52,1,ADMITTED,WALK IN,56,M
3167,2024-01-31 19:44,2024-01-31 19:50,2024-01-31 19:50,2024-01-31 21:22,2024-01-31 21:22,2,ADMITTED,WALK IN,34,M
3168,2024-01-31 19:45,2024-01-31 19:47,2024-01-31 19:47,2024-01-31 21:10,2024-01-31 21:10,2,HOME,WALK IN,67,F
3169,2024-01-31 19:52,2024-01-31 20:00,2024-01-31 20:00,2024-01-31 20:09,2024-01-31 20:09,5,HOME,WALK IN,66,F
3170,2024-01-31 19:55,2024-01-31 20:00,2024-01-31 20:00,2024-01-31 22:03,2024-01-31 22:03,4,HOME,WALK IN,30,F
3171,2024-01-31 20:04,2024-01-31 20:08,2024-01-31 20:08,2024-01-31 21:17,2024-01-31 21:17,4,HOME,WALK IN,35,M
3172,2024-01-31 20:06,2024-01-31 20:13,2024-01-31 20:13,2024-01-31 23:49,2024-01-31 23:49,3,ADMITTED,WALK IN,42,M
3173,2024-01-31 20:10,2024-01-31 20:16,2024-01-31 20:21,2024-01-31 22:14,2024-01-31 22:14,3,HOME,AMBULANCE,35,F
3174,2024-01-31 20:22,2024-01-31 20:27,2024-01-31 20:58,2024-01-31 22:42,2024-01-31 22:42,2,ADMITTED,AMBULANCE,85,M
3175,2024-01-31 20:24,2024-01-31 20:33,2024-01-31 21:17,2024-02-01 00:18,2024-02-01 00:18,2,HOME,AMBULANCE,31,F
3176,2024-01-31 20:35,2024-01-31 20:39,2024-01-31 21:32,2024-01-31 22:09,2024-01-31 22:09,5,HOME,WALK IN,27,F
3177,2024-01-31 20:39,2024-01-31 20:43,2024-01-31 21:22,2024-02-01 01:08,2024-02-01 01:08,2,HOME,AMBULANCE,51,M
3178,2024-01-31 20:49,2024-01-31 20:51,2024-01-31 21:26,2024-02-01 01:59,2024-02-01 01:59,2,ADMITTED,AMBULANCE,52,M
3179,2024-01-31 20:58,2024-01-31 21:02,2024-01-31 21:29,2024-01-31 23:59,2024-01-31 23:59,3,HOME,AMBULANCE,54,M
3180,2024-01-31 21:24,2024-01-31 21:25,2024-01-31 22:14,2024-01-31 22:48,2024-01-31 22:48,5,HOME,WALK IN,16,M
3181,2024-01-31 21:34,2024-01-31 21:37,2024-01-31 21:40,2024-01-31 22:44,2024-01-31 22:44,4,HOME,WALK IN,22,F
3182,2024-01-31 21:43,2024-01-31 21:46,2024-01-31 22:13,2024-01-31 23:51,2024-01-31 23:51,3,HOME,WALK IN,33,M
3183,2024-01-31 21:54,2024-01-31 22:00,2024-01-31 22:48,2024-01-31 23:58,2024-01-31 23:58,5,HOME,WALK IN,71,F
3184,2024-01-31 22:07,2024-01-31 22:12,2024-01-31 23:03,2024-02-01 00:03,2024-02-01 00:03,5,HOME,WALK IN,39,F
3185,2024-01-31 22:34,2024-01-31 22:40,2024-01-31 22:42,2024-02-01 01:44,2024-02-01 01:44,4,ADMITTED,WALK IN,59,M
3186,2024-01-31 23:16,2024-01-31 23:21,2024-02-01 00:20,2024-02-01 03:06,2024-02-01 03:06,4,HOME,WALK IN,43,M
3187,2024-01-31 23:21,2024-01-31 23:24,2024-02-01 01:05,2024-02-01 02:54,2024-02-01 02:54,5,HOME,WALK IN,43,F
3188,2024-01-31 23:22,2024-01-31 23:28,2024-01-31 23:28,2024-02-01 04:50,2024-02-01 04:50,1,HOME,WALK IN,64,M
3189,2024-01-31 23:50,2024-01-31 23:54,2024-01-31 23:54,2024-02-01 01:05,2024-02-01 01:05,1,ADMITTED,WALK IN,76,F
3190,2024-02-01 00:14,2024-02-01 00:18,2024-02-01 00:18,2024-02-01 05:07,2024-02-01 05:07,2,ADMITTED,AMBULANCE,54,M
3191,2024-02-01 01:43,2024-02-01 01:50,2024-02-01 01:50,2024-02-01 05:23,2024-02-01 05:23,2,ADMITTED,WALK IN,56,F
3192,2024-02-01 01:49,2024-02-01 01:55,2024-02-01 01:59,2024-02-01 05:02,2024-02-01 05:02,4,HOME,WALK IN,49,F
3193,2024-02-01 02:46,2024-02-01 02:52,2024-02-01 02:59,2024-02-01 04:29,2024-02-01 04:29,2,HOME,WALK IN,42,F
3194,2024-02-01 05:28,2024-02-01 05:31,2024-02-01 05:31,2024-02-01 07:27,2024-02-01 07:27,2,ADMITTED,WALK IN,43,F
3195,2024-02-01 05:30,2024-02-01 05:36,2024-02-01 05:36,2024-02-01 08:04,2024-02-01 08:04,2,ADMITTED,AMBULANCE,66,F
3196,2024-02-01 06:01,2024-02-01 06:09,2024-02-01 06:09,2024-02-01 10:16,2024-02-01 10:16,3,ADMITTED,AMBULANCE,27,M
3197,2024-02-01 06:07,2024-02-01 06:15,2024-02-01 07:53,2024-02-01 10:07,2024-02-01 10:07,4,ADMITTED,WALK IN,17,M
3198,2024-02-01 06:19,2024-02-01 06:24,2024-02-01 06:54,2024-02-01 09:39,2024-02-01 09:39,3,HOME,WALK IN,50,M
3199,2024-02-01 06:58,2024-02-01 07:03,2024-02-01 07:33,2024-02-01 09:29,2024-02-01 09:29,3,HOME,WALK IN,43,F
3200,2024-02-01 07:12,2024-02-01 07:16,2024-02-01 07:27,2024-02-01 12:06,2024-02-01 12:06,2,HOME,WALK IN,62,F
3201,2024-02-01 07:27,2024-02-01 07:37,2024-02-01 07:43,2024-02-01 10:52,2024-02-01 10:52,3,ADMITTED,AMBULANCE,72,M
3202,2024-02-01 08:11,2024-02-01 08:16,2024-02-01 08:16,2024-02-01 12:34,2024-02-01 12:34,2,ADMITTED,WALK IN,61,F
3203,2024-02-01 08:19,2024-02-01 08:22,2024-02-01 08:22,2024-02-01 14:29,2024-02-01 14:29,3,ADMITTED,WALK IN,51,M
3204,2024-02-01 08:21,2024-02-01 08:26,2024-02-01 08:26,2024-02-01 11:01,2024-02-01 11:01,3,ADMITTED,WALK IN,31,F
3205,2024-02-01 08:33,2024-02-01 08:40,2024-02-01 08:40,2024-02-01 12:30,2024-02-01 12:30,2,ADMITTED,AMBULANCE,69,M
3206,2024-02-01 08:36,2024-02-01 08:42,2024-02-01 08:42,2024-02-01 12:20,2024-02-01 12:20,2,ADMITTED,WALK IN,53,M
3207,2024-02-01 08:43,2024-02-01 08:48,2024-02-01 08:49,2024-02-01 11:27,2024-02-01 11:27,3,HOME,AMBULANCE,51,F
3208,2024-02-01 08:49,2024-02-01 08:52,2024-02-01 08:59,2024-02-01 11:02,2024-02-01 11:02,4,HOME,WALK IN,50,M
3209,2024-02-01 08:58,2024-02-01 09:03,2024-02-01 09:03,2024-02-01 12:11,2024-02-01 12:11,3,HOME,AMBULANCE,56,F
3210,2024-02-01 09:04,2024-02-01 09:09,2024-02-01 09:29,2024-02-01 10:58,2024-02-01 10:58,4,HOME,WALK IN,38,F
3211,2024-02-01 09:35,2024-02-01 09:40,2024-02-01 09:40,2024-02-01 13:03,2024-02-01 13:03,3,HOME,WALK IN,78,M
3212,2024-02-01 09:49,2024-02-01 10:00,2024-02-01 10:07,2024-02-01 11:26,2024-02-01 11:26,3,HOME,WALK IN,40,M
3213,2024-02-01 10:31,2024-02-01 10:40,2024-02-01 10:40,2024-02-01 13:08,2024-02-01 13:08,3,HOME,WALK IN,42,F
3214,2024-02-01 10:34,2024-02-01 10:37,2024-02-01 10:37,2024-02-01 12:23,2024-02-01 12:23,4,HOME,WALK IN,46,F
3215,2024-02-01 10:40,2024-02-01 10:43,2024-02-01 11:01,2024-02-01 14:23,2024-02-01 14:23,2,HOME,WALK IN,88,F
3216,2024-02-01 10:54,2024-02-01 11:02,2024-02-01 11:02,2024-02-01 13:15,2024-02-01 13:15,3,HOME,AMBULANCE,28,M
3217,2024-02-01 11:06,2024-02-01 11:12,2024-02-01 12:38,2024-02-01 14:32,2024-02-01 14:32,4,HOME,WALK IN,67,F
3218,2024-02-01 11:08,2024-02-01 11:11,2024-02-01 11:27,2024-02-01 15:01,2024-02-01 15:01,3,ADMITTED,AMBULANCE,60,F
3219,2024-02-01 11:10,2024-02-01 11:25,2024-02-01 11:26,2024-02-01 15:25,2024-02-01 15:25,2,HOME,WALK IN,71,M
3220,2024-02-01 11:19,2024-02-01 11:23,2024-02-01 12:34,2024-02-01 17:52,2024-02-01 17:52,3,ADMITTED,WALK IN,60,F
3221,2024-02-01 11:22,2024-02-01 11:33,2024-02-01 14:32,2024-02-01 17:14,2024-02-01 17:14,4,HOME,WALK IN,38,M
3222,2024-02-01 11:24,2024-02-01 11:29,2024-02-01 12:30,2024-02-01 14:28,2024-02-01 14:28,2,ADMITTED,AMBULANCE,81,F
3223,2024-02-01 11:38,2024-02-01 11:42,,,2024-02-01 13:32,4,LEFT WITHOUT BEING SEEN,WALK IN,25,M
3224,2024-02-01 11:48,2024-02-01 11:57,2024-02-01 12:06,2024-02-01 13:16,2024-02-01 13:16,1,ADMITTED,WALK IN,60,F
3225,2024-02-01 11:56,2024-02-01 12:03,2024-02-01 12:34,2024-02-01 19:29,2024-02-01 19:29,3,HOME,WALK IN,36,M
3226,2024-02-01 12:09,2024-02-01 12:13,,,2024-02-01 15:41,5,LEFT WITHOUT BEING SEEN,AMBULANCE,32,F
3227,2024-02-01 12:11,2024-02-01 12:16,2024-02-01 12:38,2024-02-01 13:25,2024-02-01 13:25,3,HOME,WALK IN,49,F
3228,2024-02-01 12:32,2024-02-01 12:42,2024-02-01 12:42,2024-02-01 14:57,2024-02-01 14:57,1,HOME,WALK IN,71,F
3229,2024-02-01 12:45,2024-02-01 12:51,2024-02-01 14:32,2024-02-01 15:30,2024-02-01 15:30,4,ADMITTED,WALK IN,57,F
3230,2024-02-01 12:46,2024-02-01 12:53,,,2024-02-01 14:11,4,LEFT WITHOUT BEING SEEN,WALK IN,26,M
3231,2024-02-01 12:50,2024-02-01 13:12,2024-02-01 14:33,2024-02-01 18:34,2024-02-01 18:34,4,HOME,AMBULANCE,40,F
3232,2024-02-01 13:06,2024-02-01 13:08,2024-02-01 13:16,2024-02-01 16:24,2024-02-01 16:24,3,HOME,WALK IN,35,M
3233,2024-02-01 13:15,2024-02-01 13:21,2024-02-01 13:25,2024-02-01 17:11,2024-02-01 17:11,3,HOME,WALK IN,61,F
3234,2024-02-01 13:31,2024-02-01 13:38,2024-02-01 13:43,2024-02-01 15:34,2024-02-01 15:34,3,HOME,WALK IN,66,F
3235,2024-02-01 13:41,2024-02-01 13:43,2024-02-01 14:34,2024-02-01 15:42,2024-02-01 15:42,4,HOME,WALK IN,32,F
3236,2024-02-01 13:49,2024-02-01 13:57,2024-02-01 15:43,2024-02-01 16:35,2024-02-01 16:35,4,HOME,WALK IN,26,M
3237,2024-02-01 13:50,2024-02-01 13:55,2024-02-01 14:28,2024-02-01 17:24,2024-02-01 17:24,3,HOME,WALK IN,65,F
3238,2024-02-01 13:53,2024-02-01 14:01,2024-02-01 15:52,2024-02-01 17:18,2024-02-01 17:18,4,HOME,WALK IN,54,M
3239,2024-02-01 13:59,2024-02-01 14:03,2024-02-01 14:29,2024-02-01 17:20,2024-02-01 17:20,3,HOME,WALK IN,28,F
3240,2024-02-01 13:59,2024-02-01 14:10,2024-02-01 15:57,2024-02-01 20:24,2024-02-01 20:24,4,HOME,WALK IN,63,M
3241,2024-02-01 14:02,2024-02-01 14:11,,,2024-02-01 15:39,4,LEFT WITHOUT BEING SEEN,WALK IN,59,F
3242,2024-02-01 14:08,2024-02-01 14:21,2024-02-01 14:23,2024-02-01 21:14,2024-02-01 21:14,1,ADMITTED,WALK IN,71,M
3243,2024-02-01 14:21,2024-02-01 14:34,2024-02-01 15:32,2024-02-01 16:15,2024-02-01 16:15,3,HOME,WALK IN,75,F
3244,2024-02-01 14:49,2024-02-01 14:53,2024-02-01 14:57,2024-02-01 19:34,2024-02-01 19:34,2,HOME,WALK IN,51,M
3245,2024-02-01 14:53,2024-02-01 14:58,2024-02-01 15:42,2024-02-01 16:41,2024-02-01 16:41,3,HOME,WALK IN,55,F
3246,2024-02-01 14:58,2024-02-01 15:00,2024-02-01 15:01,2024-02-01 20:26,2024-02-01 20:26,2,ADMITTED,AMBULANCE,73,F
3247,2024-02-01 15:14,2024-02-01 15:20,2024-02-01 18:03,2024-02-01 20:23,2024-02-01 20:23,4,HOME,WALK IN,66,M
3248,2024-02-01 15:16,2024-02-01 15:19,2024-02-01 15:29,2024-02-01 17:46,2024-02-01 17:46,2,HOME,AMBULANCE,77,M
3249,2024-02-01 15:18,2024-02-01 15:22,2024-02-01 18:47,2024-02-01 19:18,2024-02-01 19:18,5,HOME,WALK IN,33,M
3250,2024-02-01 15:27,2024-02-01 15:31,2024-02-01 15:34,2024-02-01 16:33,2024-02-01 16:33,2,HOME,WALK IN,59,F
3251,2024-02-01 15:37,2024-02-01 15:48,2024-02-01 16:41,2024-02-01 19:58,2024-02-01 19:58,3,ADMITTED,AMBULANCE,34,M
3252,2024-02-01 15:43,2024-02-01 15:46,2024-02-01 16:35,2024-02-01 17:49,2024-02-01 17:49,2,HOME,WALK IN,42,M
3253,2024-02-01 16:09,2024-02-01 16:16,2024-02-01 16:45,2024-02-01 17:54,2024-02-01 17:54,3,HOME,AMBULANCE,41,M
3254,2024-02-01 16:22,2024-02-01 16:28,,,2024-02-01 18:19,4,LEFT WITHOUT BEING SEEN,WALK IN,31,M
3255,2024-02-01 16:28,2024-02-01 16:33,2024-02-01 17:21,2024-02-01 21:34,2024-02-01 21:34,3,HOME,AMBULANCE,36,F
3256,2024-02-01 16:37,2024-02-01 16:47,2024-02-01 17:24,2024-02-01 19:52,2024-02-01 19:52,3,HOME,WALK IN,70,M
3257,2024-02-01 16:40,2024-02-01 16:47,2024-02-01 18:41,2024-02-01 21:08,2024-02-01 21:08,4,HOME,WALK IN,65,F
3258,2024-02-01 16:59,2024-02-01 17:10,2024-02-01 17:52,2024-02-01 19:43,2024-02-01 19:43,3,HOME,WALK IN,20,M
3259,2024-02-01 17:01,2024-02-01 17:05,2024-02-01 18:44,2024-02-01 19:46,2024-02-01 19:46,4,HOME,WALK IN,24,M
3260,2024-02-01 17:03,2024-02-01 17:11,2024-02-01 17:20,2024-02-01 19:22,2024-02-01 19:22,2,HOME,WALK IN,50,F
3261,2024-02-01 17:21,2024-02-01 17:27,2024-02-01 17:49,2024-02-01 18:58,2024-02-01 18:58,2,HOME,WALK IN,70,M
3262,2024-02-01 17:46,2024-02-01 17:56,2024-02-01 18:31,2024-02-01 22:57,2024-02-01 22:57,3,HOME,WALK IN,61,F
3263,2024-02-01 17:49,2024-02-01 17:54,2024-02-01 17:54,2024-02-01 21:37,2024-02-01 21:37,2,HOME,WALK IN,75,M
3264,2024-02-01 18:10,2024-02-01 18:12,,,2024-02-01 20:12,4,LEFT WITHOUT BEING SEEN,WALK IN,58,F
3265,2024-02-01 18:22,2024-02-01 18:29,2024-02-01 18:34,2024-02-01 23:36,2024-02-01 23:36,3,ADMITTED,AMBULANCE,71,F
3266,2024-02-01 18:22,2024-02-01 18:29,2024-02-01 18:58,2024-02-01 19:39,2024-02-01 19:39,3,HOME,WALK IN,61,M
3267,2024-02-01 18:24,2024-02-01 18:36,,,2024-02-01 19:58,4,LEFT WITHOUT BEING SEEN,WALK IN,37,M
3268,2024-02-01 18:36,2024-02-01 18:42,2024-02-01 19:22,2024-02-01 23:59,2024-02-01 23:59,3,ADMITTED,WALK IN,40,F
3269,2024-02-01 18:37,2024-02-01 18:44,2024-02-01 19:58,2024-02-01 22:05,2024-02-01 22:05,3,HOME,WALK IN,38,M
3270,2024-02-01 18:47,2024-02-01 18:54,2024-02-01 20:00,2024-02-01 21:41,2024-02-01 21:41,3,HOME,WALK IN,34,F
3271,2024-02-01 18:54,2024-02-01 18:55,,,2024-02-01 20:42,5,LEFT WITHOUT BEING SEEN,WALK IN,34,M
3272,2024-02-01 18:59,2024-02-01 19:06,2024-02-01 20:26,2024-02-01 23:07,2024-02-01 23:07,4,HOME,AMBULANCE,71,M
3273,2024-02-01 19:02,2024-02-01 19:10,2024-02-01 20:00,2024-02-01 21:59,2024-02-01 21:59,3,HOME,WALK IN,26,M
3274,2024-02-01 19:05,2024-02-01 19:10,2024-02-01 19:18,2024-02-01 21:03,2024-02-01 21:03,1,HOME,WALK IN,43,F
3275,2024-02-01 19:09,2024-02-01 19:16,,,2024-02-01 21:00,5,LEFT WITHOUT BEING SEEN,WALK IN,49,F
3276,2024-02-01 19:12,2024-02-01 19:24,2024-02-01 20:24,2024-02-01 23:52,2024-02-01 23:52,3,HOME,AMBULANCE,68,M
3277,2024-02-01 19:36,2024-02-01 19:43,2024-02-01 20:24,2024-02-02 00:00,2024-02-02 00:00,3,HOME,WALK IN,30,M
3278,2024-02-01 19:41,2024-02-01 19:50,,,2024-02-01 21:28,5,LEFT WITHOUT BEING SEEN,WALK IN,53,M
3279,2024-02-01 20:06,2024-02-01 20:17,,,2024-02-01 21:44,4,LEFT WITHOUT BEING SEEN,WALK IN,43,F
3280,2024-02-01 20:25,2024-02-01 20:29,2024-02-01 20:42,2024-02-01 23:44,2024-02-01 23:44,1,ADMITTED,AMBULANCE,47,M
3281,2024-02-01 20:52,2024-02-01 20:56,2024-02-01 21:14,2024-02-02 00:58,2024-02-02 00:58,3,HOME,WALK IN,32,F
3282,2024-02-01 21:31,2024-02-01 21:33,2024-02-01 21:41,2024-02-01 23:17,2024-02-01 23:17,3,ADMITTED,WALK IN,68,M
3283,2024-02-01 21:31,2024-02-01 21:34,2024-02-01 22:57,2024-02-01 23:46,2024-02-01 23:46,4,HOME,WALK IN,44,M
3284,2024-02-01 21:54,2024-02-01 22:02,2024-02-01 22:05,2024-02-02 00:52,2024-02-02 00:52,2,ADMITTED,WALK IN,66,M
3285,2024-02-01 22:15,2024-02-01 22:24,2024-02-01 22:34,2024-02-02 00:59,2024-02-02 00:59,3,ADMITTED,WALK IN,48,F
3286,2024-02-01 22:19,2024-02-01 22:26,2024-02-01 22:37,2024-02-02 00:44,2024-02-02 00:44,3,HOME,WALK IN,22,M
3287,2024-02-01 23:18,2024-02-01 23:21,2024-02-01 23:21,2024-02-02 00:51,2024-02-02 00:51,3,HOME,WALK IN,51,F
3288,2024-02-01 23:41,2024-02-01 23:49,2024-02-01 23:49,2024-02-02 01:47,2024-02-02 01:47,3,ADMITTED,WALK IN,46,F
3289,2024-02-01 23:54,2024-02-01 23:59,2024-02-01 23:59,2024-02-02 03:13,2024-02-02 03:13,3,ADMITTED,WALK IN,59,F
3290,2024-02-02 00:27,2024-02-02 00:31,2024-02-02 00:31,2024-02-02 01:15,2024-02-02 01:15,3,ADMITTED,WALK IN,68,F
3291,2024-02-02 01:17,2024-02-02 01:24,2024-02-02 01:24,2024-02-02 04:29,2024-02-02 04:29,3,HOME,WALK IN,88,F
3292,2024-02-02 02:51,2024-02-02 03:08,2024-02-02 03:08,2024-02-02 04:04,2024-02-02 04:04,5,HOME,WALK IN,22,F
3293,2024-02-02 06:14,2024-02-02 06:17,2024-02-02 06:17,2024-02-02 11:03,2024-02-02 11:03,1,ADMITTED,WALK IN,88,F
3294,2024-02-02 07:28,2024-02-02 07:40,2024-02-02 07:40,2024-02-02 11:01,2024-02-02 11:01,2,HOME,WALK IN,70,M
3295,2024-02-02 08:04,2024-02-02 08:16,2024-02-02 08:16,2024-02-02 12:07,2024-02-02 12:07,1,HOME,AMBULANCE,16,M
3296,2024-02-02 08:17,2024-02-02 08:22,2024-02-02 08:22,2024-02-02 09:40,2024-02-02 09:40,4,ADMITTED,WALK IN,25,F
3297,2024-02-02 08:25,2024-02-02 08:31,2024-02-02 08:31,2024-02-02 10:09,2024-02-02 10:09,2,HOME,AMBULANCE,52,F
3298,2024-02-02 08:26,2024-02-02 08:39,2024-02-02 08:39,2024-02-02 11:33,2024-02-02 11:33,3,HOME,WALK IN,41,F
3299,2024-02-02 08:31,2024-02-02 08:44,2024-02-02 08:44,2024-02-02 13:46,2024-02-02 13:46,3,HOME,AMBULANCE,19,M
3300,2024-02-02 08:36,2024-02-02 08:51,2024-02-02 08:51,2024-02-02 12:04,2024-02-02 12:04,3,HOME,WALK IN,50,F
3301,2024-02-02 09:29,2024-02-02 09:34,2024-02-02 09:34,2024-02-02 12:57,2024-02-02 12:57,2,HOME,WALK IN,34,F
3302,2024-02-02 09:31,2024-02-02 09:43,2024-02-02 09:43,2024-02-02 11:37,2024-02-02 11:37,2,HOME,AMBULANCE,50,F
3303,2024-02-02 09:44,2024-02-02 09:50,,,2024-02-02 11:13,4,LEFT WITHOUT BEING SEEN,WALK IN,62,F
3304,2024-02-02 09:46,2024-02-02 09:55,,,2024-02-02 11:29,4,LEFT WITHOUT BEING SEEN,WALK IN,48,F
3305,2024-02-02 09:52,2024-02-02 10:01,2024-02-02 10:07,2024-02-02 12:48,2024-02-02 12:48,3,ADMITTED,WALK IN,56,F
3306,2024-02-02 09:53,2024-02-02 10:06,2024-02-02 10:09,2024-02-02 13:11,2024-02-02 13:11,3,HOME,WALK IN,25,F
3307,2024-02-02 09:54,2024-02-02 10:05,2024-02-02 12:29,2024-02-02 13:50,2024-02-02 13:50,4,HOME,WALK IN,41,M
3308,2024-02-02 10:01,2024-02-02 10:11,2024-02-02 14:11,2024-02-02 15:34,2024-02-02 15:34,5,HOME,WALK IN,30,F
3309,2024-02-02 10:05,2024-02-02 10:11,2024-02-02 10:27,2024-02-02 12:08,2024-02-02 12:08,3,HOME,WALK IN,51,M
3310,2024-02-02 10:29,2024-02-02 10:36,,,2024-02-02 12:12,4,LEFT WITHOUT BEING SEEN,WALK IN,48,M
3311,2024-02-02 10:32,2024-02-02 10:36,2024-02-02 11:01,2024-02-02 13:04,2024-02-02 13:04,2,HOME,AMBULANCE,52,F
3312,2024-02-02 10:44,2024-02-02 10:48,2024-02-02 11:03,2024-02-02 14:42,2024-02-02 14:42,2,HOME,AMBULANCE,56,M
3313,2024-02-02 10:51,2024-02-02 10:59,2024-02-02 11:37,2024-02-02 15:51,2024-02-02 15:51,2,HOME,WALK IN,68,M
3314,2024-02-02 10:57,2024-02-02 11:01,,,2024-02-02 12:23,5,LEFT WITHOUT BEING SEEN,WALK IN,41,F
3315,2024-02-02 11:12,2024-02-02 11:15,2024-02-02 13:11,2024-02-02 13:49,2024-02-02 13:49,4,HOME,WALK IN,60,M
3316,2024-02-02 11:14,2024-02-02 11:16,2024-02-02 12:07,2024-02-02 14:27,2024-02-02 14:27,2,ADMITTED,AMBULANCE,40,F
3317,2024-02-02 11:15,2024-02-02 11:20,,,2024-02-02 12:31,4,LEFT WITHOUT BEING SEEN,WALK IN,34,M
3318,2024-02-02 11:18,2024-02-02 11:24,2024-02-02 12:22,2024-02-02 14:29,2024-02-02 14:29,3,ADMITTED,WALK IN,63,F
3319,2024-02-02 11:25,2024-02-02 11:31,,,2024-02-02 12:36,4,LEFT WITHOUT BEING SEEN,WALK IN,28,F
3320,2024-02-02 11:50,2024-02-02 11:55,2024-02-02 12:08,2024-02-02 14:54,2024-02-02 14:54,2,HOME,WALK IN,66,F
3321,2024-02-02 11:58,2024-02-02 12:05,2024-02-02 12:27,2024-02-02 15:37,2024-02-02 15:37,3,ADMITTED,WALK IN,37,F
3322,2024-02-02 12:21,2024-02-02 12:28,2024-02-02 12:28,2024-02-02 15:40,2024-02-02 15:40,3,ADMITTED,AMBULANCE,28,M
3323,2024-02-02 12:37,2024-02-02 12:47,2024-02-02 12:51,2024-02-02 15:30,2024-02-02 15:30,3,HOME,WALK IN,69,F
3324,2024-02-02 12:41,2024-02-02 12:44,2024-02-02 14:32,2024-02-02 14:50,2024-02-02 14:50,5,HOME,WALK IN,20,F
3325,2024-02-02 12:53,2024-02-02 12:59,2024-02-02 13:04,2024-02-02 16:46,2024-02-02 16:46,2,HOME,AMBULANCE,44,F
3326,2024-02-02 12:59,2024-02-02 13:02,2024-02-02 13:50,2024-02-02 14:47,2024-02-02 14:47,4,HOME,AMBULANCE,19,F
3327,2024-02-02 13:04,2024-02-02 13:21,2024-02-02 14:03,2024-02-02 15:45,2024-02-02 15:45,4,HOME,WALK IN,57,F
3328,2024-02-02 13:12,2024-02-02 13:14,2024-02-02 13:49,2024-02-02 19:06,2024-02-02 19:06,2,ADMITTED,WALK IN,61,M
3329,2024-02-02 13:41,2024-02-02 13:45,2024-02-02 14:33,2024-02-02 14:51,2024-02-02 14:51,5,HOME,WALK IN,38,M
3330,2024-02-02 13:42,2024-02-02 13:46,2024-02-02 14:33,2024-02-02 15:36,2024-02-02 15:36,5,HOME,WALK IN,24,F
3331,2024-02-02 13:50,2024-02-02 13:52,2024-02-02 13:53,2024-02-02 16:11,2024-02-02 16:11,2,ADMITTED,WALK IN,61,F
3332,2024-02-02 14:06,2024-02-02 14:12,2024-02-02 14:27,2024-02-02 14:57,2024-02-02 14:57,4,HOME,WALK IN,22,M
3333,2024-02-02 14:13,2024-02-02 14:20,2024-02-02 14:29,2024-02-02 16:16,2024-02-02 16:16,4,HOME,WALK IN,75,F
3334,2024-02-02 14:34,2024-02-02 14:38,2024-02-02 16:11,2024-02-02 18:28,2024-02-02 18:28,4,HOME,WALK IN,33,M
3335,2024-02-02 14:38,2024-02-02 14:57,2024-02-02 14:57,2024-02-03 01:33,2024-02-03 01:33,2,HOME,AMBULANCE,71,M
3336,2024-02-02 14:48,2024-02-02 14:51,2024-02-02 14:54,2024-02-02 17:37,2024-02-02 17:37,2,HOME,WALK IN,50,F
3337,2024-02-02 14:51,2024-02-02 14:55,2024-02-02 15:40,2024-02-02 17:40,2024-02-02 17:40,3,ADMITTED,AMBULANCE,41,F
3338,2024-02-02 15:20,2024-02-02 15:27,2024-02-02 15:40,2024-02-02 17:22,2024-02-02 17:22,3,HOME,WALK IN,40,M
3339,2024-02-02 15:21,2024-02-02 15:23,2024-02-02 16:21,2024-02-02 17:51,2024-02-02 17:51,5,HOME,WALK IN,26,M
3340,2024-02-02 15:35,2024-02-02 15:50,2024-02-02 15:51,2024-02-02 17:23,2024-02-02 17:23,3,HOME,WALK IN,33,F
3341,2024-02-02 15:49,2024-02-02 15:54,2024-02-02 15:57,2024-02-02 20:58,2024-02-02 20:58,2,ADMITTED,AMBULANCE,67,M
3342,2024-02-02 15:58,2024-02-02 16:06,2024-02-02 16:16,2024-02-02 16:48,2024-02-02 16:48,4,HOME,AMBULANCE,69,M
3343,2024-02-02 16:19,2024-02-02 16:23,2024-02-02 16:26,2024-02-02 18:39,2024-02-02 18:39,4,HOME,WALK IN,45,M
3344,2024-02-02 16:24,2024-02-02 16:30,2024-02-02 16:41,2024-02-02 18:18,2024-02-02 18:18,2,HOME,AMBULANCE,53,M
3345,2024-02-02 16:36,2024-02-02 16:44,2024-02-02 16:46,2024-02-02 17:12,2024-02-02 17:12,4,HOME,AMBULANCE,47,F
3346,2024-02-02 16:45,2024-02-02 16:53,2024-02-02 16:53,2024-02-02 19:03,2024-02-02 19:03,3,HOME,WALK IN,51,M
3347,2024-02-02 16:53,2024-02-02 17:06,2024-02-02 17:06,2024-02-02 17:36,2024-02-02 17:36,4,HOME,WALK IN,42,F
3348,2024-02-02 16:55,2024-02-02 17:01,2024-02-02 17:01,2024-02-03 01:30,2024-02-03 01:30,3,HOME,WALK IN,73,M
3349,2024-02-02 17:06,2024-02-02 17:11,2024-02-02 17:12,2024-02-02 21:00,2024-02-02 21:00,4,HOME,WALK IN,47,F
3350,2024-02-02 17:23,2024-02-02 17:27,2024-02-02 17:27,2024-02-02 20:03,2024-02-02 20:03,3,ADMITTED,WALK IN,44,F
3351,2024-02-02 17:39,2024-02-02 17:45,2024-02-02 17:45,2024-02-02 19:50,2024-02-02 19:50,2,ADMITTED,WALK IN,53,M
3352,2024-02-02 17:48,2024-02-02 17:52,2024-02-02 17:52,2024-02-02 20:04,2024-02-02 20:04,3,HOME,WALK IN,47,F
3353,2024-02-02 18:09,2024-02-02 18:12,2024-02-02 18:12,2024-02-02 21:37,2024-02-02 21:37,2,HOME,AMBULANCE,37,F
3354,2024-02-02 18:12,2024-02-02 18:19,2024-02-02 18:19,2024-02-03 00:04,2024-02-03 00:04,3,HOME,WALK IN,43,F
3355,2024-02-02 18:24,2024-02-02 18:37,2024-02-02 18:37,2024-02-02 20:20,2024-02-02 20:20,4,HOME,WALK IN,31,M
3356,2024-02-02 18:52,2024-02-02 18:57,2024-02-02 18:57,2024-02-02 21:41,2024-02-02 21:41,2,ADMITTED,AMBULANCE,70,M
3357,2024-02-02 18:57,2024-02-02 19:13,2024-02-02 19:13,2024-02-03 00:05,2024-02-03 00:05,4,HOME,WALK IN,41,F
3358,2024-02-02 19:00,2024-02-02 19:14,2024-02-02 19:14,2024-02-02 20:15,2024-02-02 20:15,3,HOME,WALK IN,72,F
3359,2024-02-02 19:00,2024-02-02 19:19,2024-02-02 19:27,2024-02-03 00:00,2024-02-03 00:00,3,HOME,WALK IN,48,F
3360,2024-02-02 19:30,2024-02-02 19:35,2024-02-02 19:35,2024-02-02 21:32,2024-02-02 21:32,2,HOME,AMBULANCE,25,F
3361,2024-02-02 19:31,2024-02-02 19:39,2024-02-02 19:50,2024-02-02 21:35,2024-02-02 21:35,2,ADMITTED,WALK IN,49,F
3362,2024-02-02 19:33,2024-02-02 19:39,2024-02-02 19:52,2024-02-02 20:55,2024-02-02 20:55,5,HOME,WALK IN,43,F
3363,2024-02-02 19:48,2024-02-02 19:52,2024-02-02 20:00,2024-02-03 01:21,2024-02-03 01:21,2,ADMITTED,WALK IN,61,F
3364,2024-02-02 20:00,2024-02-02 20:06,2024-02-02 20:20,2024-02-02 22:06,2024-02-02 22:06,4,HOME,WALK IN,75,F
3365,2024-02-02 20:03,2024-02-02 20:04,2024-02-02 20:04,2024-02-03 00:00,2024-02-03 00:00,1,ADMITTED,WALK IN,68,M
3366,2024-02-02 20:07,2024-02-02 20:09,2024-02-02 20:20,2024-02-02 22:58,2024-02-02 22:58,3,HOME,WALK IN,36,M
3367,2024-02-02 20:11,2024-02-02 20:16,2024-02-02 20:43,2024-02-02 21:39,2024-02-02 21:39,4,HOME,WALK IN,21,F
3368,2024-02-02 20:18,2024-02-02 20:21,2024-02-02 20:33,2024-02-02 22:34,2024-02-02 22:34,2,HOME,WALK IN,33,F
3369,2024-02-02 20:34,2024-02-02 20:48,2024-02-02 20:56,2024-02-02 23:00,2024-02-02 23:00,2,HOME,AMBULANCE,26,F
3370,2024-02-02 20:35,2024-02-02 20:38,,,2024-02-02 21:08,4,LEFT WITHOUT BEING SEEN,WALK IN,51,F
3371,2024-02-02 20:37,2024-02-02 20:45,2024-02-02 21:00,2024-02-03 01:17,2024-02-03 01:17,3,ADMITTED,WALK IN,34,M
3372,2024-02-02 20:50,2024-02-02 20:56,2024-02-02 21:39,2024-02-03 01:12,2024-02-03 01:12,3,HOME,WALK IN,54,F
3373,2024-02-02 21:51,2024-02-02 21:58,2024-02-02 21:58,2024-02-03 03:16,2024-02-03 03:16,2,HOME,WALK IN,23,F
3374,2024-02-02 21:56,2024-02-02 22:04,2024-02-02 22:06,2024-02-03 02:09,2024-02-03 02:09,2,ADMITTED,WALK IN,60,M
3375,2024-02-02 22:10,2024-02-02 22:15,2024-02-02 22:19,2024-02-03 00:07,2024-02-03 00:07,2,ADMITTED,WALK IN,68,M
3376,2024-02-02 22:15,2024-02-02 22:20,2024-02-02 22:34,2024-02-03 01:04,2024-02-03 01:04,2,ADMITTED,WALK IN,20,M
3377,2024-02-02 22:19,2024-02-02 22:24,2024-02-02 23:13,2024-02-03 01:31,2024-02-03 01:31,2,HOME,WALK IN,73,M
3378,2024-02-02 22:43,2024-02-02 22:48,2024-02-02 22:48,2024-02-03 06:35,2024-02-03 06:35,1,ADMITTED,AMBULANCE,55,M
3379,2024-02-02 22:49,2024-02-02 22:55,2024-02-02 23:19,2024-02-03 01:28,2024-02-03 01:28,5,HOME,WALK IN,46,F
3380,2024-02-02 23:24,2024-02-02 23:29,2024-02-03 00:07,2024-02-03 03:58,2024-02-03 03:58,3,HOME,WALK IN,35,F
3381,2024-02-02 23:56,2024-02-03 00:01,2024-02-03 00:05,2024-02-03 05:36,2024-02-03 05:36,2,HOME,AMBULANCE,45,M
3382,2024-02-03 00:06,2024-02-03 00:12,2024-02-03 01:31,2024-02-03 02:55,2024-02-03 02:55,3,HOME,AMBULANCE,31,F
3383,2024-02-03 00:30,2024-02-03 00:38,2024-02-03 01:31,2024-02-03 02:35,2024-02-03 02:35,4,HOME,WALK IN,30,M
3384,2024-02-03 01:36,2024-02-03 01:44,2024-02-03 01:44,2024-02-03 04:51,2024-02-03 04:51,1,ADMITTED,AMBULANCE,58,F
3385,2024-02-03 02:59,2024-02-03 03:05,2024-02-03 03:05,2024-02-03 03:16,2024-02-03 03:16,4,HOME,WALK IN,80,F
3386,2024-02-03 04:07,2024-02-03 04:10,2024-02-03 04:10,2024-02-03 07:53,2024-02-03 07:53,2,ADMITTED,WALK IN,39,M
3387,2024-02-03 04:46,2024-02-03 04:53,2024-02-03 04:53,2024-02-03 06:23,2024-02-03 06:23,3,HOME,AMBULANCE,44,M
3388,2024-02-03 06:02,2024-02-03 06:06,2024-02-03 06:06,2024-02-03 06:29,2024-02-03 06:29,5,HOME,WALK IN,43,M
3389,2024-02-03 06:27,2024-02-03 06:32,2024-02-03 06:32,2024-02-03 08:25,2024-02-03 08:25,3,HOME,WALK IN,57,M
3390,2024-02-03 06:56,2024-02-03 07:05,2024-02-03 07:05,2024-02-03 09:18,2024-02-03 09:18,2,ADMITTED,AMBULANCE,87,M
3391,2024-02-03 07:20,2024-02-03 07:22,2024-02-03 07:25,2024-02-03 09:35,2024-02-03 09:35,3,HOME,AMBULANCE,37,M
3392,2024-02-03 07:23,2024-02-03 07:27,2024-02-03 07:33,2024-02-03 08:35,2024-02-03 08:35,4,HOME,WALK IN,37,M
3393,2024-02-03 07:52,2024-02-03 08:02,2024-02-03 08:02,2024-02-03 09:26,2024-02-03 09:26,3,HOME,WALK IN,74,M
3394,2024-02-03 08:38,2024-02-03 08:48,2024-02-03 08:48,2024-02-03 09:27,2024-02-03 09:27,4,HOME,WALK IN,53,M
3395,2024-02-03 10:04,2024-02-03 10:08,2024-02-03 10:08,2024-02-03 14:46,2024-02-03 14:46,4,HOME,AMBULANCE,45,M
3396,2024-02-03 10:04,2024-02-03 10:08,2024-02-03 10:08,2024-02-03 10:29,2024-02-03 10:29,5,HOME,WALK IN,25,F
3397,2024-02-03 10:09,2024-02-03 10:13,2024-02-03 10:13,2024-02-03 11:16,2024-02-03 11:16,3,HOME,WALK IN,24,F
3398,2024-02-03 10:22,2024-02-03 10:30,2024-02-03 10:30,2024-02-03 12:29,2024-02-03 12:29,4,HOME,WALK IN,34,F
3399,2024-02-03 10:31,2024-02-03 10:35,2024-02-03 10:35,2024-02-03 14:18,2024-02-03 14:18,3,ADMITTED,WALK IN,75,F
3400,2024-02-03 10:37,2024-02-03 10:42,2024-02-03 10:42,2024-02-03 14:22,2024-02-03 14:22,3,HOME,WALK IN,62,M
3401,2024-02-03 10:39,2024-02-03 10:50,2024-02-03 13:06,2024-02-03 14:00,2024-02-03 14:00,5,HOME,WALK IN,59,M
3402,2024-02-03 10:43,2024-02-03 10:49,2024-02-03 10:49,2024-02-03 18:52,2024-02-03 18:52,1,ADMITTED,WALK IN,57,M
3403,2024-02-03 10:48,2024-02-03 11:01,2024-02-03 12:50,2024-02-03 14:12,2024-02-03 14:12,4,HOME,WALK IN,37,F
3404,2024-02-03 11:01,2024-02-03 11:07,2024-02-03 11:16,2024-02-03 14:04,2024-02-03 14:04,2,ADMITTED,WALK IN,52,M
3405,2024-02-03 11:05,2024-02-03 11:11,2024-02-03 12:00,2024-02-03 15:14,2024-02-03 15:14,3,HOME,AMBULANCE,64,F
3406,2024-02-03 11:06,2024-02-03 11:13,2024-02-03 12:06,2024-02-03 19:07,2024-02-03 19:07,3,HOME,WALK IN,33,F
3407,2024-02-03 11:29,2024-02-03 11:30,2024-02-03 12:16,2024-02-03 15:08,2024-02-03 15:08,3,HOME,WALK IN,42,M
3408,2024-02-03 11:34,2024-02-03 11:39,2024-02-03 13:04,2024-02-03 14:17,2024-02-03 14:17,4,HOME,WALK IN,35,F
3409,2024-02-03 11:55,2024-02-03 11:58,2024-02-03 13:05,2024-02-03 17:24,2024-02-03 17:24,4,HOME,WALK IN,36,F
3410,2024-02-03 12:06,2024-02-03 12:09,,,2024-02-03 14:12,5,LEFT WITHOUT BEING SEEN,WALK IN,70,F
3411,2024-02-03 12:10,2024-02-03 12:18,2024-02-03 12:29,2024-02-03 14:14,2024-02-03 14:14,2,ADMITTED,AMBULANCE,67,M
3412,2024-02-03 12:25,2024-02-03 12:29,2024-02-03 12:46,2024-02-03 14:42,2024-02-03 14:42,3,HOME,WALK IN,45,M
3413,2024-02-03 12:54,2024-02-03 12:56,2024-02-03 13:02,2024-02-03 14:22,2024-02-03 14:22,3,HOME,WALK IN,57,F
3414,2024-02-03 12:59,2024-02-03 13:07,2024-02-03 13:13,2024-02-03 16:34,2024-02-03 16:34,3,HOME,WALK IN,37,M
3415,2024-02-03 13:01,2024-02-03 13:09,2024-02-03 13:23,2024-02-03 15:11,2024-02-03 15:11,3,HOME,WALK IN,64,M
3416,2024-02-03 13:04,2024-02-03 13:12,,,2024-02-03 15:12,5,LEFT WITHOUT BEING SEEN,WALK IN,47,M
3417,2024-02-03 13:05,2024-02-03 13:14,2024-02-03 14:43,2024-02-03 16:38,2024-02-03 16:38,3,HOME,AMBULANCE,32,F
3418,2024-02-03 13:12,2024-02-03 13:14,2024-02-03 14:22,2024-02-03 17:39,2024-02-03 17:39,2,HOME,WALK IN,36,F
3419,2024-02-03 13:16,2024-02-03 13:19,2024-02-03 14:46,2024-02-03 17:17,2024-02-03 17:17,3,HOME,WALK IN,34,F
3420,2024-02-03 13:29,2024-02-03 13:36,2024-02-03 14:22,2024-02-03 19:52,2024-02-03 19:52,2,ADMITTED,AMBULANCE,60,M
3421,2024-02-03 13:34,2024-02-03 13:45,2024-02-03 14:46,2024-02-03 17:02,2024-02-03 17:02,3,ADMITTED,AMBULANCE,52,M
3422,2024-02-03 13:50,2024-02-03 13:55,2024-02-03 15:41,2024-02-03 16:56,2024-02-03 16:56,4,HOME,WALK IN,27,M
3423,2024-02-03 14:07,2024-02-03 14:14,,,2024-02-03 18:15,5,LEFT WITHOUT BEING SEEN,WALK IN,51,M
3424,2024-02-03 14:07,2024-02-03 14:18,,,2024-02-03 17:12,4,LEFT WITHOUT BEING SEEN,WALK IN,68,M
3425,2024-02-03 14:27,2024-02-03 14:34,2024-02-03 17:40,2024-02-03 20:12,2024-02-03 20:12,4,HOME,WALK IN,47,F
3426,2024-02-03 14:31,2024-02-03 14:35,2024-02-03 15:14,2024-02-03 22:08,2024-02-03 22:08,3,HOME,WALK IN,60,F
3427,2024-02-03 15:32,2024-02-03 15:37,2024-02-03 19:11,2024-02-04 00:54,2024-02-04 00:54,4,HOME,WALK IN,68,M
3428,2024-02-03 15:38,2024-02-03 15:49,2024-02-03 16:38,2024-02-03 20:09,2024-02-03 20:09,2,HOME,WALK IN,49,F
3429,2024-02-03 15:41,2024-02-03 15:48,,,2024-02-03 19:10,5,LEFT WITHOUT BEING SEEN,WALK IN,44,F
3430,2024-02-03 15:50,2024-02-03 15:55,2024-02-03 17:17,2024-02-03 18:55,2024-02-03 18:55,3,ADMITTED,AMBULANCE,45,M
3431,2024-02-03 15:50,2024-02-03 15:56,2024-02-03 17:02,2024-02-03 19:10,2024-02-03 19:10,2,HOME,WALK IN,46,M
3432,2024-02-03 15:58,2024-02-03 16:06,2024-02-03 17:22,2024-02-03 20:03,2024-02-03 20:03,3,HOME,WALK IN,57,F
3433,2024-02-03 16:12,2024-02-03 16:16,2024-02-03 17:24,2024-02-03 19:03,2024-02-03 19:03,3,HOME,WALK IN,31,M
3434,2024-02-03 16:13,2024-02-03 16:26,,,2024-02-03 17:09,2,LEFT WITHOUT BEING SEEN,WALK IN,31,M
3435,2024-02-03 16:58,2024-02-03 17:03,2024-02-03 17:39,2024-02-03 20:41,2024-02-03 20:41,3,HOME,AMBULANCE,77,F
3436,2024-02-03 17:06,2024-02-03 17:15,2024-02-03 19:16,2024-02-03 21:42,2024-02-03 21:42,4,HOME,WALK IN,32,F
3437,2024-02-03 17:15,2024-02-03 17:19,2024-02-03 17:39,2024-02-03 19:30,2024-02-03 19:30,3,HOME,AMBULANCE,29,M
3438,2024-02-03 17:44,2024-02-03 17:47,2024-02-03 17:54,2024-02-03 20:20,2024-02-03 20:20,2,ADMITTED,WALK IN,63,M
3439,2024-02-03 18:27,2024-02-03 18:33,2024-02-03 19:02,2024-02-03 21:10,2024-02-03 21:10,2,ADMITTED,AMBULANCE,87,M
3440,2024-02-03 18:30,2024-02-03 18:37,2024-02-03 19:10,2024-02-03 20:47,2024-02-03 20:47,3,HOME,AMBULANCE,42,F
3441,2024-02-03 18:37,2024-02-03 18:40,2024-02-03 19:17,2024-02-03 19:39,2024-02-03 19:39,4,ADMITTED,WALK IN,45,M
3442,2024-02-03 19:06,2024-02-03 19:10,2024-02-03 19:11,2024-02-03 21:26,2024-02-03 21:26,3,HOME,WALK IN,38,F
3443,2024-02-03 19:25,2024-02-03 19:33,2024-02-03 19:33,2024-02-03 20:16,2024-02-03 20:16,4,HOME,AMBULANCE,51,F
3444,2024-02-03 19:39,2024-02-03 19:44,2024-02-03 19:44,2024-02-03 21:58,2024-02-03 21:58,3,HOME,WALK IN,51,M
3445,2024-02-03 19:44,2024-02-03 19:52,2024-02-03 19:55,2024-02-03 23:28,2024-02-03 23:28,3,ADMITTED,AMBULANCE,68,F
3446,2024-02-03 19:45,2024-02-03 19:51,2024-02-03 19:52,2024-02-03 22:00,2024-02-03 22:00,2,ADMITTED,WALK IN,45,M
3447,2024-02-03 19:46,2024-02-03 20:03,2024-02-03 20:03,2024-02-03 23:12,2024-02-03 23:12,3,HOME,WALK IN,19,M
3448,2024-02-03 19:58,2024-02-03 20:06,2024-02-03 20:12,2024-02-03 22:26,2024-02-03 22:26,3,HOME,WALK IN,27,F
3449,2024-02-03 20:25,2024-02-03 20:28,2024-02-03 20:28,2024-02-03 22:18,2024-02-03 22:18,4,HOME,WALK IN,56,F
3450,2024-02-03 20:26,2024-02-03 20:29,2024-02-03 20:47,2024-02-03 22:47,2024-02-03 22:47,2,HOME,WALK IN,53,F
3451,2024-02-03 20:31,2024-02-03 20:34,2024-02-03 21:01,2024-02-03 22:27,2024-02-03 22:27,3,HOME,WALK IN,30,F
3452,2024-02-03 20:37,2024-02-03 20:46,2024-02-03 21:01,2024-02-03 22:03,2024-02-03 22:03,4,HOME,WALK IN,73,M
3453,2024-02-03 20:37,2024-02-03 20:47,2024-02-03 20:52,2024-02-03 22:05,2024-02-03 22:05,2,HOME,WALK IN,42,M
3454,2024-02-03 21:24,2024-02-03 21:29,2024-02-03 21:29,2024-02-03 22:34,2024-02-03 22:34,3,HOME,WALK IN,73,F
3455,2024-02-03 22:08,2024-02-03 22:13,2024-02-03 22:13,2024-02-04 02:45,2024-02-04 02:45,3,ADMITTED,WALK IN,69,F
3456,2024-02-03 22:24,2024-02-03 22:29,2024-02-03 22:29,2024-02-03 22:52,2024-02-03 22:52,5,HOME,WALK IN,51,M
3457,2024-02-03 22:33,2024-02-03 22:38,2024-02-03 22:38,2024-02-03 23:01,2024-02-03 23:01,5,HOME,WALK IN,24,F
3458,2024-02-03 22:37,2024-02-03 22:48,2024-02-03 22:48,2024-02-04 00:12,2024-02-04 00:12,3,HOME,WALK IN,57,F
3459,2024-02-03 22:53,2024-02-03 23:01,2024-02-03 23:01,2024-02-04 01:35,2024-02-04 01:35,2,ADMITTED,WALK IN,66,F
3460,2024-02-03 23:22,2024-02-03 23:31,2024-02-03 23:31,2024-02-04 04:10,2024-02-04 04:10,1,ADMITTED,WALK IN,39,M
3461,2024-02-03 23:24,2024-02-03 23:37,2024-02-03 23:37,2024-02-04 00:19,2024-02-04 00:19,4,HOME,WALK IN,52,F
3462,2024-02-03 23:50,2024-02-03 23:56,2024-02-03 23:56,2024-02-04 05:54,2024-02-04 05:54,2,HOME,WALK IN,68,M
3463,2024-02-04 00:12,2024-02-04 00:20,2024-02-04 00:20,2024-02-04 01:18,2024-02-04 01:18,4,HOME,WALK IN,55,M
3464,2024-02-04 00:48,2024-02-04 00:51,2024-02-04 00:54,2024-02-04 05:50,2024-02-04 05:50,2,ADMITTED,AMBULANCE,72,M
3465,2024-02-04 01:38,2024-02-04 01:43,2024-02-04 01:43,2024-02-04 03:35,2024-02-04 03:35,2,ADMITTED,AMBULANCE,84,F
3466,2024-02-04 02:20,2024-02-04 02:30,2024-02-04 02:30,2024-02-04 04:39,2024-02-04 04:39,2,ADMITTED,AMBULANCE,34,M
3467,2024-02-04 03:12,2024-02-04 03:18,2024-02-04 03:18,2024-02-04 04:52,2024-02-04 04:52,3,HOME,AMBULANCE,38,F
3468,2024-02-04 03:32,2024-02-04 03:38,2024-02-04 03:38,2024-02-04 08:37,2024-02-04 08:37,4,ADMITTED,WALK IN,28,F
3469,2024-02-04 05:42,2024-02-04 05:47,2024-02-04 05:47,2024-02-04 07:07,2024-02-04 07:07,3,HOME,WALK IN,75,F
3470,2024-02-04 06:06,2024-02-04 06:10,2024-02-04 06:10,2024-02-04 06:51,2024-02-04 06:51,5,HOME,WALK IN,23,F
3471,2024-02-04 06:09,2024-02-04 06:20,2024-02-04 06:21,2024-02-04 06:56,2024-02-04 06:56,4,HOME,WALK IN,43,M
3472,2024-02-04 06:36,2024-02-04 06:55,2024-02-04 06:55,2024-02-04 10:38,2024-02-04 10:38,2,HOME,AMBULANCE,41,M
3473,2024-02-04 06:37,2024-02-04 07:00,2024-02-04 07:00,2024-02-04 08:06,2024-02-04 08:06,3,HOME,AMBULANCE,27,F
3474,2024-02-04 06:40,2024-02-04 07:06,2024-02-04 07:07,2024-02-04 10:06,2024-02-04 10:06,5,HOME,WALK IN,42,M
3475,2024-02-04 07:02,2024-02-04 07:11,2024-02-04 07:34,2024-02-04 10:10,2024-02-04 10:10,3,ADMITTED,AMBULANCE,78,F
3476,2024-02-04 07:05,2024-02-04 07:16,2024-02-04 08:00,2024-02-04 10:44,2024-02-04 10:44,4,ADMITTED,WALK IN,59,M
3477,2024-02-04 07:56,2024-02-04 08:01,2024-02-04 08:01,2024-02-04 10:14,2024-02-04 10:14,3,HOME,AMBULANCE,64,F
3478,2024-02-04 08:02,2024-02-04 08:07,2024-02-04 08:07,2024-02-04 12:06,2024-02-04 12:06,3,HOME,WALK IN,32,F
3479,2024-02-04 08:02,2024-02-04 08:11,2024-02-04 08:11,2024-02-04 10:35,2024-02-04 10:35,2,HOME,WALK IN,51,F
3480,2024-02-04 08:11,2024-02-04 08:14,2024-02-04 08:14,2024-02-04 11:36,2024-02-04 11:36,3,HOME,WALK IN,57,M
3481,2024-02-04 08:17,2024-02-04 08:27,,,2024-02-04 10:18,5,LEFT WITHOUT BEING SEEN,WALK IN,53,F
3482,2024-02-04 08:20,2024-02-04 08:31,2024-02-04 08:31,2024-02-04 12:03,2024-02-04 12:03,1,ADMITTED,AMBULANCE,41,F
3483,2024-02-04 08:29,2024-02-04 08:46,,,2024-02-04 09:34,5,LEFT WITHOUT BEING SEEN,WALK IN,43,M
3484,2024-02-04 08:39,2024-02-04 08:49,2024-02-04 11:05,2024-02-04 12:39,2024-02-04 12:39,3,ADMITTED,AMBULANCE,29,M
3485,2024-02-04 08:39,2024-02-04 08:58,2024-02-04 11:11,2024-02-04 13:22,2024-02-04 13:22,3,HOME,AMBULANCE,25,F
3486,2024-02-04 08:41,2024-02-04 09:05,2024-02-04 11:47,2024-02-04 14:50,2024-02-04 14:50,4,HOME,WALK IN,30,F
3487,2024-02-04 08:43,2024-02-04 09:10,,,2024-02-04 09:54,2,LEFT WITHOUT BEING SEEN,WALK IN,27,F
3488,2024-02-04 09:18,2024-02-04 09:21,2024-02-04 11:34,2024-02-04 13:35,2024-02-04 13:35,3,ADMITTED,AMBULANCE,58,M
3489,2024-02-04 09:40,2024-02-04 09:42,,,2024-02-04 11:05,3,LEFT WITHOUT BEING SEEN,WALK IN,59,M
3490,2024-02-04 09:41,2024-02-04 09:45,2024-02-04 11:36,2024-02-04 12:42,2024-02-04 12:42,3,ADMITTED,WALK IN,29,F
3491,2024-02-04 09:43,2024-02-04 10:02,2024-02-04 10:15,2024-02-04 14:46,2024-02-04 14:46,2,HOME,WALK IN,47,M
3492,2024-02-04 09:51,2024-02-04 10:06,2024-02-04 11:42,2024-02-04 13:05,2024-02-04 13:05,3,ADMITTED,AMBULANCE,41,M
3493,2024-02-04 10:01,2024-02-04 10:06,2024-02-04 10:40,2024-02-04 14:14,2024-02-04 14:14,2,HOME,WALK IN,58,M
3494,2024-02-04 10:04,2024-02-04 10:13,2024-02-04 13:02,2024-02-04 14:40,2024-02-04 14:40,3,HOME,WALK IN,52,M
3495,2024-02-04 10:07,2024-02-04 10:16,,,2024-02-04 10:50,4,LEFT WITHOUT BEING SEEN,WALK IN,75,M
3496,2024-02-04 10:11,2024-02-04 10:19,,,2024-02-04 11:39,5,LEFT WITHOUT BEING SEEN,WALK IN,35,M
3497,2024-02-04 10:16,2024-02-04 10:25,2024-02-04 12:42,2024-02-04 16:36,2024-02-04 16:36,3,ADMITTED,WALK IN,35,F
3498,2024-02-04 10:19,2024-02-04 10:27,2024-02-04 13:05,2024-02-04 16:42,2024-02-04 16:42,3,HOME,WALK IN,46,M
3499,2024-02-04 10:26,2024-02-04 10:29,2024-02-04 11:16,2024-02-04 16:40,2024-02-04 16:40,3,HOME,AMBULANCE,37,M
3500,2024-02-04 10:30,2024-02-04 10:34,,,2024-02-04 13:17,3,LEFT WITHOUT BEING SEEN,WALK IN,64,M
3501,2024-02-04 10:34,2024-02-04 10:37,2024-02-04 10:44,2024-02-04 14:59,2024-02-04 14:59,2,ADMITTED,WALK IN,73,M
3502,2024-02-04 10:42,2024-02-04 10:45,,,2024-02-04 13:56,4,LEFT WITHOUT BEING SEEN,WALK IN,68,M
3503,2024-02-04 11:36,2024-02-04 11:43,2024-02-04 12:06,2024-02-04 13:01,2024-02-04 13:01,2,HOME,AMBULANCE,43,F
3504,2024-02-04 11:40,2024-02-04 11:45,2024-02-04 13:22,2024-02-04 14:56,2024-02-04 14:56,3,ADMITTED,WALK IN,52,F
3505,2024-02-04 11:46,2024-02-04 11:56,2024-02-04 13:30,2024-02-04 16:31,2024-02-04 16:31,3,HOME,WALK IN,27,F
3506,2024-02-04 11:46,2024-02-04 11:49,2024-02-04 12:12,2024-02-04 14:35,2024-02-04 14:35,2,ADMITTED,AMBULANCE,29,M
3507,2024-02-04 11:51,2024-02-04 11:56,2024-02-04 12:50,2024-02-04 16:42,2024-02-04 16:42,2,ADMITTED,WALK IN,49,M
3508,2024-02-04 12:09,2024-02-04 12:17,2024-02-04 13:37,2024-02-04 14:47,2024-02-04 14:47,3,HOME,WALK IN,58,M
3509,2024-02-04 12:16,2024-02-04 12:19,2024-02-04 13:40,2024-02-04 17:21,2024-02-04 17:21,3,HOME,WALK IN,40,M
3510,2024-02-04 12:25,2024-02-04 12:32,2024-02-04 12:51,2024-02-04 15:03,2024-02-04 15:03,2,HOME,AMBULANCE,72,M
3511,2024-02-04 12:33,2024-02-04 12:39,,,2024-02-04 13:46,4,LEFT WITHOUT BEING SEEN,WALK IN,27,M
3512,2024-02-04 12:34,2024-02-04 12:46,,,2024-02-04 13:53,4,LEFT WITHOUT BEING SEEN,WALK IN,48,M
3513,2024-02-04 12:41,2024-02-04 12:51,2024-02-04 14:14,2024-02-04 16:39,2024-02-04 16:39,3,HOME,WALK IN,50,M
3514,2024-02-04 12:41,2024-02-04 12:55,2024-02-04 15:03,2024-02-04 17:08,2024-02-04 17:08,3,HOME,WALK IN,26,F
3515,2024-02-04 13:07,2024-02-04 13:14,,,2024-02-04 14:22,4,LEFT WITHOUT BEING SEEN,WALK IN,46,M
3516,2024-02-04 13:24,2024-02-04 13:26,,,2024-02-04 14:13,4,LEFT WITHOUT BEING SEEN,WALK IN,62,M
3517,2024-02-04 13:24,2024-02-04 13:31,2024-02-04 13:35,2024-02-04 15:04,2024-02-04 15:04,2,HOME,WALK IN,55,F
3518,2024-02-04 13:25,2024-02-04 13:32,2024-02-04 15:40,2024-02-04 17:54,2024-02-04 17:54,4,HOME,AMBULANCE,36,M
3519,2024-02-04 13:29,2024-02-04 13:41,2024-02-04 14:04,2024-02-04 19:01,2024-02-04 19:01,2,HOME,AMBULANCE,38,M
3520,2024-02-04 13:29,2024-02-04 13:36,2024-02-04 15:43,2024-02-04 17:09,2024-02-04 17:09,4,HOME,WALK IN,35,M
3521,2024-02-04 13:31,2024-02-04 13:41,2024-02-04 15:00,2024-02-04 19:00,2024-02-04 19:00,3,HOME,WALK IN,55,F
3522,2024-02-04 13:31,2024-02-04 13:47,2024-02-04 15:04,2024-02-04 16:40,2024-02-04 16:40,3,HOME,WALK IN,49,F
3523,2024-02-04 14:46,2024-02-04 14:52,2024-02-04 15:04,2024-02-04 17:18,2024-02-04 17:18,3,HOME,WALK IN,46,M
3524,2024-02-04 14:50,2024-02-04 14:52,2024-02-04 16:42,2024-02-04 18:10,2024-02-04 18:10,4,ADMITTED,WALK IN,64,M
3525,2024-02-04 14:53,2024-02-04 15:03,2024-02-04 15:29,2024-02-04 19:27,2024-02-04 19:27,3,HOME,AMBULANCE,39,M
3526,2024-02-04 15:02,2024-02-04 15:06,2024-02-04 16:51,2024-02-04 17:26,2024-02-04 17:26,4,HOME,WALK IN,28,F
3527,2024-02-04 15:05,2024-02-04 15:08,2024-02-04 17:25,2024-02-04 17:42,2024-02-04 17:42,5,HOME,WALK IN,48,M
3528,2024-02-04 15:08,2024-02-04 15:11,2024-02-04 16:42,2024-02-04 18:59,2024-02-04 18:59,3,ADMITTED,WALK IN,39,F
3529,2024-02-04 15:12,2024-02-04 15:17,,,2024-02-04 17:17,4,LEFT WITHOUT BEING SEEN,WALK IN,35,M
3530,2024-02-04 15:24,2024-02-04 15:28,,,2024-02-04 17:14,4,LEFT WITHOUT BEING SEEN,WALK IN,46,F
3531,2024-02-04 15:26,2024-02-04 15:30,2024-02-04 17:18,2024-02-04 18:25,2024-02-04 18:25,4,HOME,WALK IN,40,F
3532,2024-02-04 15:47,2024-02-04 15:51,2024-02-04 16:31,2024-02-04 18:55,2024-02-04 18:55,1,ADMITTED,WALK IN,50,F
3533,2024-02-04 15:47,2024-02-04 15:55,2024-02-04 16:40,2024-02-04 17:56,2024-02-04 17:56,2,ADMITTED,AMBULANCE,48,M
3534,2024-02-04 16:00,2024-02-04 16:06,,,2024-02-04 17:06,4,LEFT WITHOUT BEING SEEN,WALK IN,37,M
3535,2024-02-04 16:31,2024-02-04 16:36,2024-02-04 16:42,2024-02-04 18:30,2024-02-04 18:30,3,HOME,WALK IN,48,M
3536,2024-02-04 16:33,2024-02-04 16:36,2024-02-04 17:23,2024-02-04 19:12,2024-02-04 19:12,4,HOME,AMBULANCE,63,F
3537,2024-02-04 16:37,2024-02-04 16:44,2024-02-04 17:08,2024-02-04 20:05,2024-02-04 20:05,3,ADMITTED,AMBULANCE,75,M
3538,2024-02-04 16:38,2024-02-04 16:48,2024-02-04 17:26,2024-02-04 18:54,2024-02-04 18:54,5,HOME,WALK IN,50,M
3539,2024-02-04 17:00,2024-02-04 17:04,2024-02-04 17:09,2024-02-04 18:22,2024-02-04 18:22,3,HOME,WALK IN,51,F
3540,2024-02-04 17:17,2024-02-04 17:18,2024-02-04 17:21,2024-02-04 19:05,2024-02-04 19:05,3,HOME,WALK IN,55,F
3541,2024-02-04 17:24,2024-02-04 17:29,2024-02-04 17:30,2024-02-04 18:03,2024-02-04 18:03,5,ADMITTED,WALK IN,31,F
3542,2024-02-04 17:29,2024-02-04 17:41,2024-02-04 17:42,2024-02-04 20:53,2024-02-04 20:53,3,ADMITTED,WALK IN,57,M
3543,2024-02-04 17:31,2024-02-04 17:33,2024-02-04 17:33,2024-02-04 18:14,2024-02-04 18:14,4,HOME,WALK IN,27,F
3544,2024-02-04 17:45,2024-02-04 17:49,2024-02-04 17:56,2024-02-04 20:34,2024-02-04 20:34,3,HOME,AMBULANCE,32,M
3545,2024-02-04 17:46,2024-02-04 17:51,2024-02-04 17:54,2024-02-04 20:31,2024-02-04 20:31,2,HOME,AMBULANCE,39,F
3546,2024-02-04 17:55,2024-02-04 18:00,2024-02-04 18:03,2024-02-04 21:50,2024-02-04 21:50,1,HOME,WALK IN,59,M
3547,2024-02-04 18:02,2024-02-04 18:07,2024-02-04 18:22,2024-02-04 19:04,2024-02-04 19:04,4,HOME,AMBULANCE,47,F
3548,2024-02-04 18:05,2024-02-04 18:12,2024-02-04 18:30,2024-02-04 19:08,2024-02-04 19:08,4,HOME,WALK IN,45,F
3549,2024-02-04 18:14,2024-02-04 18:19,2024-02-04 18:33,2024-02-04 23:21,2024-02-04 23:21,4,HOME,WALK IN,69,M
3550,2024-02-04 18:15,2024-02-04 18:17,2024-02-04 18:22,2024-02-04 20:44,2024-02-04 20:44,2,ADMITTED,AMBULANCE,76,F
3551,2024-02-04 18:29,2024-02-04 18:33,2024-02-04 19:05,2024-02-04 22:30,2024-02-04 22:30,2,HOME,AMBULANCE,44,M
3552,2024-02-04 18:36,2024-02-04 18:39,2024-02-04 19:27,2024-02-04 20:12,2024-02-04 20:12,4,HOME,WALK IN,46,M
3553,2024-02-04 18:39,2024-02-04 18:43,2024-02-04 19:12,2024-02-04 21:13,2024-02-04 21:13,3,HOME,WALK IN,25,M
3554,2024-02-04 18:39,2024-02-04 18:47,2024-02-04 19:29,2024-02-04 20:29,2024-02-04 20:29,4,HOME,WALK IN,50,M
3555,2024-02-04 18:53,2024-02-04 19:07,2024-02-04 19:08,2024-02-04 21:28,2024-02-04 21:28,2,HOME,WALK IN,61,M
3556,2024-02-04 18:54,2024-02-04 18:59,2024-02-04 19:37,2024-02-04 20:49,2024-02-04 20:49,4,HOME,WALK IN,78,M
3557,2024-02-04 19:04,2024-02-04 19:11,2024-02-04 19:21,2024-02-04 21:39,2024-02-04 21:39,3,HOME,AMBULANCE,57,M
3558,2024-02-04 19:12,2024-02-04 19:22,2024-02-04 20:00,2024-02-04 21:34,2024-02-04 21:34,5,HOME,WALK IN,29,M
3559,2024-02-04 19:35,2024-02-04 19:38,2024-02-04 19:42,2024-02-04 20:56,2024-02-04 20:56,4,HOME,WALK IN,42,F
3560,2024-02-04 19:55,2024-02-04 19:59,2024-02-04 20:00,2024-02-04 22:02,2024-02-04 22:02,3,ADMITTED,WALK IN,49,M
3561,2024-02-04 19:56,2024-02-04 20:05,2024-02-04 20:06,2024-02-04 22:48,2024-02-04 22:48,3,ADMITTED,WALK IN,45,F
3562,2024-02-04 20:01,2024-02-04 20:07,2024-02-04 20:12,2024-02-04 23:05,2024-02-04 23:05,3,HOME,AMBULANCE,50,M
3563,2024-02-04 20:22,2024-02-04 20:27,2024-02-04 20:31,2024-02-04 23:10,2024-02-04 23:10,2,ADMITTED,AMBULANCE,74,F
3564,2024-02-04 20:23,2024-02-04 20:31,2024-02-04 20:32,2024-02-04 21:08,2024-02-04 21:08,4,HOME,WALK IN,73,M
3565,2024-02-04 20:38,2024-02-04 20:44,2024-02-04 20:44,2024-02-04 22:35,2024-02-04 22:35,3,ADMITTED,WALK IN,45,M
3566,2024-02-04 20:48,2024-02-04 20:55,2024-02-04 20:56,2024-02-04 23:08,2024-02-04 23:08,3,HOME,WALK IN,59,F
3567,2024-02-04 20:49,2024-02-04 20:58,2024-02-04 21:13,2024-02-04 22:42,2024-02-04 22:42,3,ADMITTED,WALK IN,59,M
3568,2024-02-04 20:51,2024-02-04 20:59,2024-02-04 21:10,2024-02-04 22:50,2024-02-04 22:50,2,ADMITTED,WALK IN,24,F
3569,2024-02-04 20:51,2024-02-04 21:05,2024-02-04 23:05,2024-02-04 23:44,2024-02-04 23:44,4,HOME,WALK IN,44,F
3570,2024-02-04 20:54,2024-02-04 21:03,2024-02-04 22:02,2024-02-05 01:51,2024-02-05 01:51,3,HOME,WALK IN,59,F
3571,2024-02-04 21:12,2024-02-04 21:17,2024-02-04 21:50,2024-02-05 00:44,2024-02-05 00:44,2,ADMITTED,WALK IN,89,M
3572,2024-02-04 21:52,2024-02-04 21:55,2024-02-04 22:30,2024-02-05 01:54,2024-02-05 01:54,3,ADMITTED,WALK IN,49,M
3573,2024-02-04 21:55,2024-02-04 21:59,2024-02-04 22:35,2024-02-05 03:30,2024-02-05 03:30,3,ADMITTED,WALK IN,66,F
3574,2024-02-04 21:56,2024-02-04 22:00,2024-02-04 22:50,2024-02-04 23:46,2024-02-04 23:46,3,HOME,WALK IN,48,M
3575,2024-02-04 22:00,2024-02-04 22:04,2024-02-04 22:15,2024-02-04 23:52,2024-02-04 23:52,2,ADMITTED,WALK IN,76,M
3576,2024-02-04 22:41,2024-02-04 22:48,2024-02-04 23:10,2024-02-05 01:06,2024-02-05 01:06,4,HOME,WALK IN,57,M
3577,2024-02-04 23:43,2024-02-04 23:48,2024-02-04 23:48,2024-02-05 02:27,2024-02-05 02:27,4,HOME,WALK IN,66,M
3578,2024-02-04 23:45,2024-02-04 23:53,2024-02-04 23:53,2024-02-05 01:04,2024-02-05 01:04,3,ADMITTED,WALK IN,51,M
3579,2024-02-04 23:45,2024-02-04 23:58,2024-02-04 23:58,2024-02-05 01:52,2024-02-05 01:52,4,HOME,WALK IN,25,F
3580,2024-02-04 23:56,2024-02-05 00:03,2024-02-05 00:44,2024-02-05 04:06,2024-02-05 04:06,2,ADMITTED,AMBULANCE,84,F
3581,2024-02-04 23:57,2024-02-05 00:05,2024-02-05 01:09,2024-02-05 04:28,2024-02-05 04:28,4,HOME,WALK IN,38,M
3582,2024-02-05 00:46,2024-02-05 00:50,2024-02-05 01:06,2024-02-05 03:45,2024-02-05 03:45,3,HOME,WALK IN,60,M
3583,2024-02-05 01:06,2024-02-05 01:15,2024-02-05 01:52,2024-02-05 03:01,2024-02-05 03:01,2,HOME,WALK IN,62,M
3584,2024-02-05 01:36,2024-02-05 01:43,2024-02-05 01:54,2024-02-05 04:23,2024-02-05 04:23,3,HOME,WALK IN,69,M
3585,2024-02-05 01:43,2024-02-05 01:46,2024-02-05 01:58,2024-02-05 03:50,2024-02-05 03:50,3,HOME,AMBULANCE,33,M
3586,2024-02-05 02:16,2024-02-05 02:23,2024-02-05 02:23,2024-02-05 05:39,2024-02-05 05:39,1,ADMITTED,WALK IN,51,F
3587,2024-02-05 02:30,2024-02-05 02:33,2024-02-05 02:33,2024-02-05 04:22,2024-02-05 04:22,3,HOME,WALK IN,63,M
3588,2024-02-05 04:23,2024-02-05 04:32,2024-02-05 04:32,2024-02-05 08:23,2024-02-05 08:23,1,ADMITTED,AMBULANCE,88,F
3589,2024-02-05 04:32,2024-02-05 04:37,2024-02-05 04:37,2024-02-05 06:54,2024-02-05 06:54,3,HOME,WALK IN,83,F
3590,2024-02-05 05:08,2024-02-05 05:18,2024-02-05 05:29,2024-02-05 05:34,2024-02-05 05:34,4,HOME,WALK IN,44,M
3591,2024-02-05 05:32,2024-02-05 05:37,2024-02-05 05:39,2024-02-05 06:04,2024-02-05 06:04,4,HOME,WALK IN,71,F
3592,2024-02-05 06:14,2024-02-05 06:20,2024-02-05 06:20,2024-02-05 11:24,2024-02-05 11:24,2,ADMITTED,WALK IN,51,M
3593,2024-02-05 06:40,2024-02-05 06:48,2024-02-05 06:54,2024-02-05 08:03,2024-02-05 08:03,3,HOME,WALK IN,48,M
3594,2024-02-05 07:21,2024-02-05 07:37,2024-02-05 07:37,2024-02-05 16:21,2024-02-05 16:21,2,ADMITTED,WALK IN,45,M
3595,2024-02-05 07:22,2024-02-05 07:42,2024-02-05 08:00,2024-02-05 09:28,2024-02-05 09:28,2,HOME,WALK IN,34,F
3596,2024-02-05 07:27,2024-02-05 07:49,2024-02-05 08:00,2024-02-05 09:53,2024-02-05 09:53,3,HOME,WALK IN,88,F
3597,2024-02-05 07:32,2024-02-05 08:00,2024-02-05 08:03,2024-02-05 12:52,2024-02-05 12:52,2,ADMITTED,WALK IN,63,F
3598,2024-02-05 07:33,2024-02-05 08:05,2024-02-05 08:05,2024-02-05 09:13,2024-02-05 09:13,2,HOME,WALK IN,53,M
3599,2024-02-05 07:39,2024-02-05 08:10,2024-02-05 08:10,2024-02-05 09:10,2024-02-05 09:10,3,HOME,WALK IN,37,M
3600,2024-02-05 08:24,2024-02-05 08:33,2024-02-05 08:33,2024-02-05 13:04,2024-02-05 13:04,1,HOME,AMBULANCE,43,F
3601,2024-02-05 08:28,2024-02-05 08:41,2024-02-05 09:10,2024-02-05 12:08,2024-02-05 12:08,3,HOME,WALK IN,46,F
3602,2024-02-05 08:28,2024-02-05 08:45,2024-02-05 09:34,2024-02-05 12:03,2024-02-05 12:03,5,HOME,AMBULANCE,51,F
3603,2024-02-05 08:32,2024-02-05 08:48,2024-02-05 09:13,2024-02-05 09:50,2024-02-05 09:50,3,HOME,WALK IN,22,M
3604,2024-02-05 08:42,2024-02-05 08:51,2024-02-05 09:28,2024-02-05 12:07,2024-02-05 12:07,3,ADMITTED,WALK IN,66,M
3605,2024-02-05 09:05,2024-02-05 09:10,2024-02-05 09:30,2024-02-05 10:01,2024-02-05 10:01,4,HOME,WALK IN,44,F
3606,2024-02-05 09:12,2024-02-05 09:17,2024-02-05 09:54,2024-02-05 10:17,2024-02-05 10:17,5,HOME,WALK IN,31,M
3607,2024-02-05 09:42,2024-02-05 09:48,2024-02-05 09:53,2024-02-05 11:21,2024-02-05 11:21,3,HOME,WALK IN,72,F
3608,2024-02-05 09:47,2024-02-05 09:55,2024-02-05 10:01,2024-02-05 14:38,2024-02-05 14:38,3,ADMITTED,WALK IN,35,F
3609,2024-02-05 10:05,2024-02-05 10:09,2024-02-05 10:29,2024-02-05 11:28,2024-02-05 11:28,4,ADMITTED,WALK IN,39,M
3610,2024-02-05 10:09,2024-02-05 10:14,2024-02-05 10:17,2024-02-05 14:19,2024-02-05 14:19,3,HOME,AMBULANCE,34,F
3611,2024-02-05 10:18,2024-02-05 10:28,2024-02-05 10:28,2024-02-05 12:48,2024-02-05 12:48,3,HOME,WALK IN,26,M
3612,2024-02-05 10:23,2024-02-05 10:31,2024-02-05 10:35,2024-02-05 11:52,2024-02-05 11:52,3,HOME,AMBULANCE,39,M
3613,2024-02-05 10:24,2024-02-05 10:36,2024-02-05 10:51,2024-02-05 11:59,2024-02-05 11:59,2,ADMITTED,AMBULANCE,64,F
3614,2024-02-05 10:27,2024-02-05 10:36,2024-02-05 11:28,2024-02-05 16:07,2024-02-05 16:07,3,ADMITTED,WALK IN,48,F
3615,2024-02-05 10:30,2024-02-05 10:37,2024-02-05 10:53,2024-02-05 13:37,2024-02-05 13:37,2,ADMITTED,AMBULANCE,48,M
3616,2024-02-05 10:32,2024-02-05 10:40,2024-02-05 13:13,2024-02-05 15:21,2024-02-05 15:21,4,HOME,AMBULANCE,64,M
3617,2024-02-05 10:33,2024-02-05 10:43,2024-02-05 13:25,2024-02-05 14:15,2024-02-05 14:15,5,HOME,WALK IN,34,M
3618,2024-02-05 10:46,2024-02-05 10:52,2024-02-05 12:08,2024-02-05 15:59,2024-02-05 15:59,3,ADMITTED,WALK IN,46,F
3619,2024-02-05 10:55,2024-02-05 10:59,2024-02-05 11:21,2024-02-05 16:23,2024-02-05 16:23,1,ADMITTED,AMBULANCE,64,F
3620,2024-02-05 11:01,2024-02-05 11:06,2024-02-05 12:54,2024-02-05 17:53,2024-02-05 17:53,3,HOME,AMBULANCE,29,F
3621,2024-02-05 11:22,2024-02-05 11:27,2024-02-05 13:16,2024-02-05 13:36,2024-02-05 13:36,4,HOME,WALK IN,22,F
3622,2024-02-05 11:34,2024-02-05 11:40,2024-02-05 12:07,2024-02-05 14:40,2024-02-05 14:40,2,ADMITTED,WALK IN,70,M
3623,2024-02-05 11:56,2024-02-05 12:03,2024-02-05 12:08,2024-02-05 14:13,2024-02-05 14:13,2,HOME,WALK IN,50,M
3624,2024-02-05 12:01,2024-02-05 12:05,2024-02-05 13:30,2024-02-05 16:10,2024-02-05 16:10,5,HOME,WALK IN,47,M
3625,2024-02-05 12:28,2024-02-05 12:34,2024-02-05 12:52,2024-02-05 15:44,2024-02-05 15:44,2,ADMITTED,WALK IN,28,M
3626,2024-02-05 12:31,2024-02-05 12:39,2024-02-05 13:17,2024-02-05 13:42,2024-02-05 13:42,4,HOME,WALK IN,76,F
3627,2024-02-05 12:34,2024-02-05 12:43,2024-02-05 13:04,2024-02-05 18:13,2024-02-05 18:13,3,ADMITTED,WALK IN,59,M
3628,2024-02-05 12:49,2024-02-05 12:54,2024-02-05 13:54,2024-02-05 14:36,2024-02-05 14:36,5,HOME,WALK IN,24,F
3629,2024-02-05 12:57,2024-02-05 13:05,2024-02-05 14:44,2024-02-05 15:19,2024-02-05 15:19,5,HOME,WALK IN,57,F
3630,2024-02-05 13:03,2024-02-05 13:06,2024-02-05 13:49,2024-02-05 14:44,2024-02-05 14:44,4,HOME,WALK IN,29,F
3631,2024-02-05 13:05,2024-02-05 13:14,2024-02-05 13:37,2024-02-05 15:26,2024-02-05 15:26,3,HOME,WALK IN,70,M
3632,2024-02-05 13:13,2024-02-05 13:16,2024-02-05 14:46,2024-02-05 15:27,2024-02-05 15:27,5,HOME,WALK IN,51,M
3633,2024-02-05 13:14,2024-02-05 13:18,2024-02-05 13:42,2024-02-05 15:01,2024-02-05 15:01,3,HOME,WALK IN,52,F
3634,2024-02-05 13:54,2024-02-05 14:04,2024-02-05 14:15,2024-02-05 16:24,2024-02-05 16:24,3,HOME,WALK IN,51,F
3635,2024-02-05 13:55,2024-02-05 14:01,2024-02-05 14:41,2024-02-05 15:57,2024-02-05 15:57,4,HOME,WALK IN,36,F
3636,2024-02-05 14:01,2024-02-05 14:12,2024-02-05 14:19,2024-02-05 20:37,2024-02-05 20:37,3,HOME,WALK IN,50,M
3637,2024-02-05 14:21,2024-02-05 14:26,2024-02-05 14:39,2024-02-05 17:03,2024-02-05 17:03,3,HOME,WALK IN,53,F
3638,2024-02-05 14:33,2024-02-05 14:37,2024-02-05 14:40,2024-02-05 16:16,2024-02-05 16:16,3,HOME,WALK IN,54,F
3639,2024-02-05 14:45,2024-02-05 14:49,2024-02-05 15:19,2024-02-05 17:46,2024-02-05 17:46,3,HOME,WALK IN,36,F
3640,2024-02-05 14:51,2024-02-05 14:55,2024-02-05 15:01,2024-02-05 18:28,2024-02-05 18:28,1,HOME,AMBULANCE,39,M
3641,2024-02-05 14:57,2024-02-05 15:01,2024-02-05 15:28,2024-02-05 16:38,2024-02-05 16:38,4,HOME,WALK IN,27,F
3642,2024-02-05 15:05,2024-02-05 15:20,2024-02-05 15:26,2024-02-05 17:18,2024-02-05 17:18,2,HOME,WALK IN,29,M
3643,2024-02-05 15:06,2024-02-05 15:11,2024-02-05 16:07,2024-02-05 16:25,2024-02-05 16:25,4,HOME,AMBULANCE,39,M
3644,2024-02-05 15:09,2024-02-05 15:20,2024-02-05 16:10,2024-02-05 16:32,2024-02-05 16:32,5,HOME,WALK IN,80,M
3645,2024-02-05 15:21,2024-02-05 15:26,2024-02-05 15:27,2024-02-05 19:25,2024-02-05 19:25,3,ADMITTED,AMBULANCE,60,F
3646,2024-02-05 15:23,2024-02-05 15:28,2024-02-05 15:53,2024-02-05 20:57,2024-02-05 20:57,3,HOME,AMBULANCE,35,M
3647,2024-02-05 15:40,2024-02-05 15:48,2024-02-05 15:57,2024-02-05 16:46,2024-02-05 16:46,2,ADMITTED,WALK IN,25,F
3648,2024-02-05 15:45,2024-02-05 15:54,2024-02-05 15:59,2024-02-05 17:54,2024-02-05 17:54,2,HOME,AMBULANCE,39,F
3649,2024-02-05 16:01,2024-02-05 16:06,2024-02-05 16:24,2024-02-05 18:32,2024-02-05 18:32,5,HOME,WALK IN,53,F
3650,2024-02-05 16:12,2024-02-05 16:20,2024-02-05 16:23,2024-02-05 18:56,2024-02-05 18:56,3,HOME,WALK IN,37,F
3651,2024-02-05 16:27,2024-02-05 16:29,2024-02-05 16:29,2024-02-05 19:47,2024-02-05 19:47,3,ADMITTED,WALK IN,53,F
3652,2024-02-05 16:31,2024-02-05 16:37,2024-02-05 16:37,2024-02-05 16:55,2024-02-05 16:55,4,ADMITTED,WALK IN,21,F
3653,2024-02-05 16:32,2024-02-05 16:42,2024-02-05 16:42,2024-02-05 19:30,2024-02-05 19:30,3,HOME,AMBULANCE,70,M
3654,2024-02-05 16:33,2024-02-05 16:40,2024-02-05 16:40,2024-02-05 20:37,2024-02-05 20:37,2,ADMITTED,WALK IN,46,M
3655,2024-02-05 16:34,2024-02-05 16:43,2024-02-05 16:46,2024-02-05 18:26,2024-02-05 18:26,3,ADMITTED,WALK IN,76,F
3656,2024-02-05 16:48,2024-02-05 16:53,2024-02-05 16:55,2024-02-05 19:36,2024-02-05 19:36,2,ADMITTED,WALK IN,25,F
3657,2024-02-05 16:55,2024-02-05 17:03,2024-02-05 17:03,2024-02-05 18:15,2024-02-05 18:15,3,ADMITTED,AMBULANCE,48,M
3658,2024-02-05 16:58,2024-02-05 17:03,2024-02-05 17:12,2024-02-05 18:34,2024-02-05 18:34,5,HOME,WALK IN,68,F
3659,2024-02-05 17:01,2024-02-05 17:07,2024-02-05 17:18,2024-02-05 20:15,2024-02-05 20:15,2,ADMITTED,WALK IN,57,M
3660,2024-02-05 17:06,2024-02-05 17:15,2024-02-05 17:46,2024-02-05 21:47,2024-02-05 21:47,2,HOME,AMBULANCE,56,M
3661,2024-02-05 17:19,2024-02-05 17:29,2024-02-05 18:56,2024-02-05 22:20,2024-02-05 22:20,3,ADMITTED,AMBULANCE,78,F
3662,2024-02-05 17:20,2024-02-05 17:26,2024-02-05 18:54,2024-02-05 20:57,2024-02-05 20:57,3,ADMITTED,WALK IN,60,F
3663,2024-02-05 17:21,2024-02-05 17:34,,,2024-02-05 19:20,5,LEFT WITHOUT BEING SEEN,WALK IN,34,F
3664,2024-02-05 17:30,2024-02-05 17:33,2024-02-05 17:53,2024-02-05 21:22,2024-02-05 21:22,2,HOME,WALK IN,23,M
3665,2024-02-05 17:45,2024-02-05 17:52,2024-02-05 17:54,2024-02-05 18:56,2024-02-05 18:56,2,HOME,AMBULANCE,43,M
3666,2024-02-05 17:56,2024-02-05 18:02,2024-02-05 18:56,2024-02-05 23:08,2024-02-05 23:08,3,HOME,WALK IN,43,F
3667,2024-02-05 18:00,2024-02-05 18:06,2024-02-05 19:47,2024-02-05 20:50,2024-02-05 20:50,3,HOME,WALK IN,40,F
3668,2024-02-05 18:03,2024-02-05 18:09,2024-02-05 18:34,2024-02-05 23:05,2024-02-05 23:05,2,HOME,AMBULANCE,58,F
3669,2024-02-05 18:12,2024-02-05 18:22,,,2024-02-05 20:46,5,LEFT WITHOUT BEING SEEN,WALK IN,65,M
3670,2024-02-05 18:15,2024-02-05 18:17,,,2024-02-05 19:36,5,LEFT WITHOUT BEING SEEN,WALK IN,28,M
3671,2024-02-05 18:21,2024-02-05 18:24,2024-02-05 20:00,2024-02-05 21:51,2024-02-05 21:51,3,HOME,AMBULANCE,79,M
3672,2024-02-05 18:29,2024-02-05 18:39,,,2024-02-05 19:40,5,LEFT WITHOUT BEING SEEN,WALK IN,37,M
3673,2024-02-05 18:33,2024-02-05 18:41,2024-02-05 20:00,2024-02-05 20:32,2024-02-05 20:32,4,HOME,WALK IN,38,F
3674,2024-02-05 18:41,2024-02-05 18:45,2024-02-05 20:00,2024-02-05 20:53,2024-02-05 20:53,4,HOME,WALK IN,45,F
3675,2024-02-05 18:44,2024-02-05 18:51,2024-02-05 21:31,2024-02-05 22:15,2024-02-05 22:15,4,HOME,WALK IN,69,F
3676,2024-02-05 18:54,2024-02-05 18:58,2024-02-05 19:31,2024-02-05 20:54,2024-02-05 20:54,2,HOME,WALK IN,69,F
3677,2024-02-05 19:01,2024-02-05 19:04,2024-02-05 19:36,2024-02-05 22:17,2024-02-05 22:17,2,ADMITTED,WALK IN,56,F
3678,2024-02-05 19:08,2024-02-05 19:15,2024-02-05 19:25,2024-02-05 21:28,2024-02-05 21:28,1,ADMITTED,WALK IN,72,M
3679,2024-02-05 19:16,2024-02-05 19:21,2024-02-05 20:35,2024-02-05 22:23,2024-02-05 22:23,3,HOME,WALK IN,24,M
3680,2024-02-05 19:34,2024-02-05 19:39,2024-02-05 19:47,2024-02-05 23:11,2024-02-05 23:11,1,ADMITTED,AMBULANCE,30,F
3681,2024-02-05 19:40,2024-02-05 19:44,2024-02-05 20:37,2024-02-06 01:21,2024-02-06 01:21,3,HOME,WALK IN,45,F
3682,2024-02-05 20:07,2024-02-05 20:11,2024-02-05 20:15,2024-02-05 22:52,2024-02-05 22:52,2,HOME,AMBULANCE,74,M
3683,2024-02-05 20:08,2024-02-05 20:13,2024-02-05 22:20,2024-02-05 22:59,2024-02-05 22:59,4,HOME,AMBULANCE,32,F
3684,2024-02-05 20:16,2024-02-05 20:22,2024-02-05 20:37,2024-02-05 22:15,2024-02-05 22:15,3,HOME,WALK IN,66,M
3685,2024-02-05 20:29,2024-02-05 20:40,2024-02-05 22:23,2024-02-05 23:03,2024-02-05 23:03,4,HOME,WALK IN,49,F
3686,2024-02-05 20:39,2024-02-05 20:43,2024-02-05 22:43,2024-02-06 00:53,2024-02-06 00:53,4,HOME,WALK IN,53,F
3687,2024-02-05 20:45,2024-02-05 20:50,2024-02-05 20:57,2024-02-05 22:43,2024-02-05 22:43,3,HOME,WALK IN,83,M
3688,2024-02-05 20:51,2024-02-05 20:55,2024-02-05 20:57,2024-02-05 23:38,2024-02-05 23:38,1,HOME,AMBULANCE,78,F
3689,2024-02-05 21:03,2024-02-05 21:04,,,2024-02-05 22:41,5,LEFT WITHOUT BEING SEEN,WALK IN,73,F
3690,2024-02-05 21:07,2024-02-05 21:12,2024-02-05 21:28,2024-02-06 00:49,2024-02-06 00:49,2,ADMITTED,WALK IN,46,F
3691,2024-02-05 21:21,2024-02-05 21:25,2024-02-05 22:15,2024-02-06 01:11,2024-02-06 01:11,4,HOME,WALK IN,53,M
3692,2024-02-05 21:25,2024-02-05 21:30,2024-02-05 21:47,2024-02-06 00:44,2024-02-06 00:44,3,HOME,WALK IN,64,F
3693,2024-02-05 21:31,2024-02-05 21:40,,,2024-02-05 22:59,4,LEFT WITHOUT BEING SEEN,WALK IN,49,F
3694,2024-02-05 21:37,2024-02-05 21:42,2024-02-05 21:51,2024-02-05 23:03,2024-02-05 23:03,3,HOME,AMBULANCE,53,M
3695,2024-02-05 22:30,2024-02-05 22:37,2024-02-05 22:38,2024-02-06 04:36,2024-02-06 07:38,3,ADMITTED,AMBULANCE,42,F
3696,2024-02-05 22:42,2024-02-05 22:50,2024-02-05 23:11,2024-02-05 23:35,2024-02-05 23:35,5,HOME,WALK IN,55,M
3697,2024-02-05 22:51,2024-02-05 22:56,2024-02-05 23:05,2024-02-05 23:36,2024-02-05 23:36,4,HOME,WALK IN,50,M
3698,2024-02-05 23:03,2024-02-05 23:05,2024-02-05 23:09,2024-02-06 02:59,2024-02-06 02:59,3,ADMITTED,WALK IN,24,F
3699,2024-02-05 23:22,2024-02-05 23:25,2024-02-05 23:25,2024-02-06 02:20,2024-02-06 02:20,3,ADMITTED,WALK IN,40,F
3700,2024-02-05 23:28,2024-02-05 23:32,2024-02-05 23:36,2024-02-06 04:26,2024-02-06 04:26,3,HOME,AMBULANCE,32,F
3701,2024-02-05 23:30,2024-02-05 23:36,2024-02-05 23:38,2024-02-06 07:43,2024-02-06 07:43,2,HOME,AMBULANCE,63,F
3702,2024-02-05 23:39,2024-02-05 23:46,2024-02-05 23:46,2024-02-06 04:18,2024-02-06 04:18,1,HOME,WALK IN,32,F
3703,2024-02-05 23:42,2024-02-05 23:55,2024-02-06 02:41,2024-02-06 08:34,2024-02-06 10:02,3,ADMITTED,WALK IN,73,M
3704,2024-02-05 23:48,2024-02-06 00:00,2024-02-06 01:21,2024-02-06 04:28,2024-02-06 07:34,2,ADMITTED,WALK IN,40,M
3705,2024-02-05 23:59,2024-02-06 00:08,2024-02-06 01:54,2024-02-06 04:48,2024-02-06 04:48,2,HOME,WALK IN,64,M
3706,2024-02-06 00:15,2024-02-06 00:22,,,2024-02-06 02:08,3,LEFT WITHOUT BEING SEEN,WALK IN,73,F
3707,2024-02-06 00:44,2024-02-06 00:49,2024-02-06 02:20,2024-02-06 07:31,2024-02-06 07:31,2,HOME,WALK IN,59,F
3708,2024-02-06 00:44,2024-02-06 00:51,2024-02-06 02:52,2024-02-06 04:41,2024-02-06 04:41,2,HOME,WALK IN,74,M
3709,2024-02-06 01:16,2024-02-06 01:23,,,2024-02-06 02:36,3,LEFT WITHOUT BEING SEEN,WALK IN,61,F
3710,2024-02-06 02:31,2024-02-06 02:35,2024-02-06 04:48,2024-02-06 06:25,2024-02-06 08:57,2,ADMITTED,WALK IN,69,M
3711,2024-02-06 02:40,2024-02-06 02:47,2024-02-06 05:19,2024-02-06 07:21,2024-02-06 07:21,3,HOME,AMBULANCE,34,F
3712,2024-02-06 02:51,2024-02-06 02:58,2024-02-06 04:57,2024-02-06 07:27,2024-02-06 07:27,3,HOME,WALK IN,31,M
3713,2024-02-06 03:37,2024-02-06 03:43,2024-02-06 05:19,2024-02-06 07:11,2024-02-06 07:11,3,HOME,WALK IN,51,M
3714,2024-02-06 03:48,2024-02-06 03:51,2024-02-06 05:43,2024-02-06 07:04,2024-02-06 07:04,4,HOME,WALK IN,18,M
3715,2024-02-06 03:53,2024-02-06 03:57,2024-02-06 05:21,2024-02-06 07:01,2024-02-06 07:01,3,HOME,WALK IN,41,M
3716,2024-02-06 04:13,2024-02-06 04:18,2024-02-06 05:23,2024-02-06 06:39,2024-02-06 09:22,3,ADMITTED,WALK IN,53,M
3717,2024-02-06 04:31,2024-02-06 04:36,2024-02-06 05:14,2024-02-06 07:14,2024-02-06 07:14,2,HOME,AMBULANCE,47,M
3718,2024-02-06 04:58,2024-02-06 05:09,2024-02-06 05:29,2024-02-06 07:36,2024-02-06 07:36,3,HOME,AMBULANCE,59,M
3719,2024-02-06 06:20,2024-02-06 06:25,2024-02-06 06:25,2024-02-06 08:43,2024-02-06 08:43,3,HOME,WALK IN,59,M
3720,2024-02-06 06:31,2024-02-06 06:36,2024-02-06 06:39,2024-02-06 08:30,2024-02-06 08:30,3,HOME,AMBULANCE,32,F
3721,2024-02-06 07:11,2024-02-06 07:14,2024-02-06 07:14,2024-02-06 10:30,2024-02-06 10:52,2,ADMITTED,WALK IN,34,M
3722,2024-02-06 07:20,2024-02-06 07:23,2024-02-06 07:43,2024-02-06 07:54,2024-02-06 07:54,5,HOME,WALK IN,43,M
3723,2024-02-06 08:02,2024-02-06 08:09,2024-02-06 08:09,2024-02-06 12:41,2024-02-06 13:08,2,ADMITTED,WALK IN,72,M
3724,2024-02-06 08:05,2024-02-06 08:15,2024-02-06 08:15,2024-02-06 11:41,2024-02-06 11:41,3,ADMITTED,WALK IN,42,M
3725,2024-02-06 08:06,2024-02-06 08:19,2024-02-06 08:19,2024-02-06 10:27,2024-02-06 10:27,3,ADMITTED,WALK IN,69,M
3726,2024-02-06 08:29,2024-02-06 08:32,2024-02-06 08:32,2024-02-06 12:28,2024-02-06 12:30,2,ADMITTED,WALK IN,30,F
3727,2024-02-06 08:51,2024-02-06 09:01,2024-02-06 09:01,2024-02-06 11:44,2024-02-06 11:44,3,ADMITTED,WALK IN,35,F
3728,2024-02-06 08:54,2024-02-06 09:05,2024-02-06 10:12,2024-02-06 11:47,2024-02-06 11:47,3,HOME,WALK IN,41,F
3729,2024-02-06 09:00,2024-02-06 09:16,,,2024-02-06 10:40,4,LEFT WITHOUT BEING SEEN,WALK IN,18,F
3730,2024-02-06 09:17,2024-02-06 09:23,2024-02-06 09:34,2024-02-06 18:25,2024-02-06 18:25,2,ADMITTED,WALK IN,45,F
3731,2024-02-06 09:21,2024-02-06 09:30,,,2024-02-06 11:35,4,LEFT WITHOUT BEING SEEN,WALK IN,63,M
3732,2024-02-06 09:41,2024-02-06 09:46,2024-02-06 12:14,2024-02-06 14:42,2024-02-06 14:42,4,HOME,WALK IN,54,F
3733,2024-02-06 10:03,2024-02-06 10:11,2024-02-06 10:30,2024-02-06 14:14,2024-02-06 14:14,3,ADMITTED,AMBULANCE,39,M
3734,2024-02-06 10:31,2024-02-06 10:36,2024-02-06 11:46,2024-02-06 14:55,2024-02-06 14:55,2,HOME,WALK IN,69,F
3735,2024-02-06 10:35,2024-02-06 10:40,2024-02-06 12:28,2024-02-06 14:41,2024-02-06 14:41,4,ADMITTED,AMBULANCE,64,M
3736,2024-02-06 10:40,2024-02-06 10:48,2024-02-06 11:47,2024-02-06 14:22,2024-02-06 14:22,2,HOME,AMBULANCE,34,M
3737,2024-02-06 10:50,2024-02-06 10:55,,,2024-02-06 12:23,4,LEFT WITHOUT BEING SEEN,WALK IN,44,F
3738,2024-02-06 11:14,2024-02-06 11:19,2024-02-06 13:12,2024-02-06 15:14,2024-02-06 15:14,4,HOME,WALK IN,56,F
3739,2024-02-06 11:16,2024-02-06 11:32,2024-02-06 12:05,2024-02-06 14:04,2024-02-06 14:04,2,HOME,AMBULANCE,73,M
3740,2024-02-06 11:37,2024-02-06 11:46,2024-02-06 12:08,2024-02-06 12:45,2024-02-06 12:45,3,HOME,WALK IN,38,F
3741,2024-02-06 11:54,2024-02-06 11:58,2024-02-06 11:58,2024-02-06 14:11,2024-02-06 14:11,1,HOME,WALK IN,36,F
3742,2024-02-06 11:56,2024-02-06 12:00,2024-02-06 12:08,2024-02-06 13:56,2024-02-06 13:56,3,HOME,WALK IN,44,F
3743,2024-02-06 12:03,2024-02-06 12:09,2024-02-06 12:10,2024-02-06 14:18,2024-02-06 14:18,3,ADMITTED,WALK IN,73,M
3744,2024-02-06 12:29,2024-02-06 12:32,2024-02-06 12:41,2024-02-06 14:09,2024-02-06 14:09,3,HOME,WALK IN,60,M
3745,2024-02-06 12:40,2024-02-06 12:43,2024-02-06 12:45,2024-02-06 15:14,2024-02-06 15:14,3,HOME,AMBULANCE,44,F
3746,2024-02-06 12:54,2024-02-06 12:57,2024-02-06 13:10,2024-02-06 14:48,2024-02-06 14:48,3,ADMITTED,WALK IN,50,F
3747,2024-02-06 13:02,2024-02-06 13:08,2024-02-06 13:11,2024-02-06 15:20,2024-02-06 15:20,3,HOME,WALK IN,43,F
3748,2024-02-06 13:23,2024-02-06 13:27,2024-02-06 13:28,2024-02-06 15:18,2024-02-06 15:18,3,HOME,WALK IN,51,F
3749,2024-02-06 13:35,2024-02-06 13:41,2024-02-06 14:04,2024-02-06 14:59,2024-02-06 14:59,4,ADMITTED,WALK IN,44,M
3750,2024-02-06 13:48,2024-02-06 13:51,2024-02-06 13:59,2024-02-06 16:28,2024-02-06 16:28,3,ADMITTED,WALK IN,47,M
3751,2024-02-06 14:22,2024-02-06 14:28,2024-02-06 14:28,2024-02-06 15:01,2024-02-06 15:01,3,HOME,WALK IN,29,F
3752,2024-02-06 14:24,2024-02-06 14:29,2024-02-06 14:29,2024-02-06 15:36,2024-02-06 15:36,5,HOME,WALK IN,44,F
3753,2024-02-06 14:29,2024-02-06 14:34,2024-02-06 14:34,2024-02-06 14:51,2024-02-06 14:51,5,HOME,WALK IN,42,M
3754,2024-02-06 14:50,2024-02-06 15:01,2024-02-06 15:01,2024-02-06 17:14,2024-02-06 17:14,3,HOME,AMBULANCE,42,M
3755,2024-02-06 15:22,2024-02-06 15:24,2024-02-06 15:24,2024-02-06 16:37,2024-02-06 16:37,3,HOME,WALK IN,30,F
3756,2024-02-06 15:26,2024-02-06 15:30,2024-02-06 15:30,2024-02-06 18:05,2024-02-06 18:05,3,HOME,WALK IN,89,F
3757,2024-02-06 15:32,2024-02-06 15:39,2024-02-06 15:42,2024-02-06 18:03,2024-02-06 18:03,3,ADMITTED,WALK IN,54,M
3758,2024-02-06 15:36,2024-02-06 15:39,2024-02-06 15:39,2024-02-06 16:36,2024-02-06 16:36,3,HOME,AMBULANCE,38,F
3759,2024-02-06 15:36,2024-02-06 15:43,2024-02-06 15:50,2024-02-06 20:38,2024-02-06 20:38,3,ADMITTED,AMBULANCE,27,F
3760,2024-02-06 15:38,2024-02-06 15:43,2024-02-06 15:53,2024-02-06 16:32,2024-02-06 16:32,3,HOME,WALK IN,30,M
3761,2024-02-06 15:46,2024-02-06 15:56,2024-02-06 15:56,2024-02-06 17:58,2024-02-06 17:58,1,HOME,AMBULANCE,63,M
3762,2024-02-06 15:53,2024-02-06 16:00,2024-02-06 16:00,2024-02-06 21:15,2024-02-06 21:15,3,HOME,AMBULANCE,39,M
3763,2024-02-06 15:57,2024-02-06 16:02,2024-02-06 16:02,2024-02-06 20:04,2024-02-06 20:04,2,ADMITTED,WALK IN,44,M
3764,2024-02-06 16:09,2024-02-06 16:12,2024-02-06 16:12,2024-02-06 22:49,2024-02-07 12:05,1,ADMITTED,WALK IN,30,F
3765,2024-02-06 16:10,2024-02-06 16:17,,,2024-02-06 17:25,5,LEFT WITHOUT BEING SEEN,WALK IN,37,F
3766,2024-02-06 16:11,2024-02-06 16:15,2024-02-06 16:36,2024-02-06 20:17,2024-02-06 20:17,3,HOME,WALK IN,48,F
3767,2024-02-06 16:17,2024-02-06 16:20,2024-02-06 16:37,2024-02-06 18:55,2024-02-06 18:55,4,HOME,WALK IN,47,F
3768,2024-02-06 16:24,2024-02-06 16:29,,,2024-02-06 18:27,5,LEFT WITHOUT BEING SEEN,WALK IN,21,M
3769,2024-02-06 16:27,2024-02-06 16:38,2024-02-06 17:14,2024-02-06 20:08,2024-02-06 20:08,3,ADMITTED,WALK IN,40,F
3770,2024-02-06 16:29,2024-02-06 16:36,2024-02-06 18:24,2024-02-06 19:39,2024-02-06 19:39,4,HOME,WALK IN,43,F
3771,2024-02-06 16:39,2024-02-06 16:42,2024-02-06 16:42,2024-02-06 19:49,2024-02-06 19:49,1,ADMITTED,WALK IN,74,M
3772,2024-02-06 16:41,2024-02-06 16:44,,,2024-02-06 17:43,5,LEFT WITHOUT BEING SEEN,WALK IN,29,F
3773,2024-02-06 17:04,2024-02-06 17:14,2024-02-06 17:23,2024-02-06 19:00,2024-02-06 19:00,3,HOME,WALK IN,30,F
3774,2024-02-06 17:29,2024-02-06 17:37,,,2024-02-06 18:23,5,LEFT WITHOUT BEING SEEN,WALK IN,60,M
3775,2024-02-06 17:35,2024-02-06 17:42,2024-02-06 19:04,2024-02-06 19:45,2024-02-06 19:45,4,ADMITTED,WALK IN,48,F
3776,2024-02-06 18:02,2024-02-06 18:04,2024-02-06 18:05,2024-02-06 19:06,2024-02-06 19:06,2,HOME,WALK IN,43,F
3777,2024-02-06 18:03,2024-02-06 18:08,2024-02-06 19:06,2024-02-06 19:51,2024-02-06 19:51,4,HOME,WALK IN,49,M
3778,2024-02-06 18:08,2024-02-06 18:13,2024-02-06 19:30,2024-02-06 20:05,2024-02-06 20:05,5,HOME,WALK IN,67,F
3779,2024-02-06 18:11,2024-02-06 18:14,2024-02-06 19:06,2024-02-06 19:34,2024-02-06 19:34,4,HOME,WALK IN,68,F
3780,2024-02-06 18:19,2024-02-06 18:23,2024-02-06 18:25,2024-02-06 21:26,2024-02-06 21:26,3,HOME,AMBULANCE,41,F
3781,2024-02-06 18:20,2024-02-06 18:29,2024-02-06 18:43,2024-02-06 22:43,2024-02-07 11:30,3,ADMITTED,AMBULANCE,44,M
3782,2024-02-06 18:21,2024-02-06 18:29,2024-02-06 19:07,2024-02-06 20:26,2024-02-06 20:26,4,HOME,AMBULANCE,33,M
3783,2024-02-06 18:26,2024-02-06 18:37,2024-02-06 19:28,2024-02-06 20:21,2024-02-06 20:21,4,HOME,WALK IN,24,F
3784,2024-02-06 18:32,2024-02-06 18:37,2024-02-06 19:11,2024-02-06 20:34,2024-02-06 20:34,4,HOME,WALK IN,64,F
3785,2024-02-06 18:45,2024-02-06 18:53,2024-02-06 18:57,2024-02-06 21:21,2024-02-06 21:21,3,HOME,AMBULANCE,54,F
3786,2024-02-06 18:57,2024-02-06 19:02,,,2024-02-06 21:26,4,LEFT WITHOUT BEING SEEN,WALK IN,31,M
3787,2024-02-06 19:00,2024-02-06 19:11,2024-02-06 19:51,2024-02-06 22:11,2024-02-06 22:11,3,HOME,AMBULANCE,85,M
3788,2024-02-06 19:04,2024-02-06 19:09,,,2024-02-06 20:42,4,LEFT WITHOUT BEING SEEN,WALK IN,30,M
3789,2024-02-06 19:11,2024-02-06 19:18,2024-02-06 19:53,2024-02-06 21:28,2024-02-06 21:28,3,HOME,AMBULANCE,64,F
3790,2024-02-06 19:14,2024-02-06 19:19,2024-02-06 19:34,2024-02-06 21:58,2024-02-07 08:12,1,ADMITTED,AMBULANCE,40,M
3791,2024-02-06 19:18,2024-02-06 19:21,2024-02-06 20:05,2024-02-06 23:23,2024-02-06 23:23,3,HOME,WALK IN,71,M
3792,2024-02-06 19:27,2024-02-06 19:30,2024-02-06 20:08,2024-02-06 22:09,2024-02-06 22:09,3,HOME,AMBULANCE,60,M
3793,2024-02-06 19:27,2024-02-06 19:38,2024-02-06 20:10,2024-02-06 22:33,2024-02-06 22:33,3,HOME,AMBULANCE,21,F
3794,2024-02-06 19:30,2024-02-06 19:34,,,2024-02-06 21:40,4,LEFT WITHOUT BEING SEEN,WALK IN,30,M
3795,2024-02-06 19:53,2024-02-06 20:00,2024-02-06 20:11,2024-02-06 21:53,2024-02-07 05:47,3,ADMITTED,WALK IN,39,M
3796,2024-02-06 20:04,2024-02-06 20:16,2024-02-06 20:36,2024-02-06 22:37,2024-02-07 09:22,3,ADMITTED,WALK IN,67,M
3797,2024-02-06 20:11,2024-02-06 20:17,2024-02-06 20:17,2024-02-06 22:03,2024-02-06 22:03,1,HOME,AMBULANCE,42,M
3798,2024-02-06 20:12,2024-02-06 20:24,2024-02-06 20:27,2024-02-07 03:27,2024-02-07 03:27,2,HOME,AMBULANCE,66,M
3799,2024-02-06 20:14,2024-02-06 20:24,,,2024-02-06 23:28,5,LEFT WITHOUT BEING SEEN,WALK IN,32,M
3800,2024-02-06 20:21,2024-02-06 20:30,2024-02-06 20:38,2024-02-06 22:48,2024-02-06 22:48,3,HOME,AMBULANCE,41,F
3801,2024-02-06 20:22,2024-02-06 20:33,2024-02-06 22:13,2024-02-07 00:21,2024-02-07 00:21,3,HOME,WALK IN,25,M
3802,2024-02-06 20:24,2024-02-06 20:37,,,2024-02-06 22:16,4,LEFT WITHOUT BEING SEEN,WALK IN,36,F
3803,2024-02-06 20:24,2024-02-06 20:35,,,2024-02-06 22:27,4,LEFT WITHOUT BEING SEEN,WALK IN,61,F
3804,2024-02-06 20:38,2024-02-06 20:43,2024-02-06 21:28,2024-02-06 23:30,2024-02-06 23:30,2,HOME,WALK IN,70,F
3805,2024-02-06 20:43,2024-02-06 20:49,2024-02-06 22:49,2024-02-07 00:05,2024-02-07 00:05,4,HOME,WALK IN,42,M
3806,2024-02-06 20:50,2024-02-06 20:55,2024-02-06 22:11,2024-02-07 00:26,2024-02-07 12:36,2,ADMITTED,AMBULANCE,27,M
3807,2024-02-06 21:00,2024-02-06 21:05,2024-02-06 23:00,2024-02-06 23:45,2024-02-06 23:45,4,HOME,WALK IN,30,M
3808,2024-02-06 21:23,2024-02-06 21:30,,,2024-02-06 21:57,5,LEFT WITHOUT BEING SEEN,WALK IN,50,F
3809,2024-02-06 21:28,2024-02-06 21:35,,,2024-02-06 21:53,5,LEFT WITHOUT BEING SEEN,WALK IN,40,M
3810,2024-02-06 21:38,2024-02-06 21:47,2024-02-06 22:14,2024-02-07 00:33,2024-02-07 12:54,3,ADMITTED,WALK IN,42,M
3811,2024-02-06 22:00,2024-02-06 22:07,2024-02-06 22:09,2024-02-07 01:19,2024-02-07 01:19,1,HOME,WALK IN,43,M
3812,2024-02-06 22:15,2024-02-06 22:24,2024-02-06 23:25,2024-02-07 00:22,2024-02-07 00:22,4,HOME,WALK IN,59,F
3813,2024-02-06 22:29,2024-02-06 22:34,2024-02-06 22:48,2024-02-07 00:29,2024-02-07 12:37,2,ADMITTED,AMBULANCE,20,F
3814,2024-02-06 22:32,2024-02-06 22:53,2024-02-06 22:54,2024-02-07 01:30,2024-02-07 13:03,3,ADMITTED,WALK IN,36,M
3815,2024-02-06 23:58,2024-02-07 00:03,2024-02-07 00:03,2024-02-07 00:51,2024-02-07 00:51,4,HOME,WALK IN,34,F
3816,2024-02-07 00:08,2024-02-07 00:10,2024-02-07 00:10,2024-02-07 03:33,2024-02-07 03:33,2,HOME,WALK IN,26,M
3817,2024-02-07 01:21,2024-02-07 01:25,2024-02-07 01:25,2024-02-07 05:50,2024-02-07 05:50,3,HOME,WALK IN,35,F
3818,2024-02-07 01:21,2024-02-07 01:34,2024-02-07 01:34,2024-02-07 11:04,2024-02-07 11:04,3,HOME,WALK IN,53,M
3819,2024-02-07 01:37,2024-02-07 01:44,2024-02-07 01:44,2024-02-07 03:36,2024-02-07 03:36,3,HOME,AMBULANCE,37,F
3820,2024-02-07 01:40,2024-02-07 01:47,2024-02-07 02:33,2024-02-07 07:55,2024-02-07 07:55,2,HOME,AMBULANCE,30,F
3821,2024-02-07 02:19,2024-02-07 02:24,2024-02-07 02:24,2024-02-07 05:53,2024-02-07 13:32,1,ADMITTED,WALK IN,64,F
3822,2024-02-07 02:21,2024-02-07 02:31,2024-02-07 05:53,2024-02-07 10:16,2024-02-07 10:16,4,HOME,WALK IN,54,F
3823,2024-02-07 04:27,2024-02-07 04:29,,,2024-02-07 05:23,4,LEFT WITHOUT BEING SEEN,WALK IN,48,M
3824,2024-02-07 05:14,2024-02-07 05:18,2024-02-07 05:18,2024-02-07 07:18,2024-02-07 13:32,1,ADMITTED,AMBULANCE,46,F
3825,2024-02-07 06:09,2024-02-07 06:16,2024-02-07 06:16,2024-02-07 06:52,2024-02-07 06:52,4,HOME,WALK IN,74,F
3826,2024-02-07 06:53,2024-02-07 06:59,2024-02-07 06:59,2024-02-07 08:09,2024-02-07 08:09,3,HOME,WALK IN,75,F
3827,2024-02-07 07:00,2024-02-07 07:10,2024-02-07 07:10,2024-02-07 08:32,2024-02-07 08:32,2,HOME,AMBULANCE,52,M
3828,2024-02-07 07:09,2024-02-07 07:16,2024-02-07 07:16,2024-02-07 10:28,2024-02-07 10:28,2,HOME,WALK IN,51,F
3829,2024-02-07 07:36,2024-02-07 07:40,2024-02-07 07:40,2024-02-07 11:30,2024-02-07 13:38,3,ADMITTED,WALK IN,52,F
3830,2024-02-07 07:46,2024-02-07 07:54,2024-02-07 07:55,2024-02-07 10:24,2024-02-07 13:34,3,ADMITTED,WALK IN,60,F
3831,2024-02-07 07:51,2024-02-07 08:01,2024-02-07 08:01,2024-02-07 12:57,2024-02-07 12:57,2,HOME,AMBULANCE,79,M
3832,2024-02-07 08:05,2024-02-07 08:06,2024-02-07 08:09,2024-02-07 09:11,2024-02-07 09:11,2,HOME,WALK IN,46,M
3833,2024-02-07 08:14,2024-02-07 08:17,2024-02-07 08:17,2024-02-07 13:15,2024-02-07 13:15,1,HOME,AMBULANCE,50,M
3834,2024-02-07 08:27,2024-02-07 08:33,2024-02-07 08:33,2024-02-07 15:07,2024-02-07 15:18,2,ADMITTED,WALK IN,36,M
3835,2024-02-07 09:18,2024-02-07 09:21,2024-02-07 09:21,2024-02-07 10:13,2024-02-07 10:13,4,HOME,WALK IN,39,M
3836,2024-02-07 09:32,2024-02-07 09:36,2024-02-07 09:36,2024-02-07 12:31,2024-02-07 12:31,3,HOME,AMBULANCE,39,F
3837,2024-02-07 09:47,2024-02-07 09:54,2024-02-07 10:24,2024-02-07 12:53,2024-02-07 12:53,3,HOME,AMBULANCE,74,F
3838,2024-02-07 10:05,2024-02-07 10:11,2024-02-07 10:37,2024-02-07 14:49,2024-02-07 14:49,3,HOME,WALK IN,78,M
3839,2024-02-07 10:11,2024-02-07 10:17,2024-02-07 10:28,2024-02-07 11:41,2024-02-07 11:41,2,HOME,WALK IN,41,M
3840,2024-02-07 10:21,2024-02-07 10:31,2024-02-07 11:41,2024-02-07 15:04,2024-02-07 15:04,3,ADMITTED,WALK IN,30,M
3841,2024-02-07 10:21,2024-02-07 10:32,,,2024-02-07 12:00,3,LEFT WITHOUT BEING SEEN,WALK IN,67,M
3842,2024-02-07 10:31,2024-02-07 10:36,2024-02-07 12:05,2024-02-07 14:10,2024-02-07 14:10,3,ADMITTED,AMBULANCE,56,M
3843,2024-02-07 10:37,2024-02-07 10:41,2024-02-07 16:09,2024-02-07 16:31,2024-02-07 16:31,4,HOME,WALK IN,35,M
3844,2024-02-07 10:42,2024-02-07 10:49,2024-02-07 11:30,2024-02-07 13:12,2024-02-07 13:12,2,HOME,WALK IN,41,F
3845,2024-02-07 10:43,2024-02-07 10:47,2024-02-07 12:57,2024-02-07 14:10,2024-02-07 14:10,3,HOME,AMBULANCE,67,F
3846,2024-02-07 10:51,2024-02-07 10:55,,,2024-02-07 12:46,3,LEFT WITHOUT BEING SEEN,WALK IN,41,M
3847,2024-02-07 10:56,2024-02-07 11:02,2024-02-07 11:04,2024-02-07 14:37,2024-02-07 14:37,1,HOME,AMBULANCE,71,M
3848,2024-02-07 11:12,2024-02-07 11:17,2024-02-07 12:31,2024-02-07 16:04,2024-02-07 16:04,3,HOME,AMBULANCE,53,M
3849,2024-02-07 11:16,2024-02-07 11:34,2024-02-07 16:14,2024-02-07 17:00,2024-02-07 17:00,4,HOME,WALK IN,49,M
3850,2024-02-07 11:54,2024-02-07 11:58,,,2024-02-07 13:06,3,LEFT WITHOUT BEING SEEN,WALK IN,44,M
3851,2024-02-07 12:01,2024-02-07 12:05,2024-02-07 12:36,2024-02-07 14:54,2024-02-07 14:54,2,ADMITTED,WALK IN,56,F
3852,2024-02-07 12:02,2024-02-07 12:06,2024-02-07 13:15,2024-02-07 19:20,2024-02-07 19:20,3,HOME,AMBULANCE,26,F
3853,2024-02-07 12:03,2024-02-07 12:13,2024-02-07 12:37,2024-02-07 16:07,2024-02-07 16:07,2,HOME,WALK IN,48,M
3854,2024-02-07 12:07,2024-02-07 12:12,2024-02-07 13:18,2024-02-07 14:56,2024-02-07 14:56,3,HOME,AMBULANCE,49,F
3855,2024-02-07 12:12,2024-02-07 12:14,2024-02-07 13:30,2024-02-07 15:28,2024-02-07 16:11,3,ADMITTED,AMBULANCE,41,M
3856,2024-02-07 12:27,2024-02-07 12:30,2024-02-07 12:53,2024-02-07 14:19,2024-02-07 14:19,2,HOME,WALK IN,61,F
3857,2024-02-07 12:37,2024-02-07 12:41,2024-02-07 13:33,2024-02-07 15:31,2024-02-07 15:31,3,HOME,WALK IN,31,F
3858,2024-02-07 13:10,2024-02-07 13:14,2024-02-07 13:42,2024-02-07 15:58,2024-02-07 15:58,3,HOME,WALK IN,62,M
3859,2024-02-07 13:18,2024-02-07 13:23,2024-02-07 13:55,2024-02-07 17:09,2024-02-07 17:09,3,HOME,AMBULANCE,40,F
3860,2024-02-07 13:28,2024-02-07 13:36,,,2024-02-07 14:21,4,LEFT WITHOUT BEING SEEN,WALK IN,48,F
3861,2024-02-07 13:28,2024-02-07 13:34,,,2024-02-07 15:01,3,LEFT WITHOUT BEING SEEN,WALK IN,53,F
3862,2024-02-07 13:33,2024-02-07 13:45,2024-02-07 17:09,2024-02-07 18:08,2024-02-07 18:08,4,HOME,WALK IN,42,M
3863,2024-02-07 13:47,2024-02-07 13:51,2024-02-07 14:10,2024-02-07 17:36,2024-02-07 17:36,1,HOME,WALK IN,55,F
3864,2024-02-07 13:49,2024-02-07 13:53,2024-02-07 14:19,2024-02-07 16:48,2024-02-07 16:48,2,HOME,WALK IN,54,F
3865,2024-02-07 13:54,2024-02-07 14:01,,,2024-02-07 15:48,4,LEFT WITHOUT BEING SEEN,WALK IN,60,F
3866,2024-02-07 14:14,2024-02-07 14:16,2024-02-07 15:07,2024-02-07 17:47,2024-02-07 17:47,3,HOME,WALK IN,74,F
3867,2024-02-07 14:15,2024-02-07 14:21,2024-02-07 15:09,2024-02-07 17:53,2024-02-07 17:57,3,ADMITTED,WALK IN,49,M
3868,2024-02-07 14:20,2024-02-07 14:26,2024-02-07 15:04,2024-02-07 17:34,2024-02-07 17:34,2,ADMITTED,WALK IN,32,F
3869,2024-02-07 14:33,2024-02-07 14:37,,,2024-02-07 16:24,4,LEFT WITHOUT BEING SEEN,WALK IN,58,M
3870,2024-02-07 14:43,2024-02-07 14:48,2024-02-07 15:15,2024-02-07 16:38,2024-02-07 16:38,3,HOME,WALK IN,40,M
3871,2024-02-07 14:48,2024-02-07 14:56,2024-02-07 15:21,2024-02-07 17:11,2024-02-07 17:11,3,ADMITTED,AMBULANCE,76,F
3872,2024-02-07 14:51,2024-02-07 14:56,,,2024-02-07 16:14,4,LEFT WITHOUT BEING SEEN,WALK IN,46,F
3873,2024-02-07 14:51,2024-02-07 15:03,2024-02-07 15:31,2024-02-07 19:30,2024-02-07 19:30,3,HOME,WALK IN,72,F
3874,2024-02-07 15:01,2024-02-07 15:07,2024-02-07 15:46,2024-02-07 19:34,2024-02-07 19:34,3,HOME,WALK IN,80,M
3875,2024-02-07 15:14,2024-02-07 15:22,2024-02-07 15:49,2024-02-07 17:02,2024-02-07 17:02,3,ADMITTED,WALK IN,41,M
3876,2024-02-07 15:24,2024-02-07 15:33,2024-02-07 16:03,2024-02-07 19:32,2024-02-07 19:32,2,HOME,AMBULANCE,41,F
3877,2024-02-07 15:37,2024-02-07 15:40,2024-02-07 16:07,2024-02-07 17:28,2024-02-07 17:28,3,ADMITTED,WALK IN,65,F
3878,2024-02-07 15:39,2024-02-07 15:43,2024-02-07 16:12,2024-02-07 17:57,2024-02-07 17:57,3,HOME,WALK IN,54,F
3879,2024-02-07 15:41,2024-02-07 15:47,2024-02-07 16:04,2024-02-07 18:08,2024-02-07 18:08,2,ADMITTED,WALK IN,41,M
3880,2024-02-07 15:43,2024-02-07 15:49,2024-02-07 17:11,2024-02-07 18:34,2024-02-07 18:34,4,HOME,WALK IN,46,F
3881,2024-02-07 15:57,2024-02-07 16:01,,,2024-02-07 16:50,4,LEFT WITHOUT BEING SEEN,WALK IN,52,M
3882,2024-02-07 16:10,2024-02-07 16:20,2024-02-07 16:31,2024-02-07 17:51,2024-02-07 17:51,2,ADMITTED,WALK IN,55,F
3883,2024-02-07 16:21,2024-02-07 16:27,2024-02-07 16:38,2024-02-07 19:22,2024-02-07 19:22,3,HOME,WALK IN,55,M
3884,2024-02-07 16:30,2024-02-07 16:37,2024-02-07 17:00,2024-02-07 19:58,2024-02-07 19:58,3,HOME,WALK IN,33,M
3885,2024-02-07 16:32,2024-02-07 16:41,2024-02-07 17:34,2024-02-07 18:01,2024-02-07 18:01,4,HOME,WALK IN,25,F
3886,2024-02-07 16:32,2024-02-07 16:41,,,2024-02-07 18:03,5,LEFT WITHOUT BEING SEEN,WALK IN,68,M
3887,2024-02-07 16:32,2024-02-07 16:48,2024-02-07 16:48,2024-02-07 18:40,2024-02-07 18:40,1,HOME,WALK IN,43,F
3888,2024-02-07 16:40,2024-02-07 16:45,2024-02-07 17:02,2024-02-07 22:44,2024-02-07 22:44,3,HOME,AMBULANCE,24,F
3889,2024-02-07 16:43,2024-02-07 16:52,2024-02-07 18:08,2024-02-07 18:32,2024-02-07 18:32,5,HOME,WALK IN,36,F
3890,2024-02-07 17:13,2024-02-07 17:15,2024-02-07 17:28,2024-02-07 19:44,2024-02-07 19:44,2,HOME,WALK IN,41,F
3891,2024-02-07 17:17,2024-02-07 17:21,2024-02-07 17:36,2024-02-07 18:35,2024-02-07 18:35,4,HOME,WALK IN,46,M
3892,2024-02-07 17:23,2024-02-07 17:29,2024-02-07 18:47,2024-02-07 20:10,2024-02-07 20:10,5,HOME,WALK IN,25,M
3893,2024-02-07 17:32,2024-02-07 17:38,2024-02-07 18:08,2024-02-07 20:25,2024-02-07 20:25,4,ADMITTED,AMBULANCE,46,M
3894,2024-02-07 17:35,2024-02-07 17:47,2024-02-07 17:53,2024-02-07 19:40,2024-02-07 19:40,3,HOME,AMBULANCE,23,F
3895,2024-02-07 17:37,2024-02-07 17:43,2024-02-07 17:53,2024-02-07 18:47,2024-02-07 18:47,2,ADMITTED,AMBULANCE,55,M
3896,2024-02-07 18:03,2024-02-07 18:13,2024-02-07 18:21,2024-02-07 21:29,2024-02-07 21:29,2,HOME,AMBULANCE,68,F
3897,2024-02-07 18:03,2024-02-07 18:13,2024-02-07 18:15,2024-02-07 21:50,2024-02-07 22:41,2,ADMITTED,WALK IN,28,M
3898,2024-02-07 18:07,2024-02-07 18:16,2024-02-07 18:35,2024-02-07 19:34,2024-02-07 19:34,3,HOME,WALK IN,47,M
3899,2024-02-07 18:15,2024-02-07 18:24,2024-02-07 18:32,2024-02-07 23:33,2024-02-07 23:33,2,HOME,WALK IN,58,F
3900,2024-02-07 18:53,2024-02-07 18:58,2024-02-07 19:01,2024-02-07 23:44,2024-02-07 23:44,2,HOME,AMBULANCE,73,M
3901,2024-02-07 18:57,2024-02-07 19:03,2024-02-07 19:34,2024-02-07 20:19,2024-02-07 20:19,4,HOME,WALK IN,50,F
3902,2024-02-07 19:01,2024-02-07 19:07,2024-02-07 19:34,2024-02-07 22:36,2024-02-08 07:10,4,ADMITTED,WALK IN,76,F
3903,2024-02-07 19:11,2024-02-07 19:14,2024-02-07 19:20,2024-02-07 22:40,2024-02-07 22:40,3,HOME,AMBULANCE,69,F
3904,2024-02-07 19:14,2024-02-07 19:21,2024-02-07 19:22,2024-02-07 23:30,2024-02-07 23:30,3,HOME,WALK IN,44,M
3905,2024-02-07 19:40,2024-02-07 19:45,2024-02-07 19:45,2024-02-07 21:47,2024-02-07 21:47,1,ADMITTED,WALK IN,63,F
3906,2024-02-07 19:44,2024-02-07 19:49,2024-02-07 19:58,2024-02-07 22:32,2024-02-08 04:30,3,ADMITTED,WALK IN,52,M
3907,2024-02-07 20:20,2024-02-07 20:26,2024-02-07 20:26,2024-02-07 23:42,2024-02-07 23:42,2,HOME,WALK IN,57,M
3908,2024-02-07 20:23,2024-02-07 20:25,2024-02-07 20:25,2024-02-08 00:01,2024-02-08 09:42,3,ADMITTED,WALK IN,84,F
3909,2024-02-07 20:25,2024-02-07 20:40,2024-02-07 20:40,2024-02-07 23:57,2024-02-07 23:57,3,HOME,WALK IN,28,M
3910,2024-02-07 20:45,2024-02-07 20:50,2024-02-07 20:50,2024-02-07 23:39,2024-02-07 23:39,3,HOME,WALK IN,25,F
3911,2024-02-07 20:48,2024-02-07 20:52,2024-02-07 21:50,2024-02-08 01:57,2024-02-08 01:57,3,HOME,WALK IN,45,F
3912,2024-02-07 21:12,2024-02-07 21:17,2024-02-07 21:51,2024-02-08 02:13,2024-02-08 02:13,3,HOME,WALK IN,32,M
3913,2024-02-07 21:13,2024-02-07 21:24,2024-02-07 22:04,2024-02-08 02:05,2024-02-08 02:05,4,HOME,WALK IN,27,M
3914,2024-02-07 21:15,2024-02-07 21:23,2024-02-07 21:29,2024-02-07 23:46,2024-02-07 23:46,2,HOME,WALK IN,59,M
3915,2024-02-07 21:23,2024-02-07 21:31,2024-02-07 23:20,2024-02-08 01:55,2024-02-08 01:55,4,HOME,WALK IN,58,F
3916,2024-02-07 21:31,2024-02-07 21:37,2024-02-07 22:00,2024-02-08 00:46,2024-02-08 00:46,3,HOME,WALK IN,70,M
3917,2024-02-07 21:33,2024-02-07 21:37,2024-02-07 23:44,2024-02-08 01:46,2024-02-08 01:46,4,HOME,WALK IN,68,M
3918,2024-02-07 21:38,2024-02-07 21:44,2024-02-07 22:44,2024-02-08 01:41,2024-02-08 10:05,3,ADMITTED,WALK IN,45,F
3919,2024-02-07 21:57,2024-02-07 22:00,2024-02-07 23:46,2024-02-08 00:49,2024-02-08 00:49,4,HOME,WALK IN,43,M
3920,2024-02-07 22:08,2024-02-07 22:12,2024-02-07 22:40,2024-02-08 00:53,2024-02-08 00:53,1,HOME,AMBULANCE,79,F
3921,2024-02-07 22:11,2024-02-07 22:15,2024-02-07 22:46,2024-02-08 02:01,2024-02-08 02:01,3,HOME,WALK IN,48,M
3922,2024-02-07 23:03,2024-02-07 23:08,2024-02-08 00:53,2024-02-08 02:19,2024-02-08 02:19,4,HOME,WALK IN,53,M
3923,2024-02-07 23:54,2024-02-08 00:00,2024-02-08 00:53,2024-02-08 04:01,2024-02-08 04:01,2,HOME,WALK IN,79,M
3924,2024-02-08 01:29,2024-02-08 01:37,2024-02-08 02:19,2024-02-08 02:37,2024-02-08 02:37,4,HOME,WALK IN,55,F
3925,2024-02-08 02:38,2024-02-08 02:45,2024-02-08 02:45,2024-02-08 04:57,2024-02-08 04:57,2,HOME,WALK IN,43,F
3926,2024-02-08 02:55,2024-02-08 03:00,2024-02-08 03:00,2024-02-08 04:24,2024-02-08 04:24,4,HOME,WALK IN,70,M
3927,2024-02-08 02:59,2024-02-08 03:05,2024-02-08 03:05,2024-02-08 04:30,2024-02-08 10:27,3,ADMITTED,WALK IN,69,F
3928,2024-02-08 04:41,2024-02-08 04:48,2024-02-08 04:48,2024-02-08 07:42,2024-02-08 12:22,3,ADMITTED,WALK IN,72,M
3929,2024-02-08 05:13,2024-02-08 05:19,2024-02-08 05:19,2024-02-08 08:55,2024-02-08 12:42,2,ADMITTED,AMBULANCE,29,F
3930,2024-02-08 06:11,2024-02-08 06:18,2024-02-08 06:18,2024-02-08 06:48,2024-02-08 06:48,4,HOME,WALK IN,62,M
3931,2024-02-08 06:30,2024-02-08 06:34,2024-02-08 06:34,2024-02-08 07:34,2024-02-08 07:34,3,HOME,AMBULANCE,44,F
3932,2024-02-08 06:32,2024-02-08 06:38,2024-02-08 07:05,2024-02-08 08:43,2024-02-08 08:43,3,HOME,WALK IN,38,F
3933,2024-02-08 06:33,2024-02-08 06:43,2024-02-08 06:48,2024-02-08 09:02,2024-02-08 09:02,2,HOME,WALK IN,79,F
3934,2024-02-08 06:42,2024-02-08 06:49,2024-02-08 07:08,2024-02-08 08:46,2024-02-08 12:31,3,ADMITTED,WALK IN,42,F
3935,2024-02-08 06:49,2024-02-08 06:56,2024-02-08 07:42,2024-02-08 08:43,2024-02-08 08:43,3,HOME,WALK IN,28,M
3936,2024-02-08 07:29,2024-02-08 07:34,2024-02-08 08:00,2024-02-08 09:11,2024-02-08 09:11,3,HOME,AMBULANCE,37,F
3937,2024-02-08 08:11,2024-02-08 08:19,2024-02-08 08:19,2024-02-08 08:38,2024-02-08 08:38,4,HOME,WALK IN,42,M
3938,2024-02-08 08:56,2024-02-08 09:02,2024-02-08 09:02,2024-02-08 09:37,2024-02-08 09:37,4,HOME,WALK IN,39,M
3939,2024-02-08 09:07,2024-02-08 09:13,2024-02-08 09:13,2024-02-08 11:13,2024-02-08 11:13,3,HOME,WALK IN,43,M
3940,2024-02-08 09:24,2024-02-08 09:28,2024-02-08 09:28,2024-02-08 09:49,2024-02-08 09:49,4,HOME,WALK IN,38,F
3941,2024-02-08 09:24,2024-02-08 09:36,2024-02-08 09:36,2024-02-08 13:29,2024-02-08 13:29,3,HOME,WALK IN,92,F
3942,2024-02-08 10:07,2024-02-08 10:11,2024-02-08 10:11,2024-02-08 11:03,2024-02-08 11:03,3,HOME,WALK IN,26,F
3943,2024-02-08 10:10,2024-02-08 10:13,2024-02-08 10:13,2024-02-08 12:03,2024-02-08 12:58,2,ADMITTED,WALK IN,48,M
3944,2024-02-08 10:12,2024-02-08 10:16,2024-02-08 10:16,2024-02-08 12:47,2024-02-08 12:47,3,HOME,WALK IN,41,M
3945,2024-02-08 10:31,2024-02-08 10:44,2024-02-08 11:13,2024-02-08 14:33,2024-02-08 14:33,3,HOME,AMBULANCE,58,F
3946,2024-02-08 10:32,2024-02-08 10:38,2024-02-08 10:38,2024-02-08 12:32,2024-02-08 12:32,4,HOME,WALK IN,40,F
3947,2024-02-08 10:37,2024-02-08 10:43,2024-02-08 10:43,2024-02-08 11:40,2024-02-08 11:40,4,HOME,WALK IN,37,F
3948,2024-02-08 10:41,2024-02-08 10:46,2024-02-08 11:00,2024-02-08 13:04,2024-02-08 13:04,2,HOME,WALK IN,29,M
3949,2024-02-08 10:41,2024-02-08 10:53,2024-02-08 11:29,2024-02-08 14:22,2024-02-08 14:22,3,HOME,WALK IN,45,F
3950,2024-02-08 10:41,2024-02-08 10:53,2024-02-08 12:21,2024-02-08 14:11,2024-02-08 14:11,5,HOME,WALK IN,54,M
3951,2024-02-08 10:42,2024-02-08 10:57,2024-02-08 11:32,2024-02-08 13:39,2024-02-08 13:39,3,HOME,WALK IN,43,F
3952,2024-02-08 10:44,2024-02-08 10:57,2024-02-08 11:42,2024-02-08 14:17,2024-02-08 14:17,3,HOME,AMBULANCE,29,M
3953,2024-02-08 10:48,2024-02-08 11:03,2024-02-08 12:03,2024-02-08 17:16,2024-02-08 17:16,3,ADMITTED,AMBULANCE,53,M
3954,2024-02-08 10:49,2024-02-08 11:03,2024-02-08 11:03,2024-02-08 13:38,2024-02-08 13:38,2,HOME,WALK IN,50,M
3955,2024-02-08 10:54,2024-02-08 11:08,2024-02-08 12:03,2024-02-08 14:22,2024-02-08 14:22,4,HOME,WALK IN,44,F
3956,2024-02-08 11:06,2024-02-08 11:11,2024-02-08 12:17,2024-02-08 12:50,2024-02-08 12:50,4,HOME,WALK IN,39,F
3957,2024-02-08 11:07,2024-02-08 11:16,2024-02-08 12:32,2024-02-08 15:32,2024-02-08 15:32,3,HOME,WALK IN,62,M
3958,2024-02-08 11:20,2024-02-08 11:25,,,2024-02-08 13:42,4,LEFT WITHOUT BEING SEEN,WALK IN,68,F
3959,2024-02-08 11:21,2024-02-08 11:28,2024-02-08 13:04,2024-02-08 16:27,2024-02-08 16:27,3,HOME,WALK IN,82,F
3960,2024-02-08 11:24,2024-02-08 11:30,2024-02-08 11:40,2024-02-08 14:59,2024-02-08 14:59,2,ADMITTED,WALK IN,61,M
3961,2024-02-08 11:46,2024-02-08 11:50,,,2024-02-08 13:27,4,LEFT WITHOUT BEING SEEN,WALK IN,33,F
3962,2024-02-08 11:47,2024-02-08 11:50,2024-02-08 12:23,2024-02-08 15:52,2024-02-08 15:52,2,HOME,WALK IN,45,M
3963,2024-02-08 11:52,2024-02-08 12:03,2024-02-08 14:58,2024-02-08 15:49,2024-02-08 15:49,4,ADMITTED,AMBULANCE,35,F
3964,2024-02-08 12:28,2024-02-08 12:38,2024-02-08 12:42,2024-02-08 15:22,2024-02-08 15:22,2,HOME,AMBULANCE,47,F
3965,2024-02-08 12:37,2024-02-08 12:41,2024-02-08 12:49,2024-02-08 16:48,2024-02-08 16:48,2,HOME,WALK IN,82,M
3966,2024-02-08 12:40,2024-02-08 12:45,2024-02-08 13:06,2024-02-08 15:56,2024-02-08 15:56,3,HOME,AMBULANCE,50,M
3967,2024-02-08 12:40,2024-02-08 12:46,2024-02-08 13:39,2024-02-08 15:51,2024-02-08 15:51,3,HOME,WALK IN,49,F
3968,2024-02-08 13:07,2024-02-08 13:14,2024-02-08 13:39,2024-02-08 16:38,2024-02-08 16:38,2,ADMITTED,WALK IN,46,F
3969,2024-02-08 13:17,2024-02-08 13:25,,,2024-02-08 14:25,4,LEFT WITHOUT BEING SEEN,WALK IN,51,F
3970,2024-02-08 13:37,2024-02-08 13:41,2024-02-08 15:01,2024-02-08 16:21,2024-02-08 16:21,4,HOME,AMBULANCE,34,F
3971,2024-02-08 13:41,2024-02-08 13:48,,,2024-02-08 15:01,5,LEFT WITHOUT BEING SEEN,WALK IN,33,M
3972,2024-02-08 13:50,2024-02-08 13:55,2024-02-08 14:22,2024-02-08 18:20,2024-02-08 18:20,2,ADMITTED,WALK IN,58,F
3973,2024-02-08 13:53,2024-02-08 13:56,2024-02-08 14:22,2024-02-08 19:16,2024-02-08 19:16,3,ADMITTED,WALK IN,45,M
3974,2024-02-08 13:58,2024-02-08 14:03,2024-02-08 15:08,2024-02-08 15:39,2024-02-08 15:39,4,HOME,WALK IN,53,F
3975,2024-02-08 14:05,2024-02-08 14:09,2024-02-08 14:22,2024-02-08 16:44,2024-02-08 16:44,3,HOME,AMBULANCE,34,F
3976,2024-02-08 14:18,2024-02-08 14:24,2024-02-08 14:31,2024-02-08 17:51,2024-02-08 17:51,3,ADMITTED,WALK IN,49,F
3977,2024-02-08 14:18,2024-02-08 14:25,2024-02-08 15:52,2024-02-08 18:28,2024-02-08 18:28,3,HOME,WALK IN,60,M
3978,2024-02-08 14:26,2024-02-08 14:31,,,2024-02-08 16:02,4,LEFT WITHOUT BEING SEEN,WALK IN,28,F
3979,2024-02-08 14:27,2024-02-08 14:32,2024-02-08 14:33,2024-02-08 17:41,2024-02-08 17:41,2,ADMITTED,AMBULANCE,50,F
3980,2024-02-08 14:29,2024-02-08 14:36,2024-02-08 15:56,2024-02-08 17:53,2024-02-08 17:53,3,HOME,AMBULANCE,47,F
3981,2024-02-08 14:44,2024-02-08 14:47,2024-02-08 14:59,2024-02-08 16:30,2024-02-08 16:30,1,ADMITTED,WALK IN,34,M
3982,2024-02-08 14:48,2024-02-08 14:52,,,2024-02-08 16:04,4,LEFT WITHOUT BEING SEEN,WALK IN,36,M
3983,2024-02-08 15:00,2024-02-08 15:06,2024-02-08 15:26,2024-02-08 19:19,2024-02-08 19:19,2,HOME,WALK IN,38,M
3984,2024-02-08 15:01,2024-02-08 15:04,2024-02-08 19:01,2024-02-08 20:13,2024-02-08 20:13,5,HOME,WALK IN,38,F
3985,2024-02-08 15:02,2024-02-08 15:07,2024-02-08 15:32,2024-02-08 17:34,2024-02-08 17:34,2,ADMITTED,WALK IN,49,F
3986,2024-02-08 15:31,2024-02-08 15:36,2024-02-08 15:39,2024-02-08 17:14,2024-02-08 17:14,2,HOME,WALK IN,37,M
3987,2024-02-08 15:34,2024-02-08 15:37,,,2024-02-08 17:36,4,LEFT WITHOUT BEING SEEN,WALK IN,60,F
3988,2024-02-08 15:41,2024-02-08 15:52,2024-02-08 16:08,2024-02-08 18:57,2024-02-08 18:57,3,HOME,WALK IN,32,F
3989,2024-02-08 15:43,2024-02-08 15:47,2024-02-08 16:05,2024-02-08 19:57,2024-02-08 19:57,3,HOME,AMBULANCE,67,M
3990,2024-02-08 15:44,2024-02-08 15:51,2024-02-08 17:39,2024-02-08 20:51,2024-02-08 20:51,4,HOME,WALK IN,29,M
3991,2024-02-08 15:45,2024-02-08 15:58,2024-02-08 18:03,2024-02-08 19:41,2024-02-08 19:41,4,HOME,WALK IN,38,F
3992,2024-02-08 16:03,2024-02-08 16:10,2024-02-08 16:24,2024-02-08 19:47,2024-02-08 19:47,2,ADMITTED,WALK IN,58,M
3993,2024-02-08 16:26,2024-02-08 16:29,2024-02-08 16:30,2024-02-08 17:47,2024-02-08 17:47,2,ADMITTED,AMBULANCE,46,M
3994,2024-02-08 16:34,2024-02-08 16:37,2024-02-08 16:38,2024-02-08 19:46,2024-02-08 19:46,2,ADMITTED,WALK IN,33,M
3995,2024-02-08 16:42,2024-02-08 16:45,2024-02-08 16:48,2024-02-08 18:27,2024-02-08 18:27,1,HOME,WALK IN,40,M
3996,2024-02-08 16:59,2024-02-08 17:05,,,2024-02-08 18:20,4,LEFT WITHOUT BEING SEEN,WALK IN,47,F
3997,2024-02-08 17:04,2024-02-08 17:09,2024-02-08 17:14,2024-02-08 20:42,2024-02-08 20:42,1,ADMITTED,AMBULANCE,72,F
3998,2024-02-08 17:05,2024-02-08 17:10,2024-02-08 17:16,2024-02-08 20:39,2024-02-08 20:39,2,HOME,WALK IN,43,F
3999,2024-02-08 17:06,2024-02-08 17:12,2024-02-08 17:38,2024-02-08 19:36,2024-02-08 19:36,3,ADMITTED,WALK IN,61,F
4000,2024-02-08 17:07,2024-02-08 17:18,2024-02-08 17:34,2024-02-08 18:59,2024-02-08 18:59,1,HOME,WALK IN,68,M
4001,2024-02-08 17:17,2024-02-08 17:32,2024-02-08 17:52,2024-02-08 18:57,2024-02-08 18:57,3,HOME,WALK IN,62,F
4002,2024-02-08 17:22,2024-02-08 17:35,2024-02-08 18:28,2024-02-08 19:42,2024-02-08 19:42,4,ADMITTED,WALK IN,37,M
4003,2024-02-08 17:38,2024-02-08 17:44,2024-02-08 17:53,2024-02-08 19:51,2024-02-08 19:51,3,ADMITTED,AMBULANCE,31,F
4004,2024-02-08 17:40,2024-02-08 17:49,2024-02-08 17:51,2024-02-08 19:00,2024-02-08 19:00,2,HOME,AMBULANCE,47,M
4005,2024-02-08 17:47,2024-02-08 17:49,2024-02-08 18:28,2024-02-08 20:31,2024-02-08 20:31,4,HOME,WALK IN,40,M
4006,2024-02-08 17:52,2024-02-08 17:55,2024-02-08 18:27,2024-02-08 20:20,2024-02-08 20:20,3,HOME,WALK IN,49,F
4007,2024-02-08 18:13,2024-02-08 18:21,2024-02-08 19:00,2024-02-08 19:38,2024-02-08 19:38,4,HOME,WALK IN,56,M
4008,2024-02-08 18:31,2024-02-08 18:36,2024-02-08 18:57,2024-02-08 20:46,2024-02-08 20:46,3,HOME,WALK IN,48,F
4009,2024-02-08 18:53,2024-02-08 18:57,2024-02-08 18:59,2024-02-08 21:46,2024-02-08 21:46,2,HOME,WALK IN,34,F
4010,2024-02-08 18:55,2024-02-08 19:06,2024-02-08 19:16,2024-02-08 22:04,2024-02-08 22:04,3,HOME,WALK IN,46,M
4011,2024-02-08 19:17,2024-02-08 19:20,2024-02-08 19:20,2024-02-08 19:46,2024-02-08 19:46,4,HOME,WALK IN,29,F
4012,2024-02-08 19:23,2024-02-08 19:31,2024-02-08 19:47,2024-02-08 23:04,2024-02-08 23:04,2,HOME,WALK IN,44,F
4013,2024-02-08 19:25,2024-02-08 19:30,2024-02-08 19:55,2024-02-08 22:58,2024-02-08 23:33,3,ADMITTED,WALK IN,58,M
4014,2024-02-08 19:26,2024-02-08 19:40,,,2024-02-08 21:25,4,LEFT WITHOUT BEING SEEN,WALK IN,31,M
4015,2024-02-08 19:32,2024-02-08 19:42,2024-02-08 20:00,2024-02-08 21:54,2024-02-08 21:54,3,HOME,WALK IN,33,M
4016,2024-02-08 19:38,2024-02-08 19:49,2024-02-08 20:00,2024-02-08 21:36,2024-02-08 21:36,3,HOME,WALK IN,38,F
4017,2024-02-08 19:42,2024-02-08 19:44,,,2024-02-08 22:28,4,LEFT WITHOUT BEING SEEN,WALK IN,59,M
4018,2024-02-08 19:44,2024-02-08 20:05,2024-02-08 20:20,2024-02-08 21:53,2024-02-08 21:53,3,HOME,WALK IN,63,M
4019,2024-02-08 19:44,2024-02-08 19:56,2024-02-08 19:57,2024-02-09 00:20,2024-02-09 04:03,2,ADMITTED,WALK IN,82,M
4020,2024-02-08 19:48,2024-02-08 20:01,2024-02-08 20:06,2024-02-08 21:50,2024-02-08 21:50,2,ADMITTED,AMBULANCE,41,F
4021,2024-02-08 19:55,2024-02-08 20:08,2024-02-08 20:13,2024-02-08 22:52,2024-02-08 22:52,2,ADMITTED,WALK IN,27,F
4022,2024-02-08 20:01,2024-02-08 20:13,2024-02-08 20:51,2024-02-09 03:01,2024-02-09 06:27,3,ADMITTED,WALK IN,32,M
4023,2024-02-08 20:26,2024-02-08 20:32,2024-02-08 20:48,2024-02-09 00:58,2024-02-09 05:51,3,ADMITTED,WALK IN,53,M
4024,2024-02-08 20:27,2024-02-08 20:30,2024-02-08 20:57,2024-02-08 22:50,2024-02-08 22:50,3,HOME,WALK IN,71,F
4025,2024-02-08 20:28,2024-02-08 20:35,,,2024-02-08 22:09,3,LEFT WITHOUT BEING SEEN,AMBULANCE,37,F
4026,2024-02-08 20:28,2024-02-08 20:38,2024-02-08 23:18,2024-02-09 04:52,2024-02-09 04:52,3,HOME,WALK IN,45,M
4027,2024-02-08 20:34,2024-02-08 20:50,2024-02-08 23:28,2024-02-09 05:43,2024-02-09 05:43,3,HOME,WALK IN,47,F
4028,2024-02-08 21:04,2024-02-08 21:08,,,2024-02-09 01:46,4,LEFT WITHOUT BEING SEEN,WALK IN,67,M
4029,2024-02-08 21:04,2024-02-08 21:10,,,2024-02-08 23:06,3,LEFT WITHOUT BEING SEEN,AMBULANCE,54,F
4030,2024-02-08 21:37,2024-02-08 21:49,2024-02-08 21:53,2024-02-09 02:57,2024-02-09 02:57,2,HOME,WALK IN,52,F
4031,2024-02-08 21:44,2024-02-08 21:51,,,2024-02-09 00:16,4,LEFT WITHOUT BEING SEEN,WALK IN,55,F
4032,2024-02-08 21:44,2024-02-08 21:59,,,2024-02-08 23:55,4,LEFT WITHOUT BEING SEEN,WALK IN,42,F
4033,2024-02-08 21:58,2024-02-08 22:03,2024-02-08 22:04,2024-02-09 00:23,2024-02-09 05:02,2,ADMITTED,WALK IN,65,M
4034,2024-02-08 21:58,2024-02-08 22:04,,,2024-02-08 23:00,4,LEFT WITHOUT BEING SEEN,AMBULANCE,41,M
4035,2024-02-08 22:02,2024-02-08 22:14,2024-02-09 00:58,2024-02-09 06:09,2024-02-09 06:09,3,HOME,WALK IN,29,F
4036,2024-02-08 22:19,2024-02-08 22:30,2024-02-08 23:37,2024-02-09 05:31,2024-02-09 05:31,3,HOME,WALK IN,63,M
4037,2024-02-08 22:28,2024-02-08 22:36,,,2024-02-09 02:13,4,LEFT WITHOUT BEING SEEN,WALK IN,33,M
4038,2024-02-08 22:42,2024-02-08 22:49,2024-02-08 23:04,2024-02-09 03:34,2024-02-09 08:16,2,ADMITTED,AMBULANCE,75,F
4039,2024-02-08 22:58,2024-02-08 23:02,2024-02-08 23:14,2024-02-09 03:36,2024-02-09 09:52,2,ADMITTED,WALK IN,27,F
4040,2024-02-08 22:59,2024-02-08 23:07,,,2024-02-09 02:03,3,LEFT WITHOUT BEING SEEN,WALK IN,67,F
4041,2024-02-08 23:10,2024-02-08 23:13,,,2024-02-09 02:04,3,LEFT WITHOUT BEING SEEN,WALK IN,50,F
4042,2024-02-08 23:40,2024-02-08 23:47,,,2024-02-09 01:22,5,LEFT WITHOUT BEING SEEN,WALK IN,48,M
4043,2024-02-08 23:48,2024-02-08 23:53,2024-02-09 03:36,2024-02-09 06:58,2024-02-09 06:58,3,HOME,WALK IN,42,M
4044,2024-02-09 00:45,2024-02-09 00:50,,,2024-02-09 03:22,3,LEFT WITHOUT BEING SEEN,WALK IN,48,F
4045,2024-02-09 01:32,2024-02-09 01:36,2024-02-09 04:52,2024-02-09 05:40,2024-02-09 05:40,3,HOME,AMBULANCE,46,F
4046,2024-02-09 01:38,2024-02-09 01:46,2024-02-09 04:54,2024-02-09 05:17,2024-02-09 05:17,5,HOME,WALK IN,45,F
4047,2024-02-09 02:03,2024-02-09 02:12,2024-02-09 03:01,2024-02-09 06:23,2024-02-09 06:23,3,HOME,WALK IN,49,M
4048,2024-02-09 03:03,2024-02-09 03:10,2024-02-09 04:53,2024-02-09 06:49,2024-02-09 06:49,4,HOME,WALK IN,70,F
4049,2024-02-09 05:54,2024-02-09 06:03,2024-02-09 06:03,2024-02-09 09:31,2024-02-09 09:31,3,HOME,WALK IN,49,M
4050,2024-02-09 06:24,2024-02-09 06:28,2024-02-09 06:28,2024-02-09 08:03,2024-02-09 08:03,1,HOME,AMBULANCE,34,F
4051,2024-02-09 06:31,2024-02-09 06:33,2024-02-09 06:33,2024-02-09 07:12,2024-02-09 07:12,4,HOME,WALK IN,53,M
4052,2024-02-09 07:18,2024-02-09 07:23,2024-02-09 07:23,2024-02-09 13:04,2024-02-09 13:04,3,HOME,AMBULANCE,60,M
4053,2024-02-09 07:21,2024-02-09 07:25,2024-02-09 07:25,2024-02-09 09:04,2024-02-09 09:04,3,HOME,WALK IN,79,M
4054,2024-02-09 07:27,2024-02-09 07:30,2024-02-09 07:34,2024-02-09 08:47,2024-02-09 08:47,4,HOME,WALK IN,42,F
4055,2024-02-09 07:28,2024-02-09 07:37,2024-02-09 08:03,2024-02-09 08:50,2024-02-09 08:50,5,HOME,WALK IN,31,F
4056,2024-02-09 07:29,2024-02-09 07:41,2024-02-09 08:02,2024-02-09 10:54,2024-02-09 10:54,4,HOME,WALK IN,66,F
4057,2024-02-09 07:38,2024-02-09 07:47,2024-02-09 08:00,2024-02-09 09:46,2024-02-09 09:46,2,HOME,WALK IN,39,F
4058,2024-02-09 07:46,2024-02-09 07:55,2024-02-09 08:00,2024-02-09 09:57,2024-02-09 09:57,3,HOME,WALK IN,56,M
4059,2024-02-09 08:00,2024-02-09 08:03,2024-02-09 08:50,2024-02-09 10:43,2024-02-09 10:43,3,HOME,AMBULANCE,64,M
4060,2024-02-09 08:26,2024-02-09 08:35,2024-02-09 08:58,2024-02-09 12:15,2024-02-09 12:15,3,ADMITTED,WALK IN,17,M
4061,2024-02-09 08:53,2024-02-09 08:58,2024-02-09 09:04,2024-02-09 11:02,2024-02-09 11:02,3,HOME,WALK IN,77,M
4062,2024-02-09 08:55,2024-02-09 09:02,2024-02-09 09:29,2024-02-09 11:47,2024-02-09 11:47,3,HOME,AMBULANCE,47,M
4063,2024-02-09 08:58,2024-02-09 09:04,2024-02-09 09:13,2024-02-09 11:21,2024-02-09 11:21,2,ADMITTED,AMBULANCE,69,M
4064,2024-02-09 09:29,2024-02-09 10:00,2024-02-09 10:00,2024-02-09 10:13,2024-02-09 10:13,4,HOME,WALK IN,34,F
4065,2024-02-09 09:45,2024-02-09 10:02,2024-02-09 10:02,2024-02-09 13:20,2024-02-09 13:20,3,ADMITTED,WALK IN,45,F
4066,2024-02-09 09:49,2024-02-09 10:03,2024-02-09 10:13,2024-02-09 12:43,2024-02-09 12:43,3,HOME,AMBULANCE,55,M
4067,2024-02-09 09:58,2024-02-09 10:08,2024-02-09 10:13,2024-02-09 12:46,2024-02-09 12:46,3,HOME,WALK IN,72,M
4068,2024-02-09 10:09,2024-02-09 10:14,2024-02-09 12:18,2024-02-09 13:26,2024-02-09 13:26,5,HOME,WALK IN,32,M
4069,2024-02-09 10:12,2024-02-09 10:18,2024-02-09 10:43,2024-02-09 12:56,2024-02-09 12:56,3,HOME,WALK IN,79,M
4070,2024-02-09 10:15,2024-02-09 10:27,2024-02-09 11:47,2024-02-09 15:19,2024-02-09 15:19,4,HOME,WALK IN,27,F
4071,2024-02-09 10:16,2024-02-09 10:25,2024-02-09 10:54,2024-02-09 13:33,2024-02-09 13:33,3,ADMITTED,WALK IN,38,M
4072,2024-02-09 10:36,2024-02-09 10:39,2024-02-09 11:46,2024-02-09 13:22,2024-02-09 13:22,3,HOME,WALK IN,41,F
4073,2024-02-09 10:37,2024-02-09 10:45,2024-02-09 11:49,2024-02-09 13:08,2024-02-09 13:08,4,HOME,WALK IN,50,M
4074,2024-02-09 10:49,2024-02-09 11:01,2024-02-09 11:02,2024-02-09 12:55,2024-02-09 12:55,2,ADMITTED,AMBULANCE,72,M
4075,2024-02-09 10:49,2024-02-09 10:52,2024-02-09 10:52,2024-02-09 13:55,2024-02-09 13:55,2,HOME,AMBULANCE,45,F
4076,2024-02-09 10:56,2024-02-09 11:01,2024-02-09 12:00,2024-02-09 12:41,2024-02-09 12:41,4,HOME,WALK IN,56,F
4077,2024-02-09 11:02,2024-02-09 11:07,2024-02-09 11:07,2024-02-09 14:09,2024-02-09 14:09,1,ADMITTED,WALK IN,50,M
4078,2024-02-09 11:06,2024-02-09 11:18,2024-02-09 12:12,2024-02-09 13:14,2024-02-09 13:14,4,HOME,WALK IN,64,M
4079,2024-02-09 11:21,2024-02-09 11:26,2024-02-09 11:45,2024-02-09 14:02,2024-02-09 14:02,2,HOME,AMBULANCE,84,F
4080,2024-02-09 11:21,2024-02-09 11:26,2024-02-09 12:19,2024-02-09 12:48,2024-02-09 12:48,5,HOME,WALK IN,63,M
4081,2024-02-09 11:56,2024-02-09 11:59,2024-02-09 12:15,2024-02-09 15:17,2024-02-09 15:17,3,HOME,WALK IN,73,F
4082,2024-02-09 11:59,2024-02-09 12:04,2024-02-09 12:48,2024-02-09 13:42,2024-02-09 13:42,4,HOME,WALK IN,44,M
4083,2024-02-09 12:07,2024-02-09 12:25,2024-02-09 12:44,2024-02-09 13:22,2024-02-09 13:22,3,ADMITTED,WALK IN,79,F
4084,2024-02-09 12:07,2024-02-09 12:12,2024-02-09 12:56,2024-02-09 13:29,2024-02-09 13:29,4,HOME,WALK IN,74,M
4085,2024-02-09 12:09,2024-02-09 12:17,2024-02-09 13:04,2024-02-09 13:14,2024-02-09 13:14,5,HOME,WALK IN,39,M
4086,2024-02-09 12:23,2024-02-09 12:30,2024-02-09 12:48,2024-02-09 14:36,2024-02-09 14:36,3,HOME,WALK IN,61,M
4087,2024-02-09 12:59,2024-02-09 13:09,2024-02-09 13:09,2024-02-09 15:24,2024-02-09 15:24,3,ADMITTED,WALK IN,70,F
4088,2024-02-09 13:20,2024-02-09 13:24,2024-02-09 13:24,2024-02-09 14:40,2024-02-09 14:40,4,HOME,WALK IN,28,F
4089,2024-02-09 13:26,2024-02-09 13:30,2024-02-09 13:30,2024-02-09 18:14,2024-02-09 18:14,3,HOME,WALK IN,49,M
4090,2024-02-09 13:29,2024-02-09 13:44,2024-02-09 13:44,2024-02-09 18:19,2024-02-09 18:19,2,HOME,WALK IN,43,M
4091,2024-02-09 13:44,2024-02-09 13:49,2024-02-09 14:02,2024-02-09 15:36,2024-02-09 15:36,3,HOME,WALK IN,57,M
4092,2024-02-09 14:19,2024-02-09 14:28,2024-02-09 14:28,2024-02-09 19:05,2024-02-09 19:05,2,HOME,AMBULANCE,73,M
4093,2024-02-09 14:26,2024-02-09 14:30,2024-02-09 14:30,2024-02-09 17:34,2024-02-09 17:34,1,ADMITTED,WALK IN,69,M
4094,2024-02-09 14:38,2024-02-09 14:45,2024-02-09 14:45,2024-02-09 16:29,2024-02-09 16:29,1,HOME,AMBULANCE,60,F
4095,2024-02-09 14:40,2024-02-09 14:44,2024-02-09 14:44,2024-02-09 16:03,2024-02-09 16:03,3,HOME,WALK IN,24,M
4096,2024-02-09 14:41,2024-02-09 14:56,2024-02-09 15:18,2024-02-09 17:17,2024-02-09 17:17,2,HOME,WALK IN,73,M
4097,2024-02-09 14:50,2024-02-09 14:55,2024-02-09 16:04,2024-02-09 19:38,2024-02-09 19:38,4,ADMITTED,AMBULANCE,17,F
4098,2024-02-09 14:58,2024-02-09 15:01,2024-02-09 16:07,2024-02-09 17:00,2024-02-09 17:00,4,HOME,WALK IN,26,M
4099,2024-02-09 15:01,2024-02-09 15:06,2024-02-09 15:19,2024-02-09 17:01,2024-02-09 17:01,2,ADMITTED,WALK IN,35,F
4100,2024-02-09 15:04,2024-02-09 15:07,2024-02-09 16:15,2024-02-09 17:36,2024-02-09 17:36,4,ADMITTED,WALK IN,60,M
4101,2024-02-09 15:14,2024-02-09 15:19,2024-02-09 15:36,2024-02-09 18:57,2024-02-09 18:57,3,HOME,WALK IN,40,M
4102,2024-02-09 15:21,2024-02-09 15:23,2024-02-09 15:39,2024-02-09 17:15,2024-02-09 17:15,3,HOME,AMBULANCE,42,M
4103,2024-02-09 15:30,2024-02-09 15:38,2024-02-09 15:48,2024-02-09 16:46,2024-02-09 16:46,3,ADMITTED,WALK IN,37,M
4104,2024-02-09 15:30,2024-02-09 15:40,2024-02-09 15:40,2024-02-09 18:21,2024-02-09 18:21,2,ADMITTED,WALK IN,52,M
4105,2024-02-09 15:35,2024-02-09 15:43,2024-02-09 15:49,2024-02-09 16:43,2024-02-09 16:43,3,HOME,WALK IN,71,F
4106,2024-02-09 15:46,2024-02-09 15:49,,,2024-02-09 17:41,4,LEFT WITHOUT BEING SEEN,WALK IN,33,M
4107,2024-02-09 15:48,2024-02-09 15:57,2024-02-09 15:57,2024-02-09 18:53,2024-02-09 18:53,1,HOME,AMBULANCE,78,M
4108,2024-02-09 15:54,2024-02-09 16:01,2024-02-09 16:03,2024-02-09 20:11,2024-02-09 20:11,2,ADMITTED,WALK IN,72,M
4109,2024-02-09 16:02,2024-02-09 16:09,2024-02-09 16:29,2024-02-09 20:45,2024-02-09 20:45,2,HOME,WALK IN,75,M
4110,2024-02-09 16:25,2024-02-09 16:36,2024-02-09 16:43,2024-02-09 20:45,2024-02-09 20:45,3,HOME,AMBULANCE,59,M
4111,2024-02-09 16:32,2024-02-09 16:38,2024-02-09 17:36,2024-02-09 20:02,2024-02-09 20:02,3,HOME,AMBULANCE,79,F
4112,2024-02-09 16:42,2024-02-09 16:45,2024-02-09 16:46,2024-02-09 17:31,2024-02-09 17:31,2,HOME,WALK IN,87,F
4113,2024-02-09 16:47,2024-02-09 16:57,2024-02-09 17:01,2024-02-09 18:39,2024-02-09 18:39,2,HOME,WALK IN,62,F
4114,2024-02-09 16:49,2024-02-09 16:54,2024-02-09 17:00,2024-02-09 21:22,2024-02-09 21:22,1,HOME,WALK IN,77,F
4115,2024-02-09 16:50,2024-02-09 16:58,2024-02-09 17:17,2024-02-09 20:19,2024-02-09 20:19,2,HOME,AMBULANCE,71,F
4116,2024-02-09 17:02,2024-02-09 17:12,2024-02-09 17:36,2024-02-09 19:02,2024-02-09 19:02,2,HOME,WALK IN,63,M
4117,2024-02-09 17:06,2024-02-09 17:10,2024-02-09 20:59,2024-02-09 22:02,2024-02-09 22:02,4,ADMITTED,WALK IN,42,F
4118,2024-02-09 17:12,2024-02-09 17:23,,,2024-02-09 18:54,4,LEFT WITHOUT BEING SEEN,WALK IN,82,F
4119,2024-02-09 17:14,2024-02-09 17:17,2024-02-09 17:39,2024-02-09 18:50,2024-02-09 18:50,3,HOME,WALK IN,55,F
4120,2024-02-09 17:18,2024-02-09 17:21,2024-02-09 17:41,2024-02-09 20:06,2024-02-09 20:06,3,ADMITTED,WALK IN,25,M
4121,2024-02-09 17:43,2024-02-09 17:49,,,2024-02-09 19:18,3,LEFT WITHOUT BEING SEEN,WALK IN,41,M
4122,2024-02-09 17:43,2024-02-09 17:46,2024-02-09 18:21,2024-02-09 21:45,2024-02-09 21:45,3,ADMITTED,WALK IN,33,F
4123,2024-02-09 18:07,2024-02-09 18:10,2024-02-09 18:20,2024-02-09 21:35,2024-02-09 21:35,2,HOME,WALK IN,65,M
4124,2024-02-09 18:10,2024-02-09 18:22,2024-02-09 19:05,2024-02-09 22:00,2024-02-09 22:00,2,ADMITTED,WALK IN,65,M
4125,2024-02-09 18:11,2024-02-09 18:15,,,2024-02-09 19:44,3,LEFT WITHOUT BEING SEEN,WALK IN,44,M
4126,2024-02-09 18:12,2024-02-09 18:18,2024-02-09 20:11,2024-02-09 21:55,2024-02-09 21:55,3,HOME,WALK IN,69,F
4127,2024-02-09 18:20,2024-02-09 18:26,2024-02-09 19:13,2024-02-09 21:23,2024-02-09 21:23,2,HOME,WALK IN,45,M
4128,2024-02-09 18:20,2024-02-09 18:28,,,2024-02-09 20:45,5,LEFT WITHOUT BEING SEEN,WALK IN,57,F
4129,2024-02-09 18:22,2024-02-09 18:33,2024-02-09 21:10,2024-02-09 21:52,2024-02-09 21:52,4,HOME,WALK IN,68,M
4130,2024-02-09 18:38,2024-02-09 18:45,,,2024-02-09 19:51,3,LEFT WITHOUT BEING SEEN,WALK IN,43,M
4131,2024-02-09 18:42,2024-02-09 18:47,2024-02-09 21:23,2024-02-10 01:53,2024-02-10 01:53,4,ADMITTED,WALK IN,47,F
4132,2024-02-09 18:52,2024-02-09 19:01,2024-02-09 19:38,2024-02-09 21:18,2024-02-09 21:18,2,ADMITTED,AMBULANCE,67,M
4133,2024-02-09 18:55,2024-02-09 19:00,2024-02-09 20:12,2024-02-09 23:31,2024-02-09 23:31,3,ADMITTED,AMBULANCE,47,M
4134,2024-02-09 18:59,2024-02-09 19:09,2024-02-09 20:00,2024-02-09 22:23,2024-02-09 22:23,2,HOME,AMBULANCE,54,F
4135,2024-02-09 19:02,2024-02-09 19:08,2024-02-09 21:23,2024-02-10 03:44,2024-02-10 03:44,5,HOME,WALK IN,58,M
4136,2024-02-09 19:29,2024-02-09 19:32,2024-02-09 20:19,2024-02-09 21:57,2024-02-09 21:57,3,HOME,WALK IN,43,F
4137,2024-02-09 19:33,2024-02-09 19:37,2024-02-09 20:45,2024-02-10 00:03,2024-02-10 00:03,3,HOME,AMBULANCE,67,F
4138,2024-02-09 19:42,2024-02-09 19:44,2024-02-09 21:25,2024-02-09 21:38,2024-02-09 21:38,5,HOME,WALK IN,47,M
4139,2024-02-09 19:59,2024-02-09 20:03,2024-02-09 20:07,2024-02-09 22:06,2024-02-09 22:06,2,HOME,WALK IN,72,M
4140,2024-02-09 20:08,2024-02-09 20:18,2024-02-09 20:45,2024-02-09 22:59,2024-02-09 22:59,3,HOME,WALK IN,64,M
4141,2024-02-09 20:09,2024-02-09 20:12,,,2024-02-09 22:08,5,LEFT WITHOUT BEING SEEN,WALK IN,50,M
4142,2024-02-09 20:17,2024-02-09 20:26,2024-02-09 20:50,2024-02-09 21:59,2024-02-09 21:59,3,HOME,AMBULANCE,47,F
4143,2024-02-09 20:21,2024-02-09 20:28,2024-02-09 20:51,2024-02-09 23:23,2024-02-09 23:23,3,HOME,WALK IN,56,M
4144,2024-02-09 20:29,2024-02-09 20:34,2024-02-09 21:23,2024-02-09 23:25,2024-02-09 23:25,3,ADMITTED,WALK IN,28,F
4145,2024-02-09 20:38,2024-02-09 20:42,2024-02-09 22:11,2024-02-09 22:31,2024-02-09 22:31,5,HOME,WALK IN,62,M
4146,2024-02-09 20:52,2024-02-09 20:57,2024-02-09 22:12,2024-02-09 22:50,2024-02-09 22:50,5,HOME,WALK IN,59,M
4147,2024-02-09 21:32,2024-02-09 21:38,2024-02-09 22:00,2024-02-09 23:04,2024-02-09 23:04,3,ADMITTED,WALK IN,35,M
4148,2024-02-09 21:54,2024-02-09 21:56,2024-02-09 22:02,2024-02-09 22:30,2024-02-09 22:30,3,ADMITTED,AMBULANCE,65,M
4149,2024-02-09 21:58,2024-02-09 22:06,2024-02-09 22:06,2024-02-10 02:02,2024-02-10 02:02,3,HOME,WALK IN,36,F
4150,2024-02-09 22:28,2024-02-09 22:31,2024-02-09 22:31,2024-02-09 23:37,2024-02-09 23:37,4,HOME,WALK IN,33,F
4151,2024-02-09 23:00,2024-02-09 23:09,2024-02-09 23:09,2024-02-10 04:00,2024-02-10 04:00,1,ADMITTED,WALK IN,40,M
4152,2024-02-09 23:05,2024-02-09 23:16,2024-02-09 23:18,2024-02-10 02:11,2024-02-10 02:11,4,HOME,WALK IN,38,F
4153,2024-02-09 23:10,2024-02-09 23:20,2024-02-09 23:37,2024-02-10 01:59,2024-02-10 01:59,2,ADMITTED,WALK IN,48,M
4154,2024-02-10 00:22,2024-02-10 00:32,2024-02-10 00:32,2024-02-10 04:04,2024-02-10 04:04,2,HOME,WALK IN,72,M
4155,2024-02-10 00:27,2024-02-10 00:38,2024-02-10 00:38,2024-02-10 02:04,2024-02-10 02:04,4,HOME,WALK IN,40,F
4156,2024-02-10 00:30,2024-02-10 00:56,,,2024-02-10 01:59,3,LEFT WITHOUT BEING SEEN,WALK IN,38,M
4157,2024-02-10 00:45,2024-02-10 01:05,,,2024-02-10 01:32,4,LEFT WITHOUT BEING SEEN,WALK IN,40,F
4158,2024-02-10 01:50,2024-02-10 01:58,2024-02-10 02:11,2024-02-10 02:36,2024-02-10 02:36,5,HOME,AMBULANCE,21,F
4159,2024-02-10 02:08,2024-02-10 02:13,2024-02-10 02:14,2024-02-10 03:06,2024-02-10 03:06,3,HOME,AMBULANCE,61,F
4160,2024-02-10 02:33,2024-02-10 02:39,2024-02-10 02:39,2024-02-10 03:17,2024-02-10 03:17,2,HOME,WALK IN,54,M
4161,2024-02-10 02:35,2024-02-10 02:42,2024-02-10 02:42,2024-02-10 04:42,2024-02-10 04:42,3,HOME,WALK IN,55,F
4162,2024-02-10 02:38,2024-02-10 02:50,2024-02-10 02:50,2024-02-10 05:34,2024-02-10 07:18,1,ADMITTED,AMBULANCE,86,M
4163,2024-02-10 02:52,2024-02-10 02:56,2024-02-10 03:06,2024-02-10 03:35,2024-02-10 03:35,4,HOME,WALK IN,67,F
4164,2024-02-10 04:49,2024-02-10 04:59,2024-02-10 04:59,2024-02-10 06:52,2024-02-10 06:52,3,HOME,WALK IN,36,F
4165,2024-02-10 06:20,2024-02-10 06:26,2024-02-10 06:26,2024-02-10 08:20,2024-02-10 08:20,2,HOME,AMBULANCE,70,M
4166,2024-02-10 06:26,2024-02-10 06:29,2024-02-10 06:29,2024-02-10 07:52,2024-02-10 07:52,3,HOME,WALK IN,45,F
4167,2024-02-10 06:27,2024-02-10 06:33,2024-02-10 06:33,2024-02-10 08:29,2024-02-10 08:29,3,ADMITTED,WALK IN,61,M
4168,2024-02-10 06:44,2024-02-10 06:54,2024-02-10 06:54,2024-02-10 08:39,2024-02-10 08:39,4,HOME,AMBULANCE,78,M
4169,2024-02-10 07:03,2024-02-10 07:11,2024-02-10 07:11,2024-02-10 08:28,2024-02-10 08:28,2,ADMITTED,WALK IN,67,F
4170,2024-02-10 08:08,2024-02-10 08:14,2024-02-10 08:14,2024-02-10 08:51,2024-02-10 08:51,4,HOME,WALK IN,24,M
4171,2024-02-10 08:18,2024-02-10 08:24,2024-02-10 08:24,2024-02-10 10:23,2024-02-10 10:23,3,HOME,AMBULANCE,34,M
4172,2024-02-10 08:21,2024-02-10 08:28,2024-02-10 08:28,2024-02-10 09:39,2024-02-10 09:39,4,HOME,WALK IN,58,F
4173,2024-02-10 08:22,2024-02-10 08:33,2024-02-10 08:39,2024-02-10 10:36,2024-02-10 10:36,3,HOME,WALK IN,54,M
4174,2024-02-10 08:27,2024-02-10 08:43,2024-02-10 08:43,2024-02-10 15:53,2024-02-10 15:53,1,ADMITTED,AMBULANCE,61,F
4175,2024-02-10 08:38,2024-02-10 08:46,2024-02-10 08:51,2024-02-10 11:41,2024-02-10 11:41,2,HOME,AMBULANCE,71,M
4176,2024-02-10 09:00,2024-02-10 09:03,2024-02-10 09:03,2024-02-10 09:42,2024-02-10 09:42,5,HOME,WALK IN,64,F
4177,2024-02-10 09:01,2024-02-10 09:05,2024-02-10 09:08,2024-02-10 10:08,2024-02-10 10:29,3,ADMITTED,WALK IN,55,M
4178,2024-02-10 09:23,2024-02-10 09:28,2024-02-10 09:28,2024-02-10 12:57,2024-02-10 12:57,2,ADMITTED,WALK IN,41,F
4179,2024-02-10 09:25,2024-02-10 09:38,2024-02-10 09:39,2024-02-10 10:50,2024-02-10 10:50,4,HOME,WALK IN,48,M
4180,2024-02-10 09:32,2024-02-10 09:44,2024-02-10 09:44,2024-02-10 10:47,2024-02-10 10:47,4,HOME,WALK IN,65,M
4181,2024-02-10 09:47,2024-02-10 09:53,2024-02-10 10:08,2024-02-10 11:44,2024-02-10 11:44,3,HOME,AMBULANCE,57,F
4182,2024-02-10 10:00,2024-02-10 10:02,2024-02-10 10:06,2024-02-10 13:53,2024-02-10 13:53,2,ADMITTED,AMBULANCE,84,M
4183,2024-02-10 10:11,2024-02-10 10:21,2024-02-10 10:23,2024-02-10 11:03,2024-02-10 11:03,4,HOME,WALK IN,56,F
4184,2024-02-10 10:17,2024-02-10 10:28,2024-02-10 10:36,2024-02-10 11:14,2024-02-10 11:14,3,HOME,WALK IN,56,F
4185,2024-02-10 10:22,2024-02-10 10:30,2024-02-10 10:38,2024-02-10 11:28,2024-02-10 11:28,4,HOME,WALK IN,53,F
4186,2024-02-10 10:46,2024-02-10 10:51,2024-02-10 10:51,2024-02-10 11:23,2024-02-10 11:23,5,HOME,WALK IN,22,F
4187,2024-02-10 11:11,2024-02-10 11:18,2024-02-10 11:18,2024-02-10 14:34,2024-02-10 14:34,3,HOME,WALK IN,31,F
4188,2024-02-10 11:14,2024-02-10 11:21,2024-02-10 11:21,2024-02-10 12:58,2024-02-10 12:58,2,HOME,WALK IN,59,M
4189,2024-02-10 11:19,2024-02-10 11:25,2024-02-10 11:28,2024-02-10 14:16,2024-02-10 14:16,3,HOME,WALK IN,64,M
4190,2024-02-10 11:28,2024-02-10 11:33,2024-02-10 12:00,2024-02-10 14:46,2024-02-10 14:46,4,HOME,WALK IN,58,M
4191,2024-02-10 11:33,2024-02-10 11:36,2024-02-10 11:44,2024-02-10 15:19,2024-02-10 15:19,2,ADMITTED,WALK IN,33,M
4192,2024-02-10 11:42,2024-02-10 11:50,2024-02-10 11:59,2024-02-10 13:24,2024-02-10 13:24,3,ADMITTED,WALK IN,55,M
4193,2024-02-10 12:11,2024-02-10 12:19,2024-02-10 12:19,2024-02-10 14:37,2024-02-10 14:37,3,HOME,WALK IN,26,F
4194,2024-02-10 12:29,2024-02-10 12:33,2024-02-10 12:33,2024-02-10 14:43,2024-02-10 14:43,4,HOME,WALK IN,61,M
4195,2024-02-10 12:34,2024-02-10 12:39,2024-02-10 12:39,2024-02-10 17:00,2024-02-10 17:00,3,ADMITTED,WALK IN,44,F
4196,2024-02-10 12:47,2024-02-10 12:53,2024-02-10 12:57,2024-02-10 14:11,2024-02-10 14:11,4,HOME,WALK IN,26,F
4197,2024-02-10 12:51,2024-02-10 12:56,2024-02-10 12:57,2024-02-10 15:56,2024-02-10 15:56,2,HOME,WALK IN,61,F
4198,2024-02-10 13:12,2024-02-10 13:24,2024-02-10 13:24,2024-02-10 15:46,2024-02-10 15:46,4,HOME,WALK IN,36,F
4199,2024-02-10 13:12,2024-02-10 13:17,2024-02-10 13:17,2024-02-10 13:41,2024-02-10 13:41,3,HOME,WALK IN,68,F
4200,2024-02-10 13:23,2024-02-10 13:27,2024-02-10 13:27,2024-02-10 16:12,2024-02-10 16:12,3,HOME,WALK IN,41,M
4201,2024-02-10 13:48,2024-02-10 13:53,2024-02-10 13:53,2024-02-10 17:00,2024-02-10 17:00,1,HOME,AMBULANCE,67,F
4202,2024-02-10 13:54,2024-02-10 13:56,2024-02-10 14:11,2024-02-10 15:10,2024-02-10 15:10,2,ADMITTED,AMBULANCE,55,F
4203,2024-02-10 14:07,2024-02-10 14:12,2024-02-10 14:16,2024-02-10 16:29,2024-02-10 16:29,2,HOME,WALK IN,29,M
4204,2024-02-10 14:17,2024-02-10 14:33,2024-02-10 14:59,2024-02-10 17:15,2024-02-10 17:15,3,ADMITTED,WALK IN,44,F
4205,2024-02-10 14:18,2024-02-10 14:23,2024-02-10 14:46,2024-02-10 17:33,2024-02-10 17:33,3,HOME,WALK IN,52,M
4206,2024-02-10 15:10,2024-02-10 15:14,2024-02-10 15:14,2024-02-10 17:52,2024-02-10 17:52,3,ADMITTED,AMBULANCE,44,M
4207,2024-02-10 15:38,2024-02-10 15:43,2024-02-10 15:43,2024-02-10 21:27,2024-02-11 12:07,2,ADMITTED,WALK IN,76,F
4208,2024-02-10 15:50,2024-02-10 15:59,2024-02-10 15:59,2024-02-10 19:49,2024-02-11 10:06,3,ADMITTED,WALK IN,66,F
4209,2024-02-10 16:04,2024-02-10 16:17,2024-02-10 16:17,2024-02-10 18:11,2024-02-10 18:11,4,HOME,WALK IN,41,M
4210,2024-02-10 16:45,2024-02-10 16:50,2024-02-10 16:50,2024-02-10 21:17,2024-02-10 21:17,2,HOME,WALK IN,20,F
4211,2024-02-10 16:48,2024-02-10 16:53,2024-02-10 16:53,2024-02-10 18:06,2024-02-10 18:06,3,ADMITTED,WALK IN,40,F
4212,2024-02-10 16:52,2024-02-10 16:59,2024-02-10 17:00,2024-02-10 20:55,2024-02-11 10:16,4,ADMITTED,WALK IN,47,M
4213,2024-02-10 17:26,2024-02-10 17:32,2024-02-10 17:32,2024-02-10 22:52,2024-02-11 13:15,2,ADMITTED,WALK IN,61,M
4214,2024-02-10 17:26,2024-02-10 17:31,2024-02-10 17:31,2024-02-10 19:14,2024-02-11 07:23,3,ADMITTED,WALK IN,70,M
4215,2024-02-10 17:31,2024-02-10 17:38,2024-02-10 17:38,2024-02-10 19:11,2024-02-10 19:11,2,ADMITTED,WALK IN,45,M
4216,2024-02-10 17:41,2024-02-10 17:46,2024-02-10 18:07,2024-02-10 18:58,2024-02-10 18:58,3,ADMITTED,WALK IN,42,F
4217,2024-02-10 17:51,2024-02-10 17:53,2024-02-10 17:53,2024-02-10 20:27,2024-02-10 20:27,1,HOME,WALK IN,56,M
4218,2024-02-10 18:07,2024-02-10 18:14,2024-02-10 18:14,2024-02-10 21:51,2024-02-11 12:18,3,ADMITTED,AMBULANCE,75,F
4219,2024-02-10 18:10,2024-02-10 18:15,2024-02-10 18:15,2024-02-10 19:52,2024-02-11 10:06,3,ADMITTED,WALK IN,29,F
4220,2024-02-10 18:12,2024-02-10 18:17,2024-02-10 18:17,2024-02-10 19:40,2024-02-11 08:04,3,ADMITTED,WALK IN,83,F
4221,2024-02-10 18:15,2024-02-10 18:21,2024-02-10 18:24,2024-02-10 22:53,2024-02-11 13:55,3,ADMITTED,WALK IN,43,M
4222,2024-02-10 18:32,2024-02-10 18:35,2024-02-10 18:35,2024-02-10 20:23,2024-02-10 20:23,3,HOME,WALK IN,54,F
4223,2024-02-10 18:40,2024-02-10 18:42,2024-02-10 18:42,2024-02-10 21:07,2024-02-10 21:07,3,HOME,WALK IN,78,M
4224,2024-02-10 18:51,2024-02-10 18:56,2024-02-10 18:58,2024-02-10 21:22,2024-02-11 10:47,2,ADMITTED,AMBULANCE,62,M
4225,2024-02-10 19:18,2024-02-10 19:23,2024-02-10 19:23,2024-02-10 20:13,2024-02-10 20:13,3,HOME,WALK IN,19,F
4226,2024-02-10 19:22,2024-02-10 19:28,2024-02-10 19:28,2024-02-10 19:52,2024-02-10 19:52,5,HOME,WALK IN,54,M
4227,2024-02-10 19:41,2024-02-10 19:53,2024-02-10 19:53,2024-02-10 20:27,2024-02-10 20:27,4,HOME,WALK IN,77,F
4228,2024-02-10 20:02,2024-02-10 20:06,2024-02-10 20:06,2024-02-10 21:53,2024-02-11 12:32,2,ADMITTED,AMBULANCE,40,M
4229,2024-02-10 20:15,2024-02-10 20:19,2024-02-10 20:27,2024-02-10 21:09,2024-02-10 21:09,4,HOME,WALK IN,55,F
4230,2024-02-10 20:18,2024-02-10 20:24,2024-02-10 20:25,2024-02-10 21:49,2024-02-11 12:14,3,ADMITTED,AMBULANCE,61,F
4231,2024-02-10 20:22,2024-02-10 20:28,2024-02-10 20:28,2024-02-11 00:51,2024-02-11 00:51,3,HOME,WALK IN,27,F
4232,2024-02-10 20:30,2024-02-10 20:34,2024-02-10 20:34,2024-02-10 23:39,2024-02-10 23:39,2,HOME,WALK IN,88,F
4233,2024-02-10 20:32,2024-02-10 20:37,2024-02-10 20:40,2024-02-10 23:10,2024-02-10 23:10,2,HOME,WALK IN,51,M
4234,2024-02-10 21:01,2024-02-10 21:07,2024-02-10 21:09,2024-02-11 00:22,2024-02-11 14:06,2,ADMITTED,WALK IN,27,M
4235,2024-02-10 21:08,2024-02-10 21:13,2024-02-10 21:27,2024-02-10 22:59,2024-02-11 13:59,4,ADMITTED,WALK IN,66,M
4236,2024-02-10 21:16,2024-02-10 21:20,2024-02-10 21:22,2024-02-10 23:36,2024-02-10 23:36,3,HOME,WALK IN,52,F
4237,2024-02-10 21:28,2024-02-10 21:32,2024-02-10 23:10,2024-02-11 03:08,2024-02-11 14:14,3,ADMITTED,WALK IN,81,F
4238,2024-02-10 22:40,2024-02-10 22:44,2024-02-10 23:36,2024-02-11 01:59,2024-02-11 01:59,3,HOME,WALK IN,86,M
4239,2024-02-10 22:48,2024-02-10 22:55,2024-02-10 23:39,2024-02-11 00:50,2024-02-11 00:50,3,HOME,WALK IN,34,F
4240,2024-02-10 23:29,2024-02-10 23:34,2024-02-11 00:50,2024-02-11 03:12,2024-02-11 03:12,3,HOME,WALK IN,39,M
4241,2024-02-10 23:31,2024-02-10 23:40,,,2024-02-11 01:17,3,LEFT WITHOUT BEING SEEN,WALK IN,38,F
4242,2024-02-10 23:45,2024-02-10 23:49,,,2024-02-11 05:06,3,LEFT WITHOUT BEING SEEN,WALK IN,57,F
4243,2024-02-11 00:02,2024-02-11 00:12,,,2024-02-11 04:03,3,LEFT WITHOUT BEING SEEN,WALK IN,34,F
4244,2024-02-11 00:30,2024-02-11 00:37,,,2024-02-11 02:45,4,LEFT WITHOUT BEING SEEN,WALK IN,39,F
4245,2024-02-11 00:46,2024-02-11 00:50,2024-02-11 00:51,2024-02-11 03:10,2024-02-11 15:47,2,ADMITTED,AMBULANCE,74,F
4246,2024-02-11 00:53,2024-02-11 00:57,2024-02-11 01:59,2024-02-11 03:50,2024-02-11 15:53,2,ADMITTED,WALK IN,69,F
4247,2024-02-11 00:55,2024-02-11 00:59,2024-02-11 03:12,2024-02-11 05:07,2024-02-11 05:07,3,HOME,AMBULANCE,60,F
4248,2024-02-11 00:59,2024-02-11 01:03,,,2024-02-11 04:53,5,LEFT WITHOUT BEING SEEN,WALK IN,48,F
4249,2024-02-11 01:14,2024-02-11 01:17,,,2024-02-11 02:45,3,LEFT WITHOUT BEING SEEN,WALK IN,37,F
4250,2024-02-11 02:42,2024-02-11 02:46,2024-02-11 05:07,2024-02-11 07:37,2024-02-11 16:29,4,ADMITTED,WALK IN,26,F
4251,2024-02-11 03:06,2024-02-11 03:12,2024-02-11 07:23,2024-02-11 10:33,2024-02-11 10:33,2,HOME,WALK IN,61,M
4252,2024-02-11 06:05,2024-02-11 06:16,,,2024-02-11 07:14,4,LEFT WITHOUT BEING SEEN,WALK IN,28,M
4253,2024-02-11 06:24,2024-02-11 06:30,,,2024-02-11 07:49,3,LEFT WITHOUT BEING SEEN,WALK IN,26,M
4254,2024-02-11 06:45,2024-02-11 06:47,,,2024-02-11 09:16,3,LEFT WITHOUT BEING SEEN,AMBULANCE,37,M
4255,2024-02-11 07:21,2024-02-11 07:27,2024-02-11 08:04,2024-02-11 09:48,2024-02-11 09:48,2,HOME,WALK IN,92,M
4256,2024-02-11 08:03,2024-02-11 08:12,,,2024-02-11 10:06,4,LEFT WITHOUT BEING SEEN,WALK IN,40,M
4257,2024-02-11 08:09,2024-02-11 08:19,2024-02-11 10:06,2024-02-11 11:36,2024-02-11 11:36,3,HOME,WALK IN,61,M
4258,2024-02-11 08:12,2024-02-11 08:22,2024-02-11 10:33,2024-02-11 15:32,2024-02-12 01:25,3,ADMITTED,WALK IN,25,F
4259,2024-02-11 08:32,2024-02-11 08:37,2024-02-11 09:48,2024-02-11 11:55,2024-02-11 19:55,2,ADMITTED,AMBULANCE,67,F
4260,2024-02-11 09:22,2024-02-11 09:25,,,2024-02-11 11:19,4,LEFT WITHOUT BEING SEEN,WALK IN,49,M
4261,2024-02-11 09:22,2024-02-11 09:30,2024-02-11 10:16,2024-02-11 12:11,2024-02-11 12:11,2,HOME,WALK IN,32,M
4262,2024-02-11 09:25,2024-02-11 09:35,2024-02-11 10:47,2024-02-11 14:38,2024-02-11 14:38,3,HOME,AMBULANCE,69,M
4263,2024-02-11 09:42,2024-02-11 09:54,2024-02-11 12:32,2024-02-11 14:34,2024-02-11 14:34,3,HOME,WALK IN,45,M
4264,2024-02-11 09:48,2024-02-11 10:00,2024-02-11 10:06,2024-02-11 11:15,2024-02-11 17:40,1,ADMITTED,WALK IN,68,M
4265,2024-02-11 09:51,2024-02-11 10:05,2024-02-11 17:40,2024-02-11 20:27,2024-02-11 20:27,4,HOME,WALK IN,66,F
4266,2024-02-11 10:03,2024-02-11 10:08,,,2024-02-11 13:38,4,LEFT WITHOUT BEING SEEN,WALK IN,66,M
4267,2024-02-11 10:11,2024-02-11 10:18,2024-02-11 12:45,2024-02-11 14:25,2024-02-11 14:25,3,HOME,AMBULANCE,32,M
4268,2024-02-11 10:16,2024-02-11 10:22,,,2024-02-11 12:51,4,LEFT WITHOUT BEING SEEN,AMBULANCE,23,M
4269,2024-02-11 10:31,2024-02-11 10:35,2024-02-11 14:38,2024-02-11 18:48,2024-02-11 18:48,3,HOME,AMBULANCE,26,F
4270,2024-02-11 10:45,2024-02-11 10:51,,,2024-02-11 12:43,5,LEFT WITHOUT BEING SEEN,WALK IN,83,F
4271,2024-02-11 10:47,2024-02-11 10:53,,,2024-02-11 13:51,4,LEFT WITHOUT BEING SEEN,WALK IN,81,M
4272,2024-02-11 10:49,2024-02-11 10:56,2024-02-11 11:36,2024-02-11 12:45,2024-02-11 12:45,1,HOME,AMBULANCE,51,F
4273,2024-02-11 10:56,2024-02-11 10:59,2024-02-11 12:11,2024-02-11 13:33,2024-02-11 13:33,2,HOME,WALK IN,68,M
4274,2024-02-11 11:17,2024-02-11 11:21,2024-02-11 12:07,2024-02-11 15:04,2024-02-11 20:42,1,ADMITTED,WALK IN,56,M
4275,2024-02-11 11:30,2024-02-11 11:35,2024-02-11 12:14,2024-02-11 15:16,2024-02-11 22:45,2,ADMITTED,WALK IN,30,M
4276,2024-02-11 11:33,2024-02-11 11:39,2024-02-11 14:25,2024-02-11 17:26,2024-02-11 17:26,3,HOME,WALK IN,40,F
4277,2024-02-11 11:36,2024-02-11 11:42,,,2024-02-11 12:59,4,LEFT WITHOUT BEING SEEN,WALK IN,59,M
4278,2024-02-11 11:52,2024-02-11 11:58,2024-02-11 15:04,2024-02-11 19:35,2024-02-11 19:35,3,HOME,AMBULANCE,64,F
4279,2024-02-11 12:01,2024-02-11 12:07,2024-02-11 12:18,2024-02-11 14:03,2024-02-11 20:31,2,ADMITTED,WALK IN,56,M
4280,2024-02-11 12:16,2024-02-11 12:21,,,2024-02-11 14:39,5,LEFT WITHOUT BEING SEEN,WALK IN,32,F
4281,2024-02-11 12:21,2024-02-11 12:25,,,2024-02-11 13:18,3,LEFT WITHOUT BEING SEEN,WALK IN,34,M
4282,2024-02-11 12:22,2024-02-11 12:32,,,2024-02-11 14:04,4,LEFT WITHOUT BEING SEEN,WALK IN,45,F
4283,2024-02-11 12:29,2024-02-11 12:32,2024-02-11 15:16,2024-02-11 16:27,2024-02-11 16:27,3,HOME,AMBULANCE,58,F
4284,2024-02-11 12:34,2024-02-11 12:43,,,2024-02-11 13:59,3,LEFT WITHOUT BEING SEEN,WALK IN,58,F
4285,2024-02-11 13:03,2024-02-11 13:08,2024-02-11 13:33,2024-02-11 15:12,2024-02-11 15:12,2,HOME,WALK IN,43,M
4286,2024-02-11 13:03,2024-02-11 13:07,2024-02-11 13:15,2024-02-11 16:16,2024-02-12 07:05,2,ADMITTED,AMBULANCE,64,M
4287,2024-02-11 13:04,2024-02-11 13:13,2024-02-11 13:55,2024-02-11 20:10,2024-02-12 11:10,2,ADMITTED,AMBULANCE,69,F
4288,2024-02-11 13:12,2024-02-11 13:16,,,2024-02-11 17:29,4,LEFT WITHOUT BEING SEEN,WALK IN,63,M
4289,2024-02-11 13:14,2024-02-11 13:23,2024-02-11 13:59,2024-02-11 15:46,2024-02-12 05:07,2,ADMITTED,WALK IN,43,M
4290,2024-02-11 13:16,2024-02-11 13:20,2024-02-11 15:47,2024-02-11 19:52,2024-02-12 11:10,3,ADMITTED,AMBULANCE,43,M
4291,2024-02-11 13:25,2024-02-11 13:36,2024-02-11 15:53,2024-02-11 18:32,2024-02-11 18:32,3,HOME,WALK IN,49,M
4292,2024-02-11 13:31,2024-02-11 13:34,2024-02-11 14:06,2024-02-11 20:09,2024-02-11 20:09,2,HOME,WALK IN,62,M
4293,2024-02-11 13:39,2024-02-11 13:49,,,2024-02-11 19:14,4,LEFT WITHOUT BEING SEEN,WALK IN,44,M
4294,2024-02-11 13:43,2024-02-11 13:52,,,2024-02-11 16:19,3,LEFT WITHOUT BEING SEEN,WALK IN,25,F
4295,2024-02-11 13:58,2024-02-11 14:01,,,2024-02-11 17:19,4,LEFT WITHOUT BEING SEEN,WALK IN,59,F
4296,2024-02-11 13:58,2024-02-11 14:03,2024-02-11 19:35,2024-02-11 21:27,2024-02-11 21:27,3,HOME,AMBULANCE,64,F
4297,2024-02-11 14:05,2024-02-11 14:09,2024-02-11 19:55,2024-02-11 21:17,2024-02-11 21:17,3,HOME,WALK IN,59,M
4298,2024-02-11 14:06,2024-02-11 14:10,2024-02-11 14:34,2024-02-11 17:34,2024-02-11 17:34,3,HOME,WALK IN,45,F
4299,2024-02-11 14:47,2024-02-11 14:59,,,2024-02-11 18:54,3,LEFT WITHOUT BEING SEEN,AMBULANCE,32,F
4300,2024-02-11 14:48,2024-02-11 14:53,2024-02-11 19:58,2024-02-12 00:47,2024-02-12 00:47,3,HOME,WALK IN,65,M
4301,2024-02-11 15:08,2024-02-11 15:10,,,2024-02-11 19:40,3,LEFT WITHOUT BEING SEEN,WALK IN,23,M
4302,2024-02-11 15:37,2024-02-11 15:39,,,2024-02-11 19:08,4,LEFT WITHOUT BEING SEEN,WALK IN,27,F
4303,2024-02-11 15:38,2024-02-11 15:41,,,2024-02-11 17:20,3,LEFT WITHOUT BEING SEEN,AMBULANCE,51,M
4304,2024-02-11 15:52,2024-02-11 15:59,2024-02-11 20:08,2024-02-11 20:54,2024-02-12 11:18,3,ADMITTED,WALK IN,76,M
4305,2024-02-11 15:57,2024-02-11 16:01,2024-02-11 20:09,2024-02-11 22:49,2024-02-12 11:25,3,ADMITTED,AMBULANCE,56,M
4306,2024-02-11 16:03,2024-02-11 16:08,,,2024-02-11 17:08,5,LEFT WITHOUT BEING SEEN,WALK IN,29,M
4307,2024-02-11 16:16,2024-02-11 16:22,2024-02-11 16:27,2024-02-11 20:15,2024-02-11 20:15,1,HOME,AMBULANCE,72,M
4308,2024-02-11 16:17,2024-02-11 16:23,,,2024-02-11 20:06,3,LEFT WITHOUT BEING SEEN,WALK IN,40,F
4309,2024-02-11 16:22,2024-02-11 16:26,2024-02-11 16:29,2024-02-11 21:33,2024-02-12 11:21,2,ADMITTED,WALK IN,41,M
4310,2024-02-11 16:39,2024-02-11 16:42,2024-02-11 19:48,2024-02-11 21:14,2024-02-11 21:14,4,HOME,WALK IN,51,F
4311,2024-02-11 16:50,2024-02-11 16:55,2024-02-11 17:34,2024-02-11 20:08,2024-02-11 20:08,2,HOME,WALK IN,61,M
4312,2024-02-11 17:05,2024-02-11 17:10,2024-02-11 20:15,2024-02-11 21:47,2024-02-11 21:47,3,HOME,WALK IN,64,F
4313,2024-02-11 17:09,2024-02-11 17:14,,,2024-02-11 19:20,5,LEFT WITHOUT BEING SEEN,WALK IN,27,F
4314,2024-02-11 17:19,2024-02-11 17:26,2024-02-11 18:34,2024-02-11 19:58,2024-02-11 19:58,2,HOME,WALK IN,34,F
4315,2024-02-11 17:20,2024-02-11 17:26,,,2024-02-11 18:28,4,LEFT WITHOUT BEING SEEN,WALK IN,28,M
4316,2024-02-11 17:27,2024-02-11 17:30,2024-02-11 21:17,2024-02-11 22:30,2024-02-11 22:30,3,HOME,WALK IN,60,M
4317,2024-02-11 17:37,2024-02-11 17:42,2024-02-11 18:48,2024-02-11 19:48,2024-02-11 19:48,2,HOME,WALK IN,52,F
4318,2024-02-11 17:54,2024-02-11 18:00,,,2024-02-11 23:23,4,LEFT WITHOUT BEING SEEN,WALK IN,68,F
4319,2024-02-11 17:58,2024-02-11 18:06,2024-02-11 18:32,2024-02-11 21:09,2024-02-12 11:20,1,ADMITTED,WALK IN,43,M
4320,2024-02-11 18:08,2024-02-11 18:24,2024-02-11 21:14,2024-02-11 23:10,2024-02-11 23:10,3,HOME,WALK IN,49,F
4321,2024-02-11 18:19,2024-02-11 18:33,,,2024-02-11 19:36,4,LEFT WITHOUT BEING SEEN,WALK IN,37,M
4322,2024-02-11 18:40,2024-02-11 18:46,,,2024-02-11 20:42,5,LEFT WITHOUT BEING SEEN,WALK IN,59,M
4323,2024-02-11 18:59,2024-02-11 19:07,,,2024-02-11 23:23,4,LEFT WITHOUT BEING SEEN,WALK IN,42,M
4324,2024-02-11 19:14,2024-02-11 19:18,2024-02-11 21:33,2024-02-11 23:45,2024-02-11 23:45,3,HOME,WALK IN,51,F
4325,2024-02-11 19:17,2024-02-11 19:25,,,2024-02-11 20:52,5,LEFT WITHOUT BEING SEEN,WALK IN,63,M
4326,2024-02-11 19:29,2024-02-11 19:34,2024-02-11 21:52,2024-02-12 00:38,2024-02-12 00:38,3,HOME,WALK IN,55,F
4327,2024-02-11 19:42,2024-02-11 19:50,,,2024-02-11 21:50,3,LEFT WITHOUT BEING SEEN,WALK IN,54,F
4328,2024-02-11 20:09,2024-02-11 20:18,2024-02-11 20:31,2024-02-11 23:07,2024-02-11 23:07,2,HOME,WALK IN,76,F
4329,2024-02-11 20:14,2024-02-11 20:17,2024-02-11 20:27,2024-02-11 21:52,2024-02-11 21:52,2,HOME,WALK IN,62,M
4330,2024-02-11 20:17,2024-02-11 20:23,,,2024-02-11 21:23,4,LEFT WITHOUT BEING SEEN,WALK IN,41,F
4331,2024-02-11 20:19,2024-02-11 20:34,2024-02-11 20:42,2024-02-11 23:49,2024-02-12 12:00,1,ADMITTED,AMBULANCE,51,M
4332,2024-02-11 20:51,2024-02-11 20:56,2024-02-12 03:37,2024-02-12 06:00,2024-02-12 06:00,4,HOME,WALK IN,34,F
4333,2024-02-11 21:32,2024-02-11 21:37,2024-02-11 22:49,2024-02-12 00:08,2024-02-12 12:03,3,ADMITTED,WALK IN,32,M
4334,2024-02-11 21:34,2024-02-11 21:40,2024-02-11 21:50,2024-02-12 02:07,2024-02-12 12:16,2,ADMITTED,AMBULANCE,52,M
4335,2024-02-11 21:43,2024-02-11 21:50,2024-02-11 23:10,2024-02-12 01:32,2024-02-12 01:32,3,HOME,WALK IN,40,M
4336,2024-02-11 22:08,2024-02-11 22:13,,,2024-02-12 03:08,4,LEFT WITHOUT BEING SEEN,WALK IN,39,F
4337,2024-02-11 22:12,2024-02-11 22:18,2024-02-11 22:30,2024-02-12 01:12,2024-02-12 01:12,2,HOME,WALK IN,45,M
4338,2024-02-11 22:17,2024-02-11 22:28,2024-02-11 23:45,2024-02-12 03:16,2024-02-12 03:16,3,HOME,WALK IN,53,M
4339,2024-02-11 22:29,2024-02-11 22:33,,,2024-02-11 23:40,3,LEFT WITHOUT BEING SEEN,AMBULANCE,45,F
4340,2024-02-11 22:52,2024-02-11 22:56,2024-02-11 23:07,2024-02-12 04:09,2024-02-12 12:34,2,ADMITTED,AMBULANCE,57,M
4341,2024-02-11 23:04,2024-02-11 23:09,2024-02-12 00:38,2024-02-12 04:33,2024-02-12 14:23,3,ADMITTED,WALK IN,33,M
4342,2024-02-11 23:09,2024-02-11 23:17,,,2024-02-12 00:30,3,LEFT WITHOUT BEING SEEN,WALK IN,59,F
4343,2024-02-11 23:26,2024-02-11 23:31,2024-02-12 00:47,2024-02-12 02:44,2024-02-12 02:44,3,HOME,AMBULANCE,39,M
4344,2024-02-11 23:46,2024-02-11 23:51,2024-02-12 01:12,2024-02-12 03:30,2024-02-12 12:33,3,ADMITTED,WALK IN,53,M
4345,2024-02-12 00:17,2024-02-12 00:21,2024-02-12 01:32,2024-02-12 03:37,2024-02-12 03:37,3,HOME,WALK IN,47,F
4346,2024-02-12 00:23,2024-02-12 00:29,2024-02-12 01:39,2024-02-12 04:45,2024-02-12 04:45,3,HOME,WALK IN,42,F
4347,2024-02-12 00:56,2024-02-12 01:03,2024-02-12 02:44,2024-02-12 04:39,2024-02-12 04:39,3,HOME,WALK IN,57,F
4348,2024-02-12 02:14,2024-02-12 02:17,2024-02-12 03:16,2024-02-12 06:42,2024-02-12 06:42,3,HOME,WALK IN,33,M
4349,2024-02-12 02:35,2024-02-12 02:40,2024-02-12 06:00,2024-02-12 06:37,2024-02-12 06:37,4,HOME,WALK IN,33,F
4350,2024-02-12 03:41,2024-02-12 03:49,2024-02-12 04:39,2024-02-12 08:29,2024-02-12 08:29,2,HOME,WALK IN,73,M
4351,2024-02-12 03:52,2024-02-12 03:58,2024-02-12 05:36,2024-02-12 07:42,2024-02-12 07:42,3,HOME,WALK IN,53,F
4352,2024-02-12 03:56,2024-02-12 04:06,,,2024-02-12 04:53,4,LEFT WITHOUT BEING SEEN,WALK IN,54,M
4353,2024-02-12 04:28,2024-02-12 04:36,2024-02-12 04:45,2024-02-12 07:10,2024-02-12 14:24,2,ADMITTED,AMBULANCE,19,M
4354,2024-02-12 06:25,2024-02-12 06:34,2024-02-12 06:37,2024-02-12 09:54,2024-02-12 14:56,3,ADMITTED,WALK IN,54,M
4355,2024-02-12 06:49,2024-02-12 06:51,2024-02-12 06:51,2024-02-12 08:01,2024-02-12 08:01,2,HOME,AMBULANCE,24,F
4356,2024-02-12 07:14,2024-02-12 07:20,2024-02-12 07:20,2024-02-12 09:34,2024-02-12 09:34,2,HOME,AMBULANCE,84,M
4357,2024-02-12 07:20,2024-02-12 07:25,2024-02-12 07:42,2024-02-12 09:03,2024-02-12 14:33,3,ADMITTED,WALK IN,30,M
4358,2024-02-12 07:28,2024-02-12 07:41,,,2024-02-12 09:48,4,LEFT WITHOUT BEING SEEN,AMBULANCE,72,M
4359,2024-02-12 07:47,2024-02-12 07:50,2024-02-12 08:01,2024-02-12 13:36,2024-02-12 18:16,1,ADMITTED,AMBULANCE,65,F
4360,2024-02-12 08:13,2024-02-12 08:18,,,2024-02-12 10:48,3,LEFT WITHOUT BEING SEEN,WALK IN,32,M
4361,2024-02-12 08:15,2024-02-12 08:21,2024-02-12 08:29,2024-02-12 09:51,2024-02-12 09:51,2,HOME,WALK IN,72,F
4362,2024-02-12 08:15,2024-02-12 08:25,,,2024-02-12 11:44,5,LEFT WITHOUT BEING SEEN,WALK IN,19,F
4363,2024-02-12 08:16,2024-02-12 08:31,,,2024-02-12 10:26,3,LEFT WITHOUT BEING SEEN,WALK IN,21,F
4364,2024-02-12 08:28,2024-02-12 08:34,2024-02-12 11:18,2024-02-12 16:09,2024-02-12 16:09,3,HOME,WALK IN,25,M
4365,2024-02-12 08:30,2024-02-12 08:37,2024-02-12 11:23,2024-02-12 12:40,2024-02-12 12:40,3,HOME,WALK IN,76,F
4366,2024-02-12 08:32,2024-02-12 08:44,,,2024-02-12 11:01,4,LEFT WITHOUT BEING SEEN,WALK IN,36,F
4367,2024-02-12 08:36,2024-02-12 08:57,2024-02-12 09:34,2024-02-12 11:51,2024-02-12 15:18,2,ADMITTED,WALK IN,38,M
4368,2024-02-12 08:45,2024-02-12 09:00,2024-02-12 11:25,2024-02-12 13:23,2024-02-12 17:37,3,ADMITTED,WALK IN,61,F
4369,2024-02-12 08:54,2024-02-12 09:10,,,2024-02-12 18:43,5,LEFT WITHOUT BEING SEEN,WALK IN,57,M
4370,2024-02-12 08:56,2024-02-12 09:29,2024-02-12 11:27,2024-02-12 14:46,2024-02-12 14:46,3,HOME,WALK IN,45,F
4371,2024-02-12 09:05,2024-02-12 09:45,2024-02-12 09:51,2024-02-12 11:59,2024-02-12 11:59,2,HOME,WALK IN,37,M
4372,2024-02-12 09:06,2024-02-12 09:51,,,2024-02-12 12:31,4,LEFT WITHOUT BEING SEEN,WALK IN,39,F
4373,2024-02-12 09:07,2024-02-12 09:58,,,2024-02-12 10:48,4,LEFT WITHOUT BEING SEEN,WALK IN,49,M
4374,2024-02-12 09:12,2024-02-12 10:00,2024-02-12 11:10,2024-02-12 13:05,2024-02-12 16:05,2,ADMITTED,WALK IN,38,F
4375,2024-02-12 09:17,2024-02-12 10:03,,,2024-02-12 11:11,4,LEFT WITHOUT BEING SEEN,WALK IN,36,M
4376,2024-02-12 09:17,2024-02-12 10:05,,,2024-02-12 11:33,5,LEFT WITHOUT BEING SEEN,WALK IN,55,F
4377,2024-02-12 09:26,2024-02-12 10:05,2024-02-12 11:10,2024-02-12 13:05,2024-02-12 16:38,1,ADMITTED,WALK IN,93,M
4378,2024-02-12 09:36,2024-02-12 10:14,,,2024-02-12 12:06,4,LEFT WITHOUT BEING SEEN,WALK IN,68,F
4379,2024-02-12 09:50,2024-02-12 10:08,2024-02-12 11:59,2024-02-12 12:42,2024-02-12 12:42,3,HOME,WALK IN,35,M
4380,2024-02-12 09:56,2024-02-12 10:13,,,2024-02-12 11:10,3,LEFT WITHOUT BEING SEEN,WALK IN,38,F
4381,2024-02-12 09:59,2024-02-12 10:15,2024-02-12 12:03,2024-02-12 13:47,2024-02-12 13:47,3,HOME,WALK IN,84,F
4382,2024-02-12 10:04,2024-02-12 10:21,2024-02-12 12:16,2024-02-12 14:58,2024-02-12 14:58,3,HOME,WALK IN,37,F
4383,2024-02-12 10:06,2024-02-12 10:20,,,2024-02-12 12:03,4,LEFT WITHOUT BEING SEEN,WALK IN,82,F
4384,2024-02-12 11:30,2024-02-12 11:34,,,2024-02-12 16:18,4,LEFT WITHOUT BEING SEEN,WALK IN,71,M
4385,2024-02-12 11:44,2024-02-12 11:50,2024-02-12 12:48,2024-02-12 15:15,2024-02-12 15:15,3,HOME,WALK IN,27,F
4386,2024-02-12 11:49,2024-02-12 12:01,2024-02-12 14:23,2024-02-12 16:04,2024-02-12 18:58,3,ADMITTED,AMBULANCE,58,M
4387,2024-02-12 11:50,2024-02-12 11:57,2024-02-12 13:47,2024-02-12 15:58,2024-02-12 15:58,3,HOME,WALK IN,54,M
4388,2024-02-12 11:57,2024-02-12 12:00,2024-02-12 12:00,2024-02-12 13:45,2024-02-12 13:45,2,HOME,WALK IN,44,M
4389,2024-02-12 12:14,2024-02-12 12:22,2024-02-12 12:33,2024-02-12 14:42,2024-02-12 18:45,2,ADMITTED,WALK IN,44,F
4390,2024-02-12 12:18,2024-02-12 12:23,2024-02-12 12:34,2024-02-12 14:39,2024-02-12 14:39,2,HOME,AMBULANCE,34,M
4391,2024-02-12 12:31,2024-02-12 12:36,2024-02-12 12:42,2024-02-12 16:02,2024-02-12 18:58,2,ADMITTED,AMBULANCE,23,M
4392,2024-02-12 12:33,2024-02-12 12:44,,,2024-02-12 14:44,3,LEFT WITHOUT BEING SEEN,WALK IN,64,M
4393,2024-02-12 12:35,2024-02-12 12:43,2024-02-12 14:24,2024-02-12 17:01,2024-02-12 17:01,3,HOME,WALK IN,34,M
4394,2024-02-12 12:41,2024-02-12 12:55,,,2024-02-12 14:31,3,LEFT WITHOUT BEING SEEN,WALK IN,44,M
4395,2024-02-12 12:45,2024-02-12 12:51,,,2024-02-12 14:26,4,LEFT WITHOUT BEING SEEN,WALK IN,30,F
4396,2024-02-12 12:46,2024-02-12 12:59,2024-02-12 14:46,2024-02-12 16:45,2024-02-12 19:06,3,ADMITTED,WALK IN,55,F
4397,2024-02-12 12:58,2024-02-12 13:02,,,2024-02-12 15:38,3,LEFT WITHOUT BEING SEEN,WALK IN,46,F
4398,2024-02-12 13:07,2024-02-12 13:13,2024-02-12 14:43,2024-02-12 17:07,2024-02-12 17:07,3,HOME,WALK IN,45,F
4399,2024-02-12 13:14,2024-02-12 13:18,2024-02-12 13:45,2024-02-12 17:42,2024-02-12 21:16,2,ADMITTED,AMBULANCE,54,M
4400,2024-02-12 13:35,2024-02-12 13:48,2024-02-12 15:38,2024-02-12 19:30,2024-02-12 19:30,3,HOME,WALK IN,41,F
4401,2024-02-12 13:40,2024-02-12 13:46,2024-02-12 15:52,2024-02-12 17:16,2024-02-12 17:16,3,HOME,WALK IN,50,F
4402,2024-02-12 13:40,2024-02-12 13:50,2024-02-12 16:09,2024-02-12 19:02,2024-02-12 19:02,3,HOME,WALK IN,56,F
4403,2024-02-12 13:59,2024-02-12 14:03,,,2024-02-12 16:21,5,LEFT WITHOUT BEING SEEN,WALK IN,69,F
4404,2024-02-12 14:08,2024-02-12 14:12,,,2024-02-12 16:22,4,LEFT WITHOUT BEING SEEN,WALK IN,32,F
4405,2024-02-12 14:30,2024-02-12 14:38,,,2024-02-12 16:52,4,LEFT WITHOUT BEING SEEN,WALK IN,28,F
4406,2024-02-12 14:44,2024-02-12 14:51,2024-02-12 14:58,2024-02-12 18:21,2024-02-12 21:53,2,ADMITTED,WALK IN,55,F
4407,2024-02-12 14:45,2024-02-12 14:49,2024-02-12 16:45,2024-02-12 19:34,2024-02-12 19:34,3,HOME,WALK IN,71,F
4408,2024-02-12 14:49,2024-02-12 14:56,2024-02-12 15:15,2024-02-12 20:38,2024-02-12 22:57,2,ADMITTED,AMBULANCE,68,F
4409,2024-02-12 14:52,2024-02-12 14:55,,,2024-02-12 18:09,4,LEFT WITHOUT BEING SEEN,AMBULANCE,43,F
4410,2024-02-12 15:01,2024-02-12 15:10,2024-02-12 16:46,2024-02-12 17:40,2024-02-12 17:40,3,HOME,WALK IN,19,M
4411,2024-02-12 15:05,2024-02-12 15:12,2024-02-12 15:32,2024-02-12 19:26,2024-02-12 22:10,2,ADMITTED,AMBULANCE,73,F
4412,2024-02-12 15:40,2024-02-12 15:48,,,2024-02-12 17:12,5,LEFT WITHOUT BEING SEEN,WALK IN,62,M
4413,2024-02-12 15:49,2024-02-12 15:52,2024-02-12 17:07,2024-02-12 18:28,2024-02-12 18:28,3,HOME,WALK IN,35,M
4414,2024-02-12 15:54,2024-02-12 15:56,,,2024-02-12 18:04,4,LEFT WITHOUT BEING SEEN,WALK IN,61,F
4415,2024-02-12 16:25,2024-02-12 16:30,2024-02-12 17:14,2024-02-12 19:33,2024-02-12 19:33,3,HOME,WALK IN,27,M
4416,2024-02-12 16:30,2024-02-12 16:33,2024-02-12 18:00,2024-02-12 22:47,2024-02-12 22:47,3,HOME,WALK IN,66,M
4417,2024-02-12 16:55,2024-02-12 16:59,2024-02-12 17:01,2024-02-12 18:00,2024-02-12 18:00,2,HOME,AMBULANCE,62,M
4418,2024-02-12 17:02,2024-02-12 17:10,2024-02-12 19:02,2024-02-13 00:26,2024-02-13 00:26,3,HOME,WALK IN,56,M
4419,2024-02-12 17:03,2024-02-12 17:08,2024-02-12 17:16,2024-02-12 18:41,2024-02-12 18:41,2,HOME,WALK IN,89,M
4420,2024-02-12 17:07,2024-02-12 17:13,2024-02-12 17:37,2024-02-12 20:27,2024-02-12 20:27,2,HOME,WALK IN,69,M
4421,2024-02-12 17:14,2024-02-12 17:20,2024-02-12 18:41,2024-02-12 21:42,2024-02-13 06:29,4,ADMITTED,WALK IN,39,M
4422,2024-02-12 17:21,2024-02-12 17:25,,,2024-02-12 18:50,4,LEFT WITHOUT BEING SEEN,WALK IN,44,M
4423,2024-02-12 17:29,2024-02-12 17:35,,,2024-02-12 18:34,5,LEFT WITHOUT BEING SEEN,WALK IN,27,F
4424,2024-02-12 17:33,2024-02-12 17:36,2024-02-12 17:40,2024-02-12 21:04,2024-02-12 21:04,1,HOME,WALK IN,28,M
4425,2024-02-12 17:36,2024-02-12 17:48,2024-02-12 19:50,2024-02-12 23:22,2024-02-12 23:22,3,HOME,WALK IN,61,M
4426,2024-02-12 17:43,2024-02-12 17:46,2024-02-12 19:44,2024-02-12 22:32,2024-02-12 22:32,3,HOME,AMBULANCE,19,M
4427,2024-02-12 17:52,2024-02-12 17:55,,,2024-02-12 19:00,4,LEFT WITHOUT BEING SEEN,WALK IN,63,F
4428,2024-02-12 17:53,2024-02-12 17:57,,,2024-02-12 20:54,5,LEFT WITHOUT BEING SEEN,WALK IN,45,F
4429,2024-02-12 18:01,2024-02-12 18:05,2024-02-12 18:28,2024-02-12 20:54,2024-02-12 20:54,2,HOME,AMBULANCE,47,F
4430,2024-02-12 18:11,2024-02-12 18:15,2024-02-12 19:51,2024-02-12 22:25,2024-02-12 22:25,3,HOME,WALK IN,49,M
4431,2024-02-12 18:28,2024-02-12 18:37,2024-02-12 18:46,2024-02-12 20:41,2024-02-13 06:04,2,ADMITTED,AMBULANCE,55,M
4432,2024-02-12 18:38,2024-02-12 18:43,,,2024-02-12 22:22,4,LEFT WITHOUT BEING SEEN,WALK IN,87,F
4433,2024-02-12 18:44,2024-02-12 18:50,,,2024-02-12 22:53,5,LEFT WITHOUT BEING SEEN,AMBULANCE,43,F
4434,2024-02-12 18:56,2024-02-12 19:04,,,2024-02-12 22:07,4,LEFT WITHOUT BEING SEEN,WALK IN,68,F
4435,2024-02-12 18:59,2024-02-12 19:05,2024-02-12 19:33,2024-02-12 23:20,2024-02-13 11:37,3,ADMITTED,WALK IN,69,F
4436,2024-02-12 19:09,2024-02-12 19:15,,,2024-02-12 20:46,4,LEFT WITHOUT BEING SEEN,WALK IN,45,M
4437,2024-02-12 19:16,2024-02-12 19:23,2024-02-12 19:34,2024-02-12 20:50,2024-02-12 20:50,2,HOME,AMBULANCE,80,F
4438,2024-02-12 19:22,2024-02-12 19:28,2024-02-12 20:00,2024-02-12 22:09,2024-02-13 08:51,3,ADMITTED,AMBULANCE,35,M
4439,2024-02-12 19:23,2024-02-12 19:29,2024-02-12 20:00,2024-02-12 23:59,2024-02-12 23:59,3,HOME,WALK IN,37,F
4440,2024-02-12 19:46,2024-02-12 19:49,2024-02-12 20:27,2024-02-13 00:08,2024-02-13 00:08,2,HOME,WALK IN,49,M
4441,2024-02-12 20:02,2024-02-12 20:07,2024-02-12 20:54,2024-02-12 23:56,2024-02-12 23:56,3,HOME,AMBULANCE,47,M
4442,2024-02-12 20:02,2024-02-12 20:11,2024-02-12 21:04,2024-02-12 23:18,2024-02-13 10:31,3,ADMITTED,WALK IN,65,M
4443,2024-02-12 20:05,2024-02-12 20:14,,,2024-02-12 22:44,4,LEFT WITHOUT BEING SEEN,WALK IN,65,M
4444,2024-02-12 20:28,2024-02-12 20:32,2024-02-12 21:16,2024-02-12 23:52,2024-02-13 11:51,3,ADMITTED,WALK IN,64,F
4445,2024-02-12 20:29,2024-02-12 20:33,2024-02-12 20:50,2024-02-12 21:50,2024-02-12 21:50,2,HOME,WALK IN,64,M
4446,2024-02-12 20:49,2024-02-12 20:54,,,2024-02-12 22:46,4,LEFT WITHOUT BEING SEEN,WALK IN,66,M
4447,2024-02-12 20:50,2024-02-12 20:57,2024-02-12 22:09,2024-02-13 02:31,2024-02-13 12:36,3,ADMITTED,WALK IN,54,F
4448,2024-02-12 20:53,2024-02-12 21:07,,,2024-02-12 23:50,4,LEFT WITHOUT BEING SEEN,WALK IN,18,M
4449,2024-02-12 20:54,2024-02-12 21:06,2024-02-13 00:08,2024-02-13 00:53,2024-02-13 00:53,4,HOME,WALK IN,47,F
4450,2024-02-12 20:57,2024-02-12 21:11,2024-02-12 23:56,2024-02-13 02:50,2024-02-13 02:50,4,HOME,WALK IN,51,F
4451,2024-02-12 21:23,2024-02-12 21:36,,,2024-02-12 23:00,5,LEFT WITHOUT BEING SEEN,WALK IN,56,F
4452,2024-02-12 21:23,2024-02-12 21:28,2024-02-12 23:18,2024-02-13 02:43,2024-02-13 13:00,3,ADMITTED,WALK IN,35,M
4453,2024-02-12 21:42,2024-02-12 21:48,,,2024-02-13 02:55,5,LEFT WITHOUT BEING SEEN,WALK IN,48,M
4454,2024-02-12 21:45,2024-02-12 21:52,2024-02-12 21:53,2024-02-13 01:27,2024-02-13 01:27,1,HOME,AMBULANCE,94,F
4455,2024-02-12 22:00,2024-02-12 22:04,2024-02-12 22:10,2024-02-13 00:55,2024-02-13 11:52,1,ADMITTED,AMBULANCE,78,M
4456,2024-02-12 22:16,2024-02-12 22:24,2024-02-12 22:26,2024-02-13 02:53,2024-02-13 13:11,2,ADMITTED,WALK IN,90,F
4457,2024-02-12 22:21,2024-02-12 22:28,,,2024-02-12 23:57,4,LEFT WITHOUT BEING SEEN,WALK IN,49,M
4458,2024-02-12 22:26,2024-02-12 22:36,2024-02-12 23:20,2024-02-13 01:16,2024-02-13 12:35,3,ADMITTED,WALK IN,38,M
4459,2024-02-12 22:33,2024-02-12 22:43,2024-02-12 22:47,2024-02-13 01:00,2024-02-13 11:55,2,ADMITTED,WALK IN,74,F
4460,2024-02-12 22:41,2024-02-12 22:47,2024-02-13 01:27,2024-02-13 03:14,2024-02-13 03:14,4,HOME,WALK IN,48,M
4461,2024-02-12 22:45,2024-02-12 22:58,2024-02-13 00:00,2024-02-13 03:03,2024-02-13 03:03,3,HOME,WALK IN,50,F
4462,2024-02-12 23:10,2024-02-12 23:14,,,2024-02-13 02:45,4,LEFT WITHOUT BEING SEEN,WALK IN,54,F
4463,2024-02-12 23:12,2024-02-12 23:20,2024-02-12 23:22,2024-02-13 02:37,2024-02-13 02:37,2,HOME,WALK IN,41,M
4464,2024-02-13 00:10,2024-02-13 00:14,2024-02-13 00:26,2024-02-13 04:32,2024-02-13 13:16,1,ADMITTED,WALK IN,84,M
4465,2024-02-13 00:43,2024-02-13 00:51,2024-02-13 01:00,2024-02-13 02:51,2024-02-13 02:51,2,HOME,WALK IN,77,M
4466,2024-02-13 01:37,2024-02-13 01:40,2024-02-13 02:53,2024-02-13 04:28,2024-02-13 04:28,3,HOME,WALK IN,41,F
4467,2024-02-13 02:02,2024-02-13 02:11,2024-02-13 03:03,2024-02-13 04:52,2024-02-13 04:52,3,HOME,AMBULANCE,38,M
4468,2024-02-13 02:12,2024-02-13 02:16,2024-02-13 02:51,2024-02-13 04:17,2024-02-13 13:13,2,ADMITTED,WALK IN,33,M
4469,2024-02-13 02:46,2024-02-13 02:50,2024-02-13 03:35,2024-02-13 05:20,2024-02-13 05:20,3,HOME,WALK IN,42,M
4470,2024-02-13 03:00,2024-02-13 03:05,2024-02-13 03:14,2024-02-13 10:32,2024-02-13 14:02,2,ADMITTED,AMBULANCE,24,M
4471,2024-02-13 05:14,2024-02-13 05:33,2024-02-13 05:33,2024-02-13 08:10,2024-02-13 08:10,2,HOME,WALK IN,25,F
4472,2024-02-13 06:39,2024-02-13 06:41,2024-02-13 06:41,2024-02-13 08:12,2024-02-13 08:12,3,HOME,WALK IN,76,F
4473,2024-02-13 06:57,2024-02-13 07:04,2024-02-13 07:04,2024-02-13 10:30,2024-02-13 13:36,3,ADMITTED,WALK IN,62,F
4474,2024-02-13 07:27,2024-02-13 07:38,2024-02-13 07:38,2024-02-13 08:05,2024-02-13 08:05,5,HOME,WALK IN,44,M
4475,2024-02-13 07:35,2024-02-13 07:48,2024-02-13 07:48,2024-02-13 09:54,2024-02-13 09:54,3,HOME,WALK IN,59,F
4476,2024-02-13 07:52,2024-02-13 07:55,2024-02-13 08:05,2024-02-13 10:18,2024-02-13 10:18,2,HOME,WALK IN,58,F
4477,2024-02-13 07:59,2024-02-13 08:05,2024-02-13 08:10,2024-02-13 09:47,2024-02-13 09:47,3,HOME,WALK IN,49,F
4478,2024-02-13 08:19,2024-02-13 08:29,2024-02-13 08:29,2024-02-13 11:19,2024-02-13 11:19,3,HOME,WALK IN,85,F
4479,2024-02-13 08:30,2024-02-13 08:34,,,2024-02-13 09:56,4,LEFT WITHOUT BEING SEEN,AMBULANCE,72,M
4480,2024-02-13 08:41,2024-02-13 08:47,2024-02-13 08:51,2024-02-13 12:31,2024-02-13 14:44,2,ADMITTED,WALK IN,76,F
4481,2024-02-13 08:53,2024-02-13 08:57,,,2024-02-13 13:53,4,LEFT WITHOUT BEING SEEN,WALK IN,36,F
4482,2024-02-13 08:56,2024-02-13 09:04,,,2024-02-13 10:20,4,LEFT WITHOUT BEING SEEN,WALK IN,73,F
4483,2024-02-13 09:20,2024-02-13 09:24,,,2024-02-13 11:06,4,LEFT WITHOUT BEING SEEN,WALK IN,61,M
4484,2024-02-13 09:33,2024-02-13 09:38,2024-02-13 09:54,2024-02-13 11:24,2024-02-13 11:24,3,HOME,WALK IN,44,M
4485,2024-02-13 09:39,2024-02-13 09:44,2024-02-13 09:47,2024-02-13 11:11,2024-02-13 14:20,2,ADMITTED,AMBULANCE,37,F
4486,2024-02-13 09:44,2024-02-13 09:50,2024-02-13 10:31,2024-02-13 12:31,2024-02-13 14:24,3,ADMITTED,AMBULANCE,53,M
4487,2024-02-13 09:45,2024-02-13 09:55,2024-02-13 11:37,2024-02-13 13:55,2024-02-13 14:58,3,ADMITTED,WALK IN,24,M
4488,2024-02-13 10:08,2024-02-13 10:14,2024-02-13 10:18,2024-02-13 13:26,2024-02-13 13:26,2,HOME,WALK IN,32,F
4489,2024-02-13 10:11,2024-02-13 10:13,,,2024-02-13 14:04,5,LEFT WITHOUT BEING SEEN,WALK IN,46,M
4490,2024-02-13 10:28,2024-02-13 10:30,2024-02-13 11:52,2024-02-13 13:04,2024-02-13 13:04,3,HOME,AMBULANCE,27,F
4491,2024-02-13 10:35,2024-02-13 10:37,2024-02-13 11:24,2024-02-13 12:41,2024-02-13 14:58,2,ADMITTED,AMBULANCE,39,M
4492,2024-02-13 10:44,2024-02-13 10:49,2024-02-13 11:25,2024-02-13 15:00,2024-02-13 15:27,2,ADMITTED,WALK IN,47,F
4493,2024-02-13 10:46,2024-02-13 10:55,2024-02-13 12:00,2024-02-13 15:45,2024-02-13 15:45,3,HOME,WALK IN,46,F
4494,2024-02-13 10:57,2024-02-13 11:06,,,2024-02-13 12:57,4,LEFT WITHOUT BEING SEEN,AMBULANCE,48,M
4495,2024-02-13 11:03,2024-02-13 11:14,,,2024-02-13 12:29,3,LEFT WITHOUT BEING SEEN,AMBULANCE,42,F
4496,2024-02-13 11:04,2024-02-13 11:12,2024-02-13 13:00,2024-02-13 15:13,2024-02-13 15:13,3,HOME,WALK IN,37,F
4497,2024-02-13 11:09,2024-02-13 11:17,2024-02-13 13:04,2024-02-13 15:49,2024-02-13 15:49,3,HOME,WALK IN,28,M
4498,2024-02-13 11:10,2024-02-13 11:16,2024-02-13 13:11,2024-02-13 14:30,2024-02-13 15:16,3,ADMITTED,WALK IN,58,F
4499,2024-02-13 11:23,2024-02-13 11:28,,,2024-02-13 13:13,5,LEFT WITHOUT BEING SEEN,WALK IN,42,F
4500,2024-02-13 11:35,2024-02-13 11:38,2024-02-13 11:51,2024-02-13 14:28,2024-02-13 14:28,2,HOME,AMBULANCE,42,M
4501,2024-02-13 11:57,2024-02-13 12:01,,,2024-02-13 13:47,4,LEFT WITHOUT BEING SEEN,WALK IN,43,M
4502,2024-02-13 11:57,2024-02-13 12:01,2024-02-13 12:35,2024-02-13 13:43,2024-02-13 13:43,2,HOME,AMBULANCE,63,F
4503,2024-02-13 11:59,2024-02-13 12:09,,,2024-02-13 14:26,5,LEFT WITHOUT BEING SEEN,WALK IN,30,F
4504,2024-02-13 12:08,2024-02-13 12:14,2024-02-13 16:59,2024-02-13 21:17,2024-02-13 21:17,4,HOME,WALK IN,55,M
4505,2024-02-13 12:21,2024-02-13 12:26,2024-02-13 12:36,2024-02-13 15:55,2024-02-13 15:55,2,HOME,AMBULANCE,64,M
4506,2024-02-13 12:21,2024-02-13 12:28,2024-02-13 13:13,2024-02-13 16:25,2024-02-13 16:25,3,HOME,WALK IN,69,F
4507,2024-02-13 12:25,2024-02-13 12:30,,,2024-02-13 15:19,4,LEFT WITHOUT BEING SEEN,WALK IN,35,F
4508,2024-02-13 12:31,2024-02-13 12:34,,,2024-02-13 15:12,4,LEFT WITHOUT BEING SEEN,WALK IN,72,M
4509,2024-02-13 12:44,2024-02-13 12:54,,,2024-02-13 14:58,4,LEFT WITHOUT BEING SEEN,WALK IN,31,M
4510,2024-02-13 12:44,2024-02-13 13:00,,,2024-02-13 14:45,4,LEFT WITHOUT BEING SEEN,AMBULANCE,46,F
4511,2024-02-13 13:00,2024-02-13 13:04,2024-02-13 13:16,2024-02-13 16:23,2024-02-13 16:23,3,ADMITTED,WALK IN,72,F
4512,2024-02-13 13:00,2024-02-13 13:06,2024-02-13 13:26,2024-02-13 15:43,2024-02-13 15:43,3,ADMITTED,AMBULANCE,68,M
4513,2024-02-13 13:02,2024-02-13 13:09,2024-02-13 13:55,2024-02-13 17:39,2024-02-13 17:39,3,HOME,WALK IN,53,M
4514,2024-02-13 13:08,2024-02-13 13:15,,,2024-02-13 14:23,3,LEFT WITHOUT BEING SEEN,WALK IN,77,M
4515,2024-02-13 13:20,2024-02-13 13:25,2024-02-13 14:55,2024-02-13 20:26,2024-02-13 20:26,3,HOME,AMBULANCE,34,M
4516,2024-02-13 13:41,2024-02-13 13:46,2024-02-13 14:28,2024-02-13 18:27,2024-02-13 18:27,2,HOME,WALK IN,53,F
4517,2024-02-13 13:45,2024-02-13 13:53,2024-02-13 16:35,2024-02-13 18:19,2024-02-13 18:19,3,HOME,WALK IN,29,M
4518,2024-02-13 13:49,2024-02-13 13:50,2024-02-13 15:13,2024-02-13 18:11,2024-02-13 18:11,3,HOME,WALK IN,58,F
4519,2024-02-13 14:11,2024-02-13 14:16,,,2024-02-13 16:17,3,LEFT WITHOUT BEING SEEN,WALK IN,35,F
4520,2024-02-13 14:12,2024-02-13 14:15,2024-02-13 14:30,2024-02-13 17:57,2024-02-13 17:57,2,HOME,AMBULANCE,35,M
4521,2024-02-13 14:15,2024-02-13 14:21,2024-02-13 14:23,2024-02-13 17:17,2024-02-13 17:17,1,HOME,WALK IN,46,F
4522,2024-02-13 14:27,2024-02-13 14:29,,,2024-02-13 16:11,3,LEFT WITHOUT BEING SEEN,WALK IN,41,F
4523,2024-02-13 14:39,2024-02-13 14:44,2024-02-13 16:36,2024-02-13 18:40,2024-02-13 18:40,3,HOME,WALK IN,83,M
4524,2024-02-13 14:48,2024-02-13 14:54,2024-02-13 17:21,2024-02-13 17:41,2024-02-13 17:41,4,HOME,WALK IN,60,M
4525,2024-02-13 15:00,2024-02-13 15:12,2024-02-13 16:50,2024-02-13 19:28,2024-02-13 19:28,3,HOME,WALK IN,52,F
4526,2024-02-13 15:20,2024-02-13 15:29,2024-02-13 15:55,2024-02-13 19:49,2024-02-13 19:49,2,HOME,AMBULANCE,62,F
4527,2024-02-13 15:38,2024-02-13 15:40,2024-02-13 17:23,2024-02-13 19:54,2024-02-13 19:54,4,HOME,WALK IN,29,F
4528,2024-02-13 15:52,2024-02-13 15:58,2024-02-13 16:25,2024-02-13 18:17,2024-02-13 18:17,2,ADMITTED,WALK IN,64,M
4529,2024-02-13 15:53,2024-02-13 16:02,2024-02-13 16:56,2024-02-13 19:20,2024-02-13 19:20,3,HOME,WALK IN,40,M
4530,2024-02-13 16:14,2024-02-13 16:17,2024-02-13 18:42,2024-02-13 19:14,2024-02-13 19:14,5,HOME,WALK IN,54,M
4531,2024-02-13 16:21,2024-02-13 16:23,2024-02-13 16:57,2024-02-13 19:10,2024-02-13 19:10,3,HOME,WALK IN,31,M
4532,2024-02-13 16:28,2024-02-13 16:34,,,2024-02-13 18:32,4,LEFT WITHOUT BEING SEEN,WALK IN,70,M
4533,2024-02-13 16:31,2024-02-13 16:37,2024-02-13 17:17,2024-02-13 18:54,2024-02-13 18:54,2,ADMITTED,WALK IN,73,M
4534,2024-02-13 16:37,2024-02-13 16:43,2024-02-13 17:57,2024-02-13 19:19,2024-02-13 19:19,3,HOME,WALK IN,19,F
4535,2024-02-13 16:43,2024-02-13 16:46,2024-02-13 18:23,2024-02-13 20:00,2024-02-13 20:00,3,HOME,AMBULANCE,25,M
4536,2024-02-13 16:52,2024-02-13 16:58,,,2024-02-13 19:21,5,LEFT WITHOUT BEING SEEN,WALK IN,36,F
4537,2024-02-13 16:56,2024-02-13 17:05,2024-02-13 18:27,2024-02-13 19:51,2024-02-13 19:51,3,HOME,WALK IN,54,F
4538,2024-02-13 16:59,2024-02-13 17:04,,,2024-02-13 18:15,4,LEFT WITHOUT BEING SEEN,WALK IN,44,M
4539,2024-02-13 17:01,2024-02-13 17:08,,,2024-02-13 19:06,4,LEFT WITHOUT BEING SEEN,WALK IN,51,F
4540,2024-02-13 17:08,2024-02-13 17:10,2024-02-13 18:30,2024-02-13 19:34,2024-02-13 19:34,3,HOME,AMBULANCE,51,F
4541,2024-02-13 17:10,2024-02-13 17:14,,,2024-02-13 18:06,4,LEFT WITHOUT BEING SEEN,WALK IN,49,F
4542,2024-02-13 17:13,2024-02-13 17:34,,,2024-02-13 17:47,3,LEFT WITHOUT BEING SEEN,WALK IN,37,M
4543,2024-02-13 17:16,2024-02-13 17:19,2024-02-13 18:40,2024-02-13 21:36,2024-02-13 21:36,3,HOME,AMBULANCE,37,M
4544,2024-02-13 17:24,2024-02-13 17:30,2024-02-13 17:41,2024-02-13 19:48,2024-02-13 19:48,2,HOME,WALK IN,49,F
4545,2024-02-13 17:26,2024-02-13 17:38,2024-02-13 18:54,2024-02-13 21:05,2024-02-13 21:05,3,ADMITTED,WALK IN,88,F
4546,2024-02-13 17:29,2024-02-13 17:38,,,2024-02-13 19:32,5,LEFT WITHOUT BEING SEEN,WALK IN,36,M
4547,2024-02-13 17:30,2024-02-13 17:42,2024-02-13 19:20,2024-02-13 20:10,2024-02-13 20:10,4,HOME,WALK IN,72,F
4548,2024-02-13 17:33,2024-02-13 17:43,2024-02-13 18:19,2024-02-13 21:24,2024-02-13 21:24,2,HOME,WALK IN,50,M
4549,2024-02-13 17:38,2024-02-13 17:46,2024-02-13 17:57,2024-02-13 19:32,2024-02-13 19:32,1,HOME,WALK IN,72,M
4550,2024-02-13 17:42,2024-02-13 17:47,2024-02-13 20:00,2024-02-13 20:13,2024-02-13 20:13,4,HOME,AMBULANCE,48,F
4551,2024-02-13 17:42,2024-02-13 17:48,2024-02-13 18:40,2024-02-13 21:08,2024-02-13 21:08,3,HOME,WALK IN,37,F
4552,2024-02-13 17:48,2024-02-13 17:52,2024-02-13 19:14,2024-02-13 21:01,2024-02-13 21:01,3,HOME,WALK IN,44,F
4553,2024-02-13 18:02,2024-02-13 18:04,2024-02-13 20:00,2024-02-13 20:45,2024-02-13 20:45,4,HOME,WALK IN,72,F
4554,2024-02-13 18:11,2024-02-13 18:20,2024-02-13 19:19,2024-02-13 21:32,2024-02-13 21:32,3,HOME,WALK IN,44,F
4555,2024-02-13 18:55,2024-02-13 18:58,2024-02-13 19:19,2024-02-13 22:08,2024-02-13 22:08,3,HOME,WALK IN,65,M
4556,2024-02-13 19:15,2024-02-13 19:18,,,2024-02-13 20:49,4,LEFT WITHOUT BEING SEEN,WALK IN,39,F
4557,2024-02-13 19:22,2024-02-13 19:24,2024-02-13 19:28,2024-02-13 23:10,2024-02-13 23:10,2,HOME,WALK IN,60,M
4558,2024-02-13 19:22,2024-02-13 19:27,2024-02-13 19:34,2024-02-13 23:16,2024-02-13 23:16,2,ADMITTED,WALK IN,92,M
4559,2024-02-13 19:25,2024-02-13 19:28,2024-02-13 19:51,2024-02-13 21:29,2024-02-13 21:29,3,ADMITTED,AMBULANCE,74,F
4560,2024-02-13 19:29,2024-02-13 19:40,2024-02-13 21:41,2024-02-13 23:08,2024-02-13 23:08,4,HOME,WALK IN,18,M
4561,2024-02-13 19:32,2024-02-13 19:43,2024-02-13 21:44,2024-02-14 00:31,2024-02-14 00:31,4,HOME,WALK IN,55,M
4562,2024-02-13 19:46,2024-02-13 19:52,2024-02-13 19:56,2024-02-13 21:26,2024-02-13 21:26,3,HOME,WALK IN,32,F
4563,2024-02-13 19:54,2024-02-13 20:00,2024-02-13 21:36,2024-02-13 23:53,2024-02-13 23:53,3,HOME,WALK IN,31,M
4564,2024-02-13 19:57,2024-02-13 20:00,2024-02-13 20:13,2024-02-13 22:56,2024-02-13 22:56,2,HOME,AMBULANCE,52,F
4565,2024-02-13 19:58,2024-02-13 20:04,2024-02-13 20:26,2024-02-13 22:19,2024-02-13 22:19,2,ADMITTED,WALK IN,40,M
4566,2024-02-13 20:10,2024-02-13 20:22,,,2024-02-13 21:44,4,LEFT WITHOUT BEING SEEN,WALK IN,59,M
4567,2024-02-13 20:17,2024-02-13 20:21,2024-02-13 20:45,2024-02-13 23:02,2024-02-13 23:02,2,HOME,AMBULANCE,41,M
4568,2024-02-13 20:26,2024-02-13 20:34,,,2024-02-13 21:20,4,LEFT WITHOUT BEING SEEN,WALK IN,51,F
4569,2024-02-13 20:44,2024-02-13 20:50,2024-02-13 21:46,2024-02-14 00:36,2024-02-14 00:36,4,HOME,WALK IN,48,M
4570,2024-02-13 20:56,2024-02-13 20:59,2024-02-13 21:49,2024-02-13 23:40,2024-02-13 23:40,4,HOME,WALK IN,26,M
4571,2024-02-13 21:07,2024-02-13 21:12,2024-02-13 22:08,2024-02-13 23:27,2024-02-13 23:27,4,HOME,WALK IN,44,F
4572,2024-02-13 21:21,2024-02-13 21:28,2024-02-13 21:29,2024-02-14 03:31,2024-02-14 03:31,2,ADMITTED,AMBULANCE,71,M
4573,2024-02-13 21:58,2024-02-13 22:10,2024-02-13 22:19,2024-02-14 00:40,2024-02-14 00:40,3,HOME,WALK IN,57,F
4574,2024-02-13 21:58,2024-02-13 22:06,2024-02-13 23:08,2024-02-14 00:09,2024-02-14 00:09,5,HOME,WALK IN,36,F
4575,2024-02-13 22:12,2024-02-13 22:20,2024-02-13 22:57,2024-02-14 01:03,2024-02-14 01:03,3,ADMITTED,AMBULANCE,45,M
4576,2024-02-13 23:28,2024-02-13 23:32,2024-02-13 23:32,2024-02-14 05:37,2024-02-14 05:37,1,HOME,WALK IN,92,M
4577,2024-02-14 00:46,2024-02-14 00:54,2024-02-14 00:54,2024-02-14 03:24,2024-02-14 03:24,3,HOME,WALK IN,67,M
4578,2024-02-14 00:54,2024-02-14 00:57,2024-02-14 01:03,2024-02-14 05:13,2024-02-14 08:38,2,ADMITTED,WALK IN,86,M
4579,2024-02-14 01:28,2024-02-14 01:43,2024-02-14 01:43,2024-02-14 05:07,2024-02-14 05:07,1,HOME,WALK IN,51,M
4580,2024-02-14 02:27,2024-02-14 02:30,,,2024-02-14 04:03,4,LEFT WITHOUT BEING SEEN,WALK IN,35,F
4581,2024-02-14 02:50,2024-02-14 02:56,2024-02-14 04:19,2024-02-14 05:09,2024-02-14 05:09,3,HOME,WALK IN,72,F
4582,2024-02-14 03:00,2024-02-14 03:02,,,2024-02-14 04:19,3,LEFT WITHOUT BEING SEEN,WALK IN,45,F
4583,2024-02-14 03:25,2024-02-14 03:29,2024-02-14 03:34,2024-02-14 04:56,2024-02-14 04:56,2,ADMITTED,WALK IN,79,F
4584,2024-02-14 04:17,2024-02-14 04:25,2024-02-14 04:25,2024-02-14 06:59,2024-02-14 06:59,2,HOME,WALK IN,62,F
4585,2024-02-14 05:14,2024-02-14 05:24,2024-02-14 05:24,2024-02-14 05:55,2024-02-14 05:55,4,HOME,WALK IN,40,F
4586,2024-02-14 05:33,2024-02-14 05:40,2024-02-14 05:40,2024-02-14 06:23,2024-02-14 06:23,4,HOME,WALK IN,45,F
4587,2024-02-14 06:03,2024-02-14 06:04,2024-02-14 06:04,2024-02-14 08:05,2024-02-14 08:47,2,ADMITTED,AMBULANCE,46,F
4588,2024-02-14 07:03,2024-02-14 07:10,2024-02-14 07:10,2024-02-14 08:56,2024-02-14 08:56,3,HOME,WALK IN,62,F
4589,2024-02-14 07:12,2024-02-14 07:15,2024-02-14 07:15,2024-02-14 07:48,2024-02-14 07:48,4,HOME,WALK IN,57,M
4590,2024-02-14 07:28,2024-02-14 07:34,2024-02-14 07:34,2024-02-14 09:32,2024-02-14 10:31,3,ADMITTED,WALK IN,45,M
4591,2024-02-14 07:45,2024-02-14 07:49,2024-02-14 07:49,2024-02-14 10:41,2024-02-14 10:41,4,HOME,AMBULANCE,23,F
4592,2024-02-14 07:45,2024-02-14 07:55,2024-02-14 08:00,2024-02-14 09:47,2024-02-14 10:48,3,ADMITTED,AMBULANCE,44,F
4593,2024-02-14 07:46,2024-02-14 08:07,2024-02-14 08:07,2024-02-14 08:42,2024-02-14 08:42,5,HOME,WALK IN,29,F
4594,2024-02-14 07:55,2024-02-14 08:14,2024-02-14 08:14,2024-02-14 08:51,2024-02-14 08:51,5,HOME,WALK IN,36,M
4595,2024-02-14 07:58,2024-02-14 08:18,2024-02-14 08:18,2024-02-14 10:02,2024-02-14 10:02,3,HOME,AMBULANCE,62,M
4596,2024-02-14 08:15,2024-02-14 08:24,2024-02-14 08:24,2024-02-14 08:42,2024-02-14 08:42,5,HOME,WALK IN,60,M
4597,2024-02-14 08:19,2024-02-14 08:31,2024-02-14 08:33,2024-02-14 11:40,2024-02-14 11:40,3,HOME,WALK IN,55,M
4598,2024-02-14 08:28,2024-02-14 08:38,2024-02-14 08:42,2024-02-14 10:05,2024-02-14 10:05,3,HOME,WALK IN,46,F
4599,2024-02-14 08:37,2024-02-14 08:41,2024-02-14 08:42,2024-02-14 09:45,2024-02-14 09:45,3,HOME,WALK IN,37,M
4600,2024-02-14 08:53,2024-02-14 08:59,2024-02-14 08:59,2024-02-14 11:28,2024-02-14 11:57,3,ADMITTED,AMBULANCE,72,M
4601,2024-02-14 08:59,2024-02-14 09:02,2024-02-14 09:02,2024-02-14 11:59,2024-02-14 12:00,3,ADMITTED,WALK IN,41,M
4602,2024-02-14 09:03,2024-02-14 09:08,2024-02-14 09:12,2024-02-14 15:11,2024-02-14 15:11,3,HOME,AMBULANCE,35,F
4603,2024-02-14 09:15,2024-02-14 09:26,2024-02-14 09:26,2024-02-14 12:26,2024-02-14 12:26,2,ADMITTED,AMBULANCE,55,M
4604,2024-02-14 09:50,2024-02-14 10:00,2024-02-14 10:00,2024-02-14 12:55,2024-02-14 12:55,1,ADMITTED,AMBULANCE,50,M
4605,2024-02-14 09:51,2024-02-14 10:06,2024-02-14 10:06,2024-02-14 14:29,2024-02-14 14:29,2,ADMITTED,AMBULANCE,50,M
4606,2024-02-14 10:05,2024-02-14 10:10,2024-02-14 10:10,2024-02-14 12:19,2024-02-14 12:19,2,HOME,AMBULANCE,56,F
4607,2024-02-14 10:38,2024-02-14 10:40,2024-02-14 10:41,2024-02-14 11:54,2024-02-14 11:54,5,HOME,WALK IN,53,M
4608,2024-02-14 10:45,2024-02-14 10:48,2024-02-14 11:28,2024-02-14 13:00,2024-02-14 13:00,4,HOME,WALK IN,45,F
4609,2024-02-14 11:25,2024-02-14 11:30,2024-02-14 11:30,2024-02-14 12:51,2024-02-14 12:51,1,HOME,WALK IN,84,F
4610,2024-02-14 11:30,2024-02-14 11:33,2024-02-14 11:40,2024-02-14 13:22,2024-02-14 13:22,3,HOME,WALK IN,36,F
4611,2024-02-14 11:31,2024-02-14 11:38,2024-02-14 11:41,2024-02-14 14:53,2024-02-14 14:53,3,HOME,AMBULANCE,42,M
4612,2024-02-14 11:33,2024-02-14 11:39,2024-02-14 11:59,2024-02-14 13:26,2024-02-14 13:26,3,HOME,AMBULANCE,34,M
4613,2024-02-14 11:58,2024-02-14 12:00,2024-02-14 12:04,2024-02-14 14:53,2024-02-14 14:53,2,ADMITTED,WALK IN,63,F
4614,2024-02-14 12:21,2024-02-14 12:27,2024-02-14 12:27,2024-02-14 13:23,2024-02-14 13:23,4,HOME,WALK IN,51,M
4615,2024-02-14 12:34,2024-02-14 12:46,2024-02-14 12:46,2024-02-14 14:38,2024-02-14 14:38,2,ADMITTED,AMBULANCE,46,F
4616,2024-02-14 12:42,2024-02-14 12:45,2024-02-14 12:45,2024-02-14 15:02,2024-02-14 15:02,3,HOME,WALK IN,45,M
4617,2024-02-14 12:44,2024-02-14 12:51,2024-02-14 12:51,2024-02-14 14:48,2024-02-14 14:48,3,HOME,WALK IN,35,M
4618,2024-02-14 13:11,2024-02-14 13:15,2024-02-14 13:15,2024-02-14 14:35,2024-02-14 14:35,4,HOME,WALK IN,27,M
4619,2024-02-14 13:20,2024-02-14 13:25,2024-02-14 13:25,2024-02-14 13:50,2024-02-14 13:50,4,HOME,WALK IN,36,M
4620,2024-02-14 13:21,2024-02-14 13:26,2024-02-14 13:26,2024-02-14 13:39,2024-02-14 13:39,4,HOME,WALK IN,26,F
4621,2024-02-14 13:32,2024-02-14 13:37,2024-02-14 13:37,2024-02-14 17:56,2024-02-14 17:56,2,HOME,WALK IN,60,F
4622,2024-02-14 13:34,2024-02-14 13:38,2024-02-14 13:38,2024-02-14 14:51,2024-02-14 14:51,3,HOME,AMBULANCE,33,M
4623,2024-02-14 13:35,2024-02-14 13:40,2024-02-14 13:40,2024-02-14 14:31,2024-02-14 14:31,4,HOME,WALK IN,47,F
4624,2024-02-14 13:43,2024-02-14 13:52,2024-02-14 13:52,2024-02-14 16:03,2024-02-14 16:03,3,HOME,WALK IN,29,F
4625,2024-02-14 13:56,2024-02-14 14:01,2024-02-14 14:01,2024-02-14 14:52,2024-02-14 14:52,4,HOME,WALK IN,36,F
4626,2024-02-14 13:57,2024-02-14 13:59,2024-02-14 13:59,2024-02-14 15:47,2024-02-14 15:47,3,HOME,WALK IN,56,F
4627,2024-02-14 13:59,2024-02-14 14:08,2024-02-14 14:08,2024-02-14 15:53,2024-02-14 15:53,3,HOME,WALK IN,51,F
4628,2024-02-14 14:10,2024-02-14 14:14,2024-02-14 14:31,2024-02-14 17:41,2024-02-14 17:41,2,ADMITTED,WALK IN,27,F
4629,2024-02-14 14:17,2024-02-14 14:29,2024-02-14 14:35,2024-02-14 15:03,2024-02-14 15:03,4,ADMITTED,WALK IN,36,M
4630,2024-02-14 14:42,2024-02-14 14:45,2024-02-14 14:45,2024-02-14 21:00,2024-02-14 21:00,2,ADMITTED,WALK IN,41,M
4631,2024-02-14 14:57,2024-02-14 15:07,2024-02-14 15:07,2024-02-14 17:44,2024-02-14 17:44,2,ADMITTED,WALK IN,49,F
4632,2024-02-14 14:57,2024-02-14 15:12,2024-02-14 15:12,2024-02-14 17:25,2024-02-14 17:25,4,ADMITTED,WALK IN,59,M
4633,2024-02-14 14:58,2024-02-14 15:13,2024-02-14 15:13,2024-02-14 21:05,2024-02-14 21:05,2,HOME,WALK IN,53,M
4634,2024-02-14 15:01,2024-02-14 15:20,2024-02-14 15:47,2024-02-14 16:32,2024-02-14 16:32,4,HOME,AMBULANCE,58,M
4635,2024-02-14 15:06,2024-02-14 15:17,2024-02-14 15:17,2024-02-14 18:27,2024-02-14 18:27,4,HOME,WALK IN,36,M
4636,2024-02-14 15:58,2024-02-14 16:02,2024-02-14 16:02,2024-02-14 18:22,2024-02-14 18:22,4,HOME,WALK IN,52,F
4637,2024-02-14 16:01,2024-02-14 16:05,2024-02-14 16:05,2024-02-14 21:09,2024-02-14 21:09,1,ADMITTED,WALK IN,56,M
4638,2024-02-14 16:31,2024-02-14 16:35,2024-02-14 16:35,2024-02-14 19:50,2024-02-14 19:50,2,HOME,AMBULANCE,63,M
4639,2024-02-14 16:41,2024-02-14 16:44,2024-02-14 16:44,2024-02-14 18:59,2024-02-14 18:59,3,HOME,AMBULANCE,50,F
4640,2024-02-14 16:49,2024-02-14 16:53,2024-02-14 16:53,2024-02-14 21:52,2024-02-14 21:52,3,HOME,WALK IN,42,F
4641,2024-02-14 16:52,2024-02-14 16:59,2024-02-14 17:00,2024-02-14 21:28,2024-02-14 21:28,2,HOME,AMBULANCE,52,F
4642,2024-02-14 16:53,2024-02-14 16:56,2024-02-14 17:44,2024-02-14 22:11,2024-02-14 22:11,3,HOME,WALK IN,84,M
4643,2024-02-14 16:55,2024-02-14 17:01,,,2024-02-14 22:53,5,LEFT WITHOUT BEING SEEN,WALK IN,40,M
4644,2024-02-14 17:04,2024-02-14 17:09,2024-02-14 17:49,2024-02-14 20:14,2024-02-14 20:14,3,HOME,WALK IN,19,M
4645,2024-02-14 17:15,2024-02-14 17:18,2024-02-14 17:18,2024-02-14 18:33,2024-02-14 18:33,1,ADMITTED,WALK IN,47,M
4646,2024-02-14 17:18,2024-02-14 17:26,,,2024-02-14 18:58,4,LEFT WITHOUT BEING SEEN,WALK IN,45,F
4647,2024-02-14 17:45,2024-02-14 17:53,2024-02-14 17:53,2024-02-14 22:21,2024-02-14 22:21,1,HOME,WALK IN,66,F
4648,2024-02-14 17:54,2024-02-14 18:00,2024-02-14 18:57,2024-02-15 00:23,2024-02-15 00:23,3,ADMITTED,WALK IN,42,M
4649,2024-02-14 17:55,2024-02-14 18:03,2024-02-14 19:57,2024-02-14 23:30,2024-02-14 23:30,3,HOME,AMBULANCE,25,M
4650,2024-02-14 18:13,2024-02-14 18:15,2024-02-14 18:33,2024-02-15 02:31,2024-02-15 02:31,2,HOME,AMBULANCE,75,M
4651,2024-02-14 18:17,2024-02-14 18:23,,,2024-02-14 20:20,4,LEFT WITHOUT BEING SEEN,WALK IN,53,F
4652,2024-02-14 18:23,2024-02-14 18:28,2024-02-14 20:00,2024-02-14 20:56,2024-02-14 20:56,3,HOME,WALK IN,58,F
4653,2024-02-14 18:26,2024-02-14 18:31,2024-02-14 19:17,2024-02-14 22:13,2024-02-14 22:13,3,HOME,WALK IN,60,M
4654,2024-02-14 18:34,2024-02-14 18:37,2024-02-14 22:31,2024-02-14 23:34,2024-02-14 23:34,4,HOME,WALK IN,22,F
4655,2024-02-14 18:36,2024-02-14 18:40,2024-02-14 18:59,2024-02-14 19:56,2024-02-14 19:56,2,ADMITTED,WALK IN,65,M
4656,2024-02-14 18:46,2024-02-14 18:52,2024-02-14 19:11,2024-02-14 21:13,2024-02-14 21:13,2,ADMITTED,WALK IN,52,M
4657,2024-02-14 19:23,2024-02-14 19:30,2024-02-14 19:50,2024-02-14 23:33,2024-02-14 23:33,2,ADMITTED,WALK IN,84,M
4658,2024-02-14 19:24,2024-02-14 19:31,2024-02-14 22:46,2024-02-14 23:24,2024-02-14 23:24,4,HOME,WALK IN,33,F
4659,2024-02-14 19:32,2024-02-14 19:39,2024-02-14 20:00,2024-02-14 21:44,2024-02-14 21:44,3,HOME,AMBULANCE,53,M
4660,2024-02-14 19:44,2024-02-14 19:55,2024-02-14 22:48,2024-02-15 00:15,2024-02-15 00:15,4,HOME,WALK IN,53,M
4661,2024-02-14 20:04,2024-02-14 20:08,2024-02-14 20:14,2024-02-14 23:40,2024-02-14 23:40,3,HOME,WALK IN,33,M
4662,2024-02-14 20:10,2024-02-14 20:14,2024-02-14 21:13,2024-02-15 01:30,2024-02-15 01:30,2,ADMITTED,AMBULANCE,75,M
4663,2024-02-14 20:21,2024-02-14 20:26,2024-02-14 21:21,2024-02-14 23:29,2024-02-14 23:29,2,ADMITTED,WALK IN,80,F
4664,2024-02-14 20:24,2024-02-14 20:30,,,2024-02-14 23:16,4,LEFT WITHOUT BEING SEEN,WALK IN,42,M
4665,2024-02-14 20:37,2024-02-14 20:46,,,2024-02-14 23:19,5,LEFT WITHOUT BEING SEEN,WALK IN,44,F
4666,2024-02-14 20:46,2024-02-14 20:52,2024-02-14 22:01,2024-02-15 01:41,2024-02-15 01:41,3,HOME,AMBULANCE,36,F
4667,2024-02-14 20:49,2024-02-14 20:52,2024-02-14 21:28,2024-02-15 01:40,2024-02-15 01:40,2,ADMITTED,WALK IN,43,F
4668,2024-02-14 21:01,2024-02-14 21:07,2024-02-14 21:09,2024-02-15 01:52,2024-02-15 01:52,1,ADMITTED,WALK IN,51,M
4669,2024-02-14 21:14,2024-02-14 21:20,2024-02-14 22:13,2024-02-15 00:12,2024-02-15 00:12,3,ADMITTED,WALK IN,55,M
4670,2024-02-14 21:27,2024-02-14 21:30,2024-02-14 21:44,2024-02-15 01:51,2024-02-15 01:51,2,HOME,AMBULANCE,78,F
4671,2024-02-14 21:31,2024-02-14 21:36,,,2024-02-14 23:29,4,LEFT WITHOUT BEING SEEN,WALK IN,45,M
4672,2024-02-14 21:43,2024-02-14 21:51,2024-02-14 21:52,2024-02-15 03:15,2024-02-15 08:33,1,ADMITTED,AMBULANCE,82,F
4673,2024-02-14 21:44,2024-02-14 21:47,2024-02-14 22:21,2024-02-15 00:29,2024-02-15 00:29,3,HOME,WALK IN,29,M
4674,2024-02-14 21:52,2024-02-14 21:57,2024-02-14 23:51,2024-02-15 00:55,2024-02-15 00:55,4,HOME,WALK IN,69,F
4675,2024-02-14 22:28,2024-02-14 22:33,2024-02-14 23:40,2024-02-15 02:53,2024-02-15 02:53,3,HOME,WALK IN,25,F
4676,2024-02-14 22:31,2024-02-14 22:42,2024-02-15 01:01,2024-02-15 08:04,2024-02-15 11:58,4,ADMITTED,WALK IN,63,F
4677,2024-02-14 22:44,2024-02-14 22:49,2024-02-15 01:08,2024-02-15 02:04,2024-02-15 02:04,4,HOME,WALK IN,43,F
4678,2024-02-14 22:44,2024-02-14 22:54,2024-02-14 23:40,2024-02-15 02:20,2024-02-15 02:20,3,ADMITTED,WALK IN,38,M
4679,2024-02-14 22:54,2024-02-14 23:04,2024-02-14 23:34,2024-02-15 01:54,2024-02-15 01:54,2,ADMITTED,WALK IN,70,M
4680,2024-02-14 23:05,2024-02-14 23:09,,,2024-02-15 00:38,4,LEFT WITHOUT BEING SEEN,WALK IN,38,M
4681,2024-02-14 23:16,2024-02-14 23:20,2024-02-15 01:12,2024-02-15 02:46,2024-02-15 02:46,4,HOME,WALK IN,26,F
4682,2024-02-14 23:55,2024-02-15 00:04,2024-02-15 00:12,2024-02-15 02:41,2024-02-15 08:27,1,ADMITTED,WALK IN,47,F
4683,2024-02-15 00:07,2024-02-15 00:11,2024-02-15 00:15,2024-02-15 04:13,2024-02-15 10:41,2,ADMITTED,WALK IN,34,M
4684,2024-02-15 00:12,2024-02-15 00:21,2024-02-15 00:29,2024-02-15 02:24,2024-02-15 02:29,2,ADMITTED,WALK IN,60,M
4685,2024-02-15 00:27,2024-02-15 00:35,2024-02-15 00:55,2024-02-15 02:35,2024-02-15 02:35,3,HOME,WALK IN,76,M
4686,2024-02-15 01:46,2024-02-15 01:53,2024-02-15 01:53,2024-02-15 03:34,2024-02-15 08:42,4,ADMITTED,WALK IN,27,M
4687,2024-02-15 02:31,2024-02-15 02:37,2024-02-15 02:53,2024-02-15 04:45,2024-02-15 11:38,2,ADMITTED,WALK IN,42,F
4688,2024-02-15 03:49,2024-02-15 03:59,2024-02-15 03:59,2024-02-15 04:29,2024-02-15 11:16,4,ADMITTED,WALK IN,51,F
4689,2024-02-15 03:56,2024-02-15 04:07,2024-02-15 04:07,2024-02-15 04:52,2024-02-15 04:52,4,HOME,WALK IN,61,M
4690,2024-02-15 06:02,2024-02-15 06:05,2024-02-15 06:05,2024-02-15 10:33,2024-02-15 10:33,2,HOME,WALK IN,71,F
4691,2024-02-15 06:27,2024-02-15 06:37,2024-02-15 06:37,2024-02-15 19:34,2024-02-15 19:34,4,HOME,AMBULANCE,69,F
4692,2024-02-15 06:41,2024-02-15 06:48,2024-02-15 08:00,2024-02-15 11:36,2024-02-15 11:36,3,HOME,WALK IN,49,M
4693,2024-02-15 06:52,2024-02-15 06:58,2024-02-15 06:58,2024-02-15 11:39,2024-02-15 12:32,1,ADMITTED,AMBULANCE,68,M
4694,2024-02-15 07:37,2024-02-15 07:45,2024-02-15 08:00,2024-02-15 08:56,2024-02-15 08:56,3,HOME,AMBULANCE,75,F
4695,2024-02-15 07:43,2024-02-15 07:50,2024-02-15 08:04,2024-02-15 11:32,2024-02-15 12:09,3,ADMITTED,WALK IN,45,F
4696,2024-02-15 08:00,2024-02-15 08:04,2024-02-15 08:56,2024-02-15 14:11,2024-02-15 14:11,4,HOME,WALK IN,66,M
4697,2024-02-15 08:11,2024-02-15 08:22,2024-02-15 08:22,2024-02-15 12:06,2024-02-15 12:06,2,HOME,WALK IN,22,F
4698,2024-02-15 08:22,2024-02-15 08:25,2024-02-15 09:19,2024-02-15 13:38,2024-02-15 13:38,3,HOME,AMBULANCE,51,F
4699,2024-02-15 08:35,2024-02-15 08:45,2024-02-15 09:58,2024-02-15 13:00,2024-02-15 13:00,3,HOME,AMBULANCE,27,F
4700,2024-02-15 08:41,2024-02-15 08:49,2024-02-15 10:36,2024-02-15 14:09,2024-02-15 14:09,3,HOME,AMBULANCE,47,M
4701,2024-02-15 08:48,2024-02-15 09:01,2024-02-15 12:16,2024-02-15 15:09,2024-02-15 15:09,3,HOME,WALK IN,40,M
4702,2024-02-15 09:04,2024-02-15 09:09,2024-02-15 12:19,2024-02-15 14:19,2024-02-15 14:19,3,HOME,AMBULANCE,34,M
4703,2024-02-15 09:12,2024-02-15 09:18,2024-02-15 12:30,2024-02-15 16:54,2024-02-15 16:54,3,HOME,WALK IN,64,M
4704,2024-02-15 09:21,2024-02-15 09:26,2024-02-15 09:57,2024-02-15 16:45,2024-02-15 16:45,2,ADMITTED,AMBULANCE,66,F
4705,2024-02-15 09:39,2024-02-15 09:41,,,2024-02-15 12:04,4,LEFT WITHOUT BEING SEEN,WALK IN,45,M
4706,2024-02-15 09:47,2024-02-15 09:53,2024-02-15 10:33,2024-02-15 14:07,2024-02-15 14:07,2,HOME,AMBULANCE,46,M
4707,2024-02-15 09:55,2024-02-15 09:59,2024-02-15 12:01,2024-02-15 16:02,2024-02-15 16:02,2,ADMITTED,WALK IN,68,F
4708,2024-02-15 10:39,2024-02-15 10:50,,,2024-02-15 12:23,3,LEFT WITHOUT BEING SEEN,WALK IN,71,F
4709,2024-02-15 10:43,2024-02-15 10:53,2024-02-15 18:57,2024-02-15 20:06,2024-02-15 20:06,4,HOME,WALK IN,78,M
4710,2024-02-15 10:45,2024-02-15 10:55,2024-02-15 11:16,2024-02-15 13:36,2024-02-15 13:36,1,ADMITTED,WALK IN,78,F
4711,2024-02-15 10:47,2024-02-15 10:56,2024-02-15 11:36,2024-02-15 13:38,2024-02-15 13:38,1,ADMITTED,AMBULANCE,47,M
4712,2024-02-15 10:50,2024-02-15 11:05,2024-02-15 12:48,2024-02-15 13:31,2024-02-15 13:31,3,ADMITTED,WALK IN,63,F
4713,2024-02-15 11:16,2024-02-15 11:25,2024-02-15 12:54,2024-02-15 16:42,2024-02-15 16:42,3,HOME,WALK IN,57,M
4714,2024-02-15 11:43,2024-02-15 11:49,,,2024-02-15 13:21,4,LEFT WITHOUT BEING SEEN,WALK IN,48,F
4715,2024-02-15 11:48,2024-02-15 11:54,2024-02-15 12:06,2024-02-15 16:10,2024-02-15 16:10,2,HOME,WALK IN,74,M
4716,2024-02-15 12:01,2024-02-15 12:11,,,2024-02-15 16:25,4,LEFT WITHOUT BEING SEEN,WALK IN,44,F
4717,2024-02-15 12:02,2024-02-15 12:10,,,2024-02-15 18:10,4,LEFT WITHOUT BEING SEEN,WALK IN,79,F
4718,2024-02-15 12:08,2024-02-15 12:27,2024-02-15 12:37,2024-02-15 15:38,2024-02-15 15:38,2,HOME,AMBULANCE,55,M
4719,2024-02-15 12:09,2024-02-15 12:20,,,2024-02-15 13:05,4,LEFT WITHOUT BEING SEEN,WALK IN,49,M
4720,2024-02-15 12:25,2024-02-15 12:37,2024-02-15 13:00,2024-02-15 15:45,2024-02-15 15:45,2,HOME,WALK IN,51,F
4721,2024-02-15 12:36,2024-02-15 12:40,2024-02-15 13:36,2024-02-15 18:35,2024-02-15 18:35,2,ADMITTED,WALK IN,71,M
4722,2024-02-15 12:38,2024-02-15 12:45,,,2024-02-15 17:31,4,LEFT WITHOUT BEING SEEN,WALK IN,39,M
4723,2024-02-15 12:43,2024-02-15 12:46,2024-02-15 13:38,2024-02-15 15:40,2024-02-15 15:40,3,HOME,WALK IN,55,F
4724,2024-02-15 12:51,2024-02-15 13:00,2024-02-15 13:38,2024-02-15 16:05,2024-02-15 16:05,3,HOME,AMBULANCE,41,M
4725,2024-02-15 13:00,2024-02-15 13:07,2024-02-15 14:09,2024-02-15 17:37,2024-02-15 17:37,3,HOME,WALK IN,75,M
4726,2024-02-15 13:24,2024-02-15 13:30,,,2024-02-15 15:38,4,LEFT WITHOUT BEING SEEN,WALK IN,58,M
4727,2024-02-15 13:25,2024-02-15 13:31,2024-02-15 14:11,2024-02-15 16:35,2024-02-15 16:35,3,HOME,AMBULANCE,62,F
4728,2024-02-15 13:33,2024-02-15 13:37,2024-02-15 14:19,2024-02-15 16:59,2024-02-15 16:59,3,HOME,WALK IN,71,M
4729,2024-02-15 13:39,2024-02-15 13:48,,,2024-02-15 14:23,5,LEFT WITHOUT BEING SEEN,WALK IN,36,F
4730,2024-02-15 13:49,2024-02-15 13:53,,,2024-02-15 14:21,4,LEFT WITHOUT BEING SEEN,WALK IN,29,F
4731,2024-02-15 13:50,2024-02-15 13:53,,,2024-02-15 19:13,4,LEFT WITHOUT BEING SEEN,AMBULANCE,67,M
4732,2024-02-15 13:58,2024-02-15 14:07,,,2024-02-15 20:05,4,LEFT WITHOUT BEING SEEN,WALK IN,35,M
4733,2024-02-15 14:03,2024-02-15 14:08,2024-02-15 14:31,2024-02-15 16:34,2024-02-15 16:34,3,ADMITTED,WALK IN,60,M
4734,2024-02-15 14:09,2024-02-15 14:13,2024-02-15 14:38,2024-02-15 18:35,2024-02-15 18:35,3,HOME,WALK IN,54,F
4735,2024-02-15 14:10,2024-02-15 14:15,2024-02-15 15:40,2024-02-15 18:40,2024-02-15 18:40,3,ADMITTED,WALK IN,63,F
4736,2024-02-15 14:19,2024-02-15 14:22,2024-02-15 15:45,2024-02-15 19:38,2024-02-15 19:38,3,HOME,AMBULANCE,76,F
4737,2024-02-15 14:20,2024-02-15 14:33,,,2024-02-15 17:13,4,LEFT WITHOUT BEING SEEN,WALK IN,36,F
4738,2024-02-15 14:26,2024-02-15 14:32,,,2024-02-15 16:54,4,LEFT WITHOUT BEING SEEN,WALK IN,33,M
4739,2024-02-15 14:45,2024-02-15 14:52,2024-02-15 15:09,2024-02-15 19:51,2024-02-15 19:51,2,ADMITTED,AMBULANCE,67,M
4740,2024-02-15 14:52,2024-02-15 15:00,,,2024-02-15 18:13,4,LEFT WITHOUT BEING SEEN,WALK IN,54,F
4741,2024-02-15 14:55,2024-02-15 15:04,2024-02-15 16:08,2024-02-15 18:33,2024-02-15 18:33,3,HOME,AMBULANCE,61,F
4742,2024-02-15 15:17,2024-02-15 15:25,2024-02-15 16:57,2024-02-15 20:17,2024-02-15 20:17,3,ADMITTED,WALK IN,62,M
4743,2024-02-15 16:00,2024-02-15 16:04,2024-02-15 16:58,2024-02-15 20:46,2024-02-15 20:46,3,ADMITTED,WALK IN,47,F
4744,2024-02-15 16:02,2024-02-15 16:07,2024-02-15 16:10,2024-02-15 19:44,2024-02-15 19:44,2,HOME,WALK IN,44,M
4745,2024-02-15 16:16,2024-02-15 16:28,2024-02-15 17:08,2024-02-15 19:06,2024-02-15 19:06,3,ADMITTED,WALK IN,63,M
4746,2024-02-15 16:18,2024-02-15 16:28,2024-02-15 16:34,2024-02-15 17:47,2024-02-15 17:47,1,ADMITTED,WALK IN,60,F
4747,2024-02-15 16:23,2024-02-15 16:36,2024-02-15 17:17,2024-02-15 18:52,2024-02-15 18:52,3,ADMITTED,AMBULANCE,49,F
4748,2024-02-15 16:33,2024-02-15 16:36,2024-02-15 16:45,2024-02-15 19:42,2024-02-15 19:42,2,HOME,WALK IN,70,M
4749,2024-02-15 16:46,2024-02-15 16:50,2024-02-15 17:50,2024-02-15 20:09,2024-02-15 20:09,3,HOME,WALK IN,59,F
4750,2024-02-15 16:53,2024-02-15 16:57,2024-02-15 16:59,2024-02-15 18:47,2024-02-15 18:47,2,HOME,WALK IN,37,M
4751,2024-02-15 17:00,2024-02-15 17:05,,,2024-02-15 19:22,4,LEFT WITHOUT BEING SEEN,WALK IN,57,M
4752,2024-02-15 17:21,2024-02-15 17:24,2024-02-15 18:35,2024-02-15 20:26,2024-02-15 20:26,3,ADMITTED,WALK IN,27,M
4753,2024-02-15 17:21,2024-02-15 17:26,2024-02-15 17:37,2024-02-15 19:03,2024-02-15 19:03,2,ADMITTED,AMBULANCE,58,M
4754,2024-02-15 17:22,2024-02-15 17:33,2024-02-15 17:47,2024-02-15 19:33,2024-02-15 19:33,2,HOME,WALK IN,53,F
4755,2024-02-15 17:27,2024-02-15 17:30,2024-02-15 18:40,2024-02-15 22:01,2024-02-15 22:01,3,HOME,WALK IN,69,M
4756,2024-02-15 17:27,2024-02-15 17:41,2024-02-15 18:52,2024-02-15 20:27,2024-02-15 20:27,3,ADMITTED,WALK IN,75,F
4757,2024-02-15 17:48,2024-02-15 17:49,2024-02-15 20:17,2024-02-15 20:42,2024-02-15 20:42,4,HOME,WALK IN,17,F
4758,2024-02-15 18:22,2024-02-15 18:25,2024-02-15 18:54,2024-02-15 20:40,2024-02-15 20:40,3,HOME,WALK IN,70,F
4759,2024-02-15 18:29,2024-02-15 18:40,2024-02-15 19:51,2024-02-16 00:23,2024-02-16 00:23,3,HOME,WALK IN,36,M
4760,2024-02-15 18:29,2024-02-15 18:34,2024-02-15 18:55,2024-02-15 20:32,2024-02-15 20:32,3,HOME,WALK IN,44,F
4761,2024-02-15 18:31,2024-02-15 18:40,2024-02-15 18:47,2024-02-15 21:19,2024-02-15 21:19,2,HOME,AMBULANCE,56,F
4762,2024-02-15 18:48,2024-02-15 18:51,2024-02-15 20:26,2024-02-16 02:04,2024-02-16 12:56,4,ADMITTED,AMBULANCE,62,F
4763,2024-02-15 18:53,2024-02-15 18:58,2024-02-15 19:03,2024-02-15 21:28,2024-02-15 21:46,1,ADMITTED,WALK IN,72,M
4764,2024-02-15 19:08,2024-02-15 19:10,2024-02-15 19:44,2024-02-15 23:10,2024-02-16 10:39,2,ADMITTED,AMBULANCE,26,M
4765,2024-02-15 19:13,2024-02-15 19:18,2024-02-15 20:00,2024-02-15 21:24,2024-02-15 21:24,3,HOME,WALK IN,19,F
4766,2024-02-15 19:15,2024-02-15 19:19,2024-02-15 19:51,2024-02-15 21:03,2024-02-15 21:03,2,HOME,AMBULANCE,69,M
4767,2024-02-15 19:22,2024-02-15 19:26,2024-02-15 20:27,2024-02-15 22:54,2024-02-16 09:36,4,ADMITTED,WALK IN,61,F
4768,2024-02-15 19:24,2024-02-15 19:34,2024-02-15 20:32,2024-02-15 21:51,2024-02-15 21:51,4,HOME,WALK IN,47,F
4769,2024-02-15 19:30,2024-02-15 19:36,2024-02-15 20:52,2024-02-15 21:49,2024-02-15 21:49,4,HOME,WALK IN,52,F
4770,2024-02-15 19:37,2024-02-15 19:45,2024-02-15 21:07,2024-02-16 00:12,2024-02-16 00:12,4,HOME,WALK IN,36,F
4771,2024-02-15 19:40,2024-02-15 19:45,2024-02-15 21:28,2024-02-15 22:48,2024-02-15 22:48,4,HOME,WALK IN,21,M
4772,2024-02-15 19:50,2024-02-15 19:53,2024-02-15 22:02,2024-02-16 00:19,2024-02-16 00:19,4,HOME,WALK IN,40,F
4773,2024-02-15 20:17,2024-02-15 20:26,,,2024-02-15 22:50,4,LEFT WITHOUT BEING SEEN,AMBULANCE,41,F
4774,2024-02-15 20:22,2024-02-15 20:25,,,2024-02-15 22:12,4,LEFT WITHOUT BEING SEEN,WALK IN,44,M
4775,2024-02-15 20:38,2024-02-15 20:41,2024-02-15 20:46,2024-02-15 23:14,2024-02-16 11:02,3,ADMITTED,AMBULANCE,53,F
4776,2024-02-15 20:43,2024-02-15 20:51,,,2024-02-15 22:50,4,LEFT WITHOUT BEING SEEN,WALK IN,39,F
4777,2024-02-15 20:56,2024-02-15 21:02,2024-02-15 21:03,2024-02-15 22:56,2024-02-16 10:19,2,ADMITTED,WALK IN,53,F
4778,2024-02-15 21:06,2024-02-15 21:15,2024-02-15 21:25,2024-02-15 22:39,2024-02-15 22:39,3,HOME,WALK IN,41,M
4779,2024-02-15 21:14,2024-02-15 21:21,2024-02-15 23:34,2024-02-16 01:33,2024-02-16 01:33,4,HOME,WALK IN,71,F
4780,2024-02-15 21:29,2024-02-15 21:34,2024-02-15 21:51,2024-02-16 00:33,2024-02-16 00:33,2,HOME,AMBULANCE,41,F
4781,2024-02-15 21:33,2024-02-15 21:38,2024-02-15 21:52,2024-02-16 02:11,2024-02-16 02:11,3,HOME,WALK IN,32,F
4782,2024-02-15 21:41,2024-02-15 21:46,2024-02-15 21:46,2024-02-16 00:39,2024-02-16 12:04,1,ADMITTED,WALK IN,62,F
4783,2024-02-15 21:50,2024-02-15 21:54,2024-02-15 22:01,2024-02-16 01:01,2024-02-16 01:01,3,HOME,WALK IN,65,M
4784,2024-02-15 22:04,2024-02-15 22:10,2024-02-15 22:12,2024-02-16 00:13,2024-02-16 11:47,1,ADMITTED,AMBULANCE,67,M
4785,2024-02-15 22:13,2024-02-15 22:17,2024-02-15 22:54,2024-02-16 02:09,2024-02-16 02:09,2,HOME,WALK IN,76,F
4786,2024-02-15 22:18,2024-02-15 22:26,2024-02-15 22:56,2024-02-16 01:33,2024-02-16 12:23,2,ADMITTED,WALK IN,86,F
4787,2024-02-15 22:19,2024-02-15 22:40,2024-02-15 23:14,2024-02-16 02:38,2024-02-16 02:38,3,HOME,AMBULANCE,61,M
4788,2024-02-15 22:31,2024-02-15 22:47,,,2024-02-16 00:38,5,LEFT WITHOUT BEING SEEN,WALK IN,55,M
4789,2024-02-15 23:09,2024-02-15 23:13,,,2024-02-16 01:44,5,LEFT WITHOUT BEING SEEN,WALK IN,39,F
4790,2024-02-15 23:18,2024-02-15 23:22,2024-02-16 00:39,2024-02-16 02:58,2024-02-16 02:58,2,HOME,AMBULANCE,59,F
4791,2024-02-15 23:19,2024-02-15 23:29,2024-02-16 00:13,2024-02-16 02:39,2024-02-16 02:39,1,HOME,WALK IN,54,F
4792,2024-02-15 23:24,2024-02-15 23:37,2024-02-16 00:46,2024-02-16 02:15,2024-02-16 13:19,2,ADMITTED,AMBULANCE,70,M
4793,2024-02-15 23:56,2024-02-16 00:02,2024-02-16 01:33,2024-02-16 02:43,2024-02-16 02:43,4,HOME,WALK IN,55,F
4794,2024-02-16 00:20,2024-02-16 00:22,2024-02-16 01:01,2024-02-16 08:29,2024-02-16 08:29,2,HOME,WALK IN,54,F
4795,2024-02-16 00:44,2024-02-16 00:51,2024-02-16 01:33,2024-02-16 04:09,2024-02-16 04:09,4,HOME,WALK IN,71,M
4796,2024-02-16 00:56,2024-02-16 01:11,2024-02-16 02:15,2024-02-16 03:23,2024-02-16 03:23,4,HOME,WALK IN,30,M
4797,2024-02-16 02:00,2024-02-16 02:04,2024-02-16 02:09,2024-02-16 05:16,2024-02-16 14:58,2,ADMITTED,WALK IN,58,M
4798,2024-02-16 03:17,2024-02-16 03:28,2024-02-16 03:28,2024-02-16 07:13,2024-02-16 15:40,2,ADMITTED,WALK IN,36,M
4799,2024-02-16 05:12,2024-02-16 05:15,2024-02-16 05:15,2024-02-16 08:18,2024-02-16 16:32,1,ADMITTED,WALK IN,63,M
4800,2024-02-16 05:19,2024-02-16 05:21,2024-02-16 05:21,2024-02-16 05:53,2024-02-16 05:53,5,HOME,WALK IN,25,F
4801,2024-02-16 05:26,2024-02-16 05:31,2024-02-16 05:36,2024-02-16 08:37,2024-02-16 08:37,4,HOME,WALK IN,30,M
4802,2024-02-16 06:06,2024-02-16 06:11,2024-02-16 06:11,2024-02-16 10:05,2024-02-16 10:05,3,HOME,AMBULANCE,37,F
4803,2024-02-16 06:19,2024-02-16 06:25,2024-02-16 06:57,2024-02-16 08:46,2024-02-16 08:46,3,HOME,WALK IN,34,M
4804,2024-02-16 06:39,2024-02-16 06:48,2024-02-16 07:13,2024-02-16 09:20,2024-02-16 09:20,3,HOME,WALK IN,20,M
4805,2024-02-16 06:56,2024-02-16 07:15,2024-02-16 07:39,2024-02-16 10:13,2024-02-16 17:04,3,ADMITTED,WALK IN,66,F
4806,2024-02-16 07:09,2024-02-16 07:25,2024-02-16 14:58,2024-02-16 17:03,2024-02-16 17:03,4,HOME,WALK IN,51,F
4807,2024-02-16 07:23,2024-02-16 07:29,2024-02-16 08:37,2024-02-16 09:24,2024-02-16 09:24,3,HOME,WALK IN,30,F
4808,2024-02-16 07:33,2024-02-16 07:37,2024-02-16 09:25,2024-02-16 11:42,2024-02-16 11:42,3,HOME,WALK IN,32,F
4809,2024-02-16 07:45,2024-02-16 07:49,,,2024-02-16 12:31,4,LEFT WITHOUT BEING SEEN,WALK IN,44,M
4810,2024-02-16 07:53,2024-02-16 07:59,,,2024-02-16 09:22,4,LEFT WITHOUT BEING SEEN,AMBULANCE,41,M
4811,2024-02-16 07:58,2024-02-16 08:07,2024-02-16 10:17,2024-02-16 12:24,2024-02-16 20:34,3,ADMITTED,WALK IN,29,F
4812,2024-02-16 08:00,2024-02-16 08:17,2024-02-16 08:29,2024-02-16 12:15,2024-02-16 19:55,2,ADMITTED,WALK IN,72,F
4813,2024-02-16 08:04,2024-02-16 08:21,,,2024-02-16 10:21,3,LEFT WITHOUT BEING SEEN,AMBULANCE,22,M
4814,2024-02-16 08:15,2024-02-16 08:35,,,2024-02-16 10:07,3,LEFT WITHOUT BEING SEEN,WALK IN,35,F
4815,2024-02-16 08:17,2024-02-16 08:40,2024-02-16 08:46,2024-02-16 10:38,2024-02-16 17:58,2,ADMITTED,WALK IN,76,M
4816,2024-02-16 08:32,2024-02-16 08:46,2024-02-16 10:38,2024-02-16 12:07,2024-02-16 19:44,3,ADMITTED,WALK IN,76,M
4817,2024-02-16 08:36,2024-02-16 08:53,2024-02-16 09:24,2024-02-16 12:06,2024-02-16 18:03,2,ADMITTED,AMBULANCE,60,F
4818,2024-02-16 09:02,2024-02-16 09:05,,,2024-02-16 11:03,4,LEFT WITHOUT BEING SEEN,WALK IN,59,F
4819,2024-02-16 09:07,2024-02-16 09:12,2024-02-16 10:51,2024-02-16 12:28,2024-02-16 20:56,3,ADMITTED,WALK IN,44,F
4820,2024-02-16 09:13,2024-02-16 09:17,,,2024-02-16 10:26,4,LEFT WITHOUT BEING SEEN,WALK IN,22,F
4821,2024-02-16 09:22,2024-02-16 09:30,2024-02-16 10:13,2024-02-16 12:46,2024-02-16 21:00,2,ADMITTED,WALK IN,80,F
4822,2024-02-16 10:01,2024-02-16 10:07,2024-02-16 11:42,2024-02-16 14:06,2024-02-16 14:06,3,HOME,WALK IN,74,F
4823,2024-02-16 10:11,2024-02-16 10:19,2024-02-16 12:04,2024-02-16 12:54,2024-02-16 12:54,3,HOME,WALK IN,49,F
4824,2024-02-16 10:13,2024-02-16 10:26,,,2024-02-16 11:03,4,LEFT WITHOUT BEING SEEN,WALK IN,45,F
4825,2024-02-16 10:22,2024-02-16 10:28,2024-02-16 12:23,2024-02-16 16:12,2024-02-17 09:27,3,ADMITTED,WALK IN,27,M
4826,2024-02-16 10:27,2024-02-16 10:36,,,2024-02-16 12:21,3,LEFT WITHOUT BEING SEEN,WALK IN,42,F
4827,2024-02-16 10:35,2024-02-16 10:44,2024-02-16 12:54,2024-02-16 13:12,2024-02-16 13:12,3,HOME,WALK IN,33,M
4828,2024-02-16 10:36,2024-02-16 10:39,2024-02-16 11:02,2024-02-16 15:05,2024-02-17 00:47,3,ADMITTED,AMBULANCE,42,M
4829,2024-02-16 10:42,2024-02-16 10:47,2024-02-16 12:56,2024-02-16 14:12,2024-02-16 22:32,3,ADMITTED,AMBULANCE,30,M
4830,2024-02-16 10:43,2024-02-16 10:52,,,2024-02-16 12:57,3,LEFT WITHOUT BEING SEEN,WALK IN,30,M
4831,2024-02-16 10:51,2024-02-16 11:00,,,2024-02-16 12:15,5,LEFT WITHOUT BEING SEEN,AMBULANCE,38,M
4832,2024-02-16 10:57,2024-02-16 11:01,2024-02-16 13:19,2024-02-16 17:22,2024-02-16 17:22,3,HOME,WALK IN,47,M
4833,2024-02-16 11:05,2024-02-16 11:07,2024-02-16 14:06,2024-02-16 16:03,2024-02-17 09:23,3,ADMITTED,WALK IN,29,F
4834,2024-02-16 11:07,2024-02-16 11:11,,,2024-02-16 15:22,4,LEFT WITHOUT BEING SEEN,AMBULANCE,26,M
4835,2024-02-16 11:18,2024-02-16 11:28,,,2024-02-16 13:07,3,LEFT WITHOUT BEING SEEN,WALK IN,70,M
4836,2024-02-16 11:19,2024-02-16 11:24,,,2024-02-16 12:44,4,LEFT WITHOUT BEING SEEN,WALK IN,32,M
4837,2024-02-16 11:28,2024-02-16 11:33,,,2024-02-16 13:59,4,LEFT WITHOUT BEING SEEN,AMBULANCE,57,F
4838,2024-02-16 11:32,2024-02-16 11:37,,,2024-02-16 14:21,3,LEFT WITHOUT BEING SEEN,WALK IN,56,M
4839,2024-02-16 11:43,2024-02-16 11:46,2024-02-16 11:47,2024-02-16 16:35,2024-02-16 16:35,2,HOME,WALK IN,25,F
4840,2024-02-16 11:44,2024-02-16 11:49,,,2024-02-16 13:32,4,LEFT WITHOUT BEING SEEN,WALK IN,31,F
4841,2024-02-16 11:45,2024-02-16 11:56,,,2024-02-16 16:14,4,LEFT WITHOUT BEING SEEN,WALK IN,17,F
4842,2024-02-16 11:52,2024-02-16 11:58,,,2024-02-16 16:25,3,LEFT WITHOUT BEING SEEN,WALK IN,55,M
4843,2024-02-16 11:59,2024-02-16 12:06,,,2024-02-16 14:00,5,LEFT WITHOUT BEING SEEN,WALK IN,47,M
4844,2024-02-16 12:10,2024-02-16 12:19,,,2024-02-16 13:33,5,LEFT WITHOUT BEING SEEN,WALK IN,67,F
4845,2024-02-16 12:16,2024-02-16 12:22,,,2024-02-16 16:14,3,LEFT WITHOUT BEING SEEN,WALK IN,34,M
4846,2024-02-16 12:18,2024-02-16 12:27,2024-02-16 17:03,2024-02-16 19:51,2024-02-16 19:51,3,HOME,AMBULANCE,20,F
4847,2024-02-16 12:53,2024-02-16 12:56,2024-02-16 13:12,2024-02-16 15:37,2024-02-17 08:17,2,ADMITTED,WALK IN,54,F
4848,2024-02-16 13:00,2024-02-16 13:10,,,2024-02-16 14:29,5,LEFT WITHOUT BEING SEEN,WALK IN,65,F
4849,2024-02-16 13:15,2024-02-16 13:21,2024-02-16 17:04,2024-02-16 18:51,2024-02-16 18:51,3,HOME,AMBULANCE,44,F
4850,2024-02-16 13:22,2024-02-16 13:27,,,2024-02-16 16:05,3,LEFT WITHOUT BEING SEEN,WALK IN,67,F
4851,2024-02-16 13:59,2024-02-16 14:03,,,2024-02-16 15:32,4,LEFT WITHOUT BEING SEEN,AMBULANCE,38,F
4852,2024-02-16 14:01,2024-02-16 14:06,,,2024-02-16 15:19,3,LEFT WITHOUT BEING SEEN,WALK IN,55,M
4853,2024-02-16 14:18,2024-02-16 14:23,2024-02-16 15:40,2024-02-16 17:58,2024-02-16 17:58,2,HOME,AMBULANCE,36,M
4854,2024-02-16 14:22,2024-02-16 14:30,,,2024-02-16 19:34,4,LEFT WITHOUT BEING SEEN,WALK IN,48,F
4855,2024-02-16 14:26,2024-02-16 14:32,,,2024-02-16 16:45,3,LEFT WITHOUT BEING SEEN,AMBULANCE,44,F
4856,2024-02-16 14:45,2024-02-16 14:50,,,2024-02-16 17:27,3,LEFT WITHOUT BEING SEEN,WALK IN,23,F
4857,2024-02-16 14:49,2024-02-16 14:55,,,2024-02-16 18:02,3,LEFT WITHOUT BEING SEEN,WALK IN,62,F
4858,2024-02-16 15:04,2024-02-16 15:19,,,2024-02-16 17:27,4,LEFT WITHOUT BEING SEEN,WALK IN,35,M
4859,2024-02-16 15:15,2024-02-16 15:23,,,2024-02-16 17:22,4,LEFT WITHOUT BEING SEEN,WALK IN,33,M
4860,2024-02-16 15:16,2024-02-16 15:30,2024-02-16 16:35,2024-02-16 18:31,2024-02-17 09:51,3,ADMITTED,AMBULANCE,59,F
4861,2024-02-16 15:18,2024-02-16 15:32,2024-02-16 16:32,2024-02-16 20:19,2024-02-17 09:58,2,ADMITTED,WALK IN,23,F
4862,2024-02-16 15:19,2024-02-16 15:37,2024-02-16 17:58,2024-02-16 22:26,2024-02-16 22:26,3,HOME,WALK IN,46,F
4863,2024-02-16 15:29,2024-02-16 15:36,,,2024-02-16 18:59,3,LEFT WITHOUT BEING SEEN,AMBULANCE,41,F
4864,2024-02-16 15:39,2024-02-16 15:46,,,2024-02-16 19:37,4,LEFT WITHOUT BEING SEEN,WALK IN,48,F
4865,2024-02-16 15:48,2024-02-16 15:55,,,2024-02-16 17:43,4,LEFT WITHOUT BEING SEEN,WALK IN,64,F
4866,2024-02-16 15:52,2024-02-16 15:56,,,2024-02-16 21:20,4,LEFT WITHOUT BEING SEEN,AMBULANCE,37,M
4867,2024-02-16 16:03,2024-02-16 16:09,,,2024-02-16 17:07,3,LEFT WITHOUT BEING SEEN,WALK IN,82,M
4868,2024-02-16 16:20,2024-02-16 16:23,,,2024-02-16 22:59,4,LEFT WITHOUT BEING SEEN,WALK IN,32,M
4869,2024-02-16 16:32,2024-02-16 16:37,,,2024-02-16 17:15,4,LEFT WITHOUT BEING SEEN,WALK IN,39,F
4870,2024-02-16 16:51,2024-02-16 16:59,2024-02-16 22:46,2024-02-17 02:52,2024-02-17 12:38,3,ADMITTED,WALK IN,69,F
4871,2024-02-16 16:55,2024-02-16 17:05,,,2024-02-16 19:42,3,LEFT WITHOUT BEING SEEN,WALK IN,48,M
4872,2024-02-16 17:02,2024-02-16 17:14,2024-02-16 17:22,2024-02-16 20:41,2024-02-17 10:00,2,ADMITTED,WALK IN,42,F
4873,2024-02-16 17:14,2024-02-16 17:21,2024-02-16 22:42,2024-02-17 01:12,2024-02-17 01:12,3,HOME,AMBULANCE,19,M
4874,2024-02-16 17:25,2024-02-16 17:39,,,2024-02-16 18:40,5,LEFT WITHOUT BEING SEEN,WALK IN,53,M
4875,2024-02-16 17:28,2024-02-16 17:31,2024-02-16 17:58,2024-02-16 20:32,2024-02-17 10:00,1,ADMITTED,AMBULANCE,34,M
4876,2024-02-16 17:44,2024-02-16 17:52,2024-02-16 18:03,2024-02-16 22:42,2024-02-16 22:42,2,HOME,AMBULANCE,76,M
4877,2024-02-16 17:49,2024-02-16 18:00,,,2024-02-16 22:46,4,LEFT WITHOUT BEING SEEN,WALK IN,25,F
4878,2024-02-16 18:01,2024-02-16 18:11,2024-02-16 19:44,2024-02-16 21:48,2024-02-16 21:48,2,HOME,WALK IN,55,F
4879,2024-02-16 18:04,2024-02-16 18:09,2024-02-16 18:51,2024-02-16 23:00,2024-02-17 11:11,2,ADMITTED,WALK IN,28,F
4880,2024-02-16 18:06,2024-02-16 18:15,,,2024-02-16 22:12,3,LEFT WITHOUT BEING SEEN,AMBULANCE,54,M
4881,2024-02-16 18:09,2024-02-16 18:16,2024-02-16 19:51,2024-02-16 22:46,2024-02-16 22:46,2,HOME,WALK IN,68,M
4882,2024-02-16 18:12,2024-02-16 18:20,,,2024-02-17 01:00,4,LEFT WITHOUT BEING SEEN,AMBULANCE,61,M
4883,2024-02-16 18:20,2024-02-16 18:24,,,2024-02-16 22:59,4,LEFT WITHOUT BEING SEEN,WALK IN,28,M
4884,2024-02-16 18:36,2024-02-16 18:43,,,2024-02-16 20:21,4,LEFT WITHOUT BEING SEEN,AMBULANCE,26,M
4885,2024-02-16 18:43,2024-02-16 18:49,,,2024-02-16 19:53,4,LEFT WITHOUT BEING SEEN,WALK IN,40,F
4886,2024-02-16 18:49,2024-02-16 18:52,,,2024-02-16 20:02,4,LEFT WITHOUT BEING SEEN,WALK IN,28,F
4887,2024-02-16 18:50,2024-02-16 18:54,,,2024-02-16 20:01,3,LEFT WITHOUT BEING SEEN,WALK IN,36,F
4888,2024-02-16 18:52,2024-02-16 19:06,2024-02-16 20:34,2024-02-17 00:45,2024-02-17 00:45,3,HOME,AMBULANCE,26,F
4889,2024-02-16 18:55,2024-02-16 19:02,2024-02-16 19:55,2024-02-16 21:45,2024-02-16 21:45,2,HOME,WALK IN,44,M
4890,2024-02-16 18:57,2024-02-16 19:08,,,2024-02-16 20:16,3,LEFT WITHOUT BEING SEEN,WALK IN,74,M
4891,2024-02-16 18:58,2024-02-16 19:14,,,2024-02-16 22:30,3,LEFT WITHOUT BEING SEEN,WALK IN,55,M
4892,2024-02-16 19:13,2024-02-16 19:19,,,2024-02-16 21:30,3,LEFT WITHOUT BEING SEEN,WALK IN,30,F
4893,2024-02-16 19:18,2024-02-16 19:22,,,2024-02-16 20:39,4,LEFT WITHOUT BEING SEEN,WALK IN,44,M
4894,2024-02-16 19:26,2024-02-16 19:29,2024-02-16 20:56,2024-02-16 22:30,2024-02-17 10:43,2,ADMITTED,AMBULANCE,56,M
4895,2024-02-16 19:34,2024-02-16 19:48,,,2024-02-16 22:26,3,LEFT WITHOUT BEING SEEN,WALK IN,36,F
4896,2024-02-16 19:39,2024-02-16 19:42,2024-02-16 21:00,2024-02-16 21:42,2024-02-16 21:42,2,HOME,AMBULANCE,79,F
4897,2024-02-16 19:52,2024-02-16 19:57,2024-02-16 21:42,2024-02-16 23:42,2024-02-16 23:42,2,HOME,WALK IN,54,F
4898,2024-02-16 19:54,2024-02-16 20:00,,,2024-02-16 22:29,4,LEFT WITHOUT BEING SEEN,WALK IN,45,F
4899,2024-02-16 20:20,2024-02-16 20:29,,,2024-02-16 22:45,4,LEFT WITHOUT BEING SEEN,WALK IN,38,M
4900,2024-02-16 20:23,2024-02-16 20:26,,,2024-02-16 21:23,5,LEFT WITHOUT BEING SEEN,WALK IN,54,F
4901,2024-02-16 20:38,2024-02-16 20:48,2024-02-16 21:49,2024-02-16 23:56,2024-02-16 23:56,2,HOME,AMBULANCE,71,F
4902,2024-02-16 20:40,2024-02-16 20:43,2024-02-16 21:48,2024-02-17 01:15,2024-02-17 01:15,2,HOME,WALK IN,65,M
4903,2024-02-16 21:03,2024-02-16 21:09,2024-02-16 22:30,2024-02-17 01:37,2024-02-17 12:00,2,ADMITTED,WALK IN,36,M
4904,2024-02-16 21:23,2024-02-16 21:32,,,2024-02-17 00:10,4,LEFT WITHOUT BEING SEEN,WALK IN,30,F
4905,2024-02-16 21:32,2024-02-16 21:38,2024-02-16 22:50,2024-02-17 00:36,2024-02-17 00:36,3,HOME,WALK IN,34,M
4906,2024-02-16 21:47,2024-02-16 22:00,,,2024-02-17 00:43,5,LEFT WITHOUT BEING SEEN,WALK IN,63,F
4907,2024-02-16 22:21,2024-02-16 22:24,2024-02-16 23:42,2024-02-17 03:47,2024-02-17 03:47,3,HOME,WALK IN,45,M
4908,2024-02-16 22:40,2024-02-16 22:43,2024-02-16 23:56,2024-02-17 02:36,2024-02-17 02:36,3,HOME,WALK IN,77,F
4909,2024-02-16 22:46,2024-02-16 22:59,2024-02-17 00:36,2024-02-17 02:31,2024-02-17 02:31,4,HOME,WALK IN,34,F
4910,2024-02-16 22:52,2024-02-16 23:02,2024-02-17 00:45,2024-02-17 04:44,2024-02-17 04:44,3,HOME,WALK IN,71,M
4911,2024-02-16 23:26,2024-02-16 23:32,2024-02-17 00:47,2024-02-17 05:29,2024-02-17 05:29,3,HOME,AMBULANCE,49,M
4912,2024-02-16 23:48,2024-02-16 23:54,2024-02-17 01:37,2024-02-17 03:53,2024-02-17 03:53,3,HOME,WALK IN,61,F
4913,2024-02-17 00:02,2024-02-17 00:08,2024-02-17 02:52,2024-02-17 05:31,2024-02-17 05:31,3,HOME,WALK IN,30,M
4914,2024-02-17 00:11,2024-02-17 00:14,,,2024-02-17 03:04,4,LEFT WITHOUT BEING SEEN,WALK IN,32,M
4915,2024-02-17 00:15,2024-02-17 00:23,2024-02-17 03:53,2024-02-17 04:29,2024-02-17 13:10,3,ADMITTED,WALK IN,63,M
4916,2024-02-17 00:16,2024-02-17 00:28,2024-02-17 03:47,2024-02-17 05:36,2024-02-17 05:36,3,HOME,WALK IN,66,F
4917,2024-02-17 00:49,2024-02-17 00:52,2024-02-17 02:31,2024-02-17 05:45,2024-02-17 05:45,4,HOME,WALK IN,69,F
4918,2024-02-17 00:53,2024-02-17 00:59,2024-02-17 05:36,2024-02-17 07:28,2024-02-17 07:28,4,HOME,WALK IN,42,F
4919,2024-02-17 02:20,2024-02-17 02:28,,,2024-02-17 03:37,4,LEFT WITHOUT BEING SEEN,WALK IN,50,M
4920,2024-02-17 02:20,2024-02-17 02:32,2024-02-17 02:36,2024-02-17 04:21,2024-02-17 12:41,1,ADMITTED,AMBULANCE,24,F
4921,2024-02-17 03:26,2024-02-17 03:30,2024-02-17 04:44,2024-02-17 06:46,2024-02-17 06:46,3,HOME,WALK IN,45,M
4922,2024-02-17 05:17,2024-02-17 05:19,2024-02-17 05:36,2024-02-17 07:29,2024-02-17 07:29,4,HOME,WALK IN,69,M
4923,2024-02-17 05:30,2024-02-17 05:34,2024-02-17 05:45,2024-02-17 06:10,2024-02-17 06:10,5,HOME,WALK IN,39,F
4924,2024-02-17 06:10,2024-02-17 06:21,2024-02-17 06:21,2024-02-17 06:30,2024-02-17 06:30,5,HOME,WALK IN,37,F
4925,2024-02-17 06:20,2024-02-17 06:26,2024-02-17 06:26,2024-02-17 08:17,2024-02-17 08:17,2,HOME,WALK IN,27,F
4926,2024-02-17 06:34,2024-02-17 06:47,2024-02-17 06:47,2024-02-17 09:15,2024-02-17 09:15,3,HOME,AMBULANCE,49,M
4927,2024-02-17 07:00,2024-02-17 07:06,2024-02-17 07:28,2024-02-17 08:55,2024-02-17 13:18,3,ADMITTED,AMBULANCE,37,M
4928,2024-02-17 07:08,2024-02-17 07:11,2024-02-17 07:29,2024-02-17 12:05,2024-02-17 12:05,4,HOME,WALK IN,64,M
4929,2024-02-17 08:19,2024-02-17 08:26,2024-02-17 08:26,2024-02-17 10:30,2024-02-17 10:30,3,HOME,WALK IN,49,M
4930,2024-02-17 08:26,2024-02-17 08:32,2024-02-17 08:32,2024-02-17 10:15,2024-02-17 10:15,2,HOME,AMBULANCE,55,M
4931,2024-02-17 08:38,2024-02-17 08:40,2024-02-17 08:40,2024-02-17 10:36,2024-02-17 10:36,3,HOME,WALK IN,60,F
4932,2024-02-17 08:51,2024-02-17 08:57,2024-02-17 09:15,2024-02-17 12:40,2024-02-17 12:40,3,HOME,WALK IN,71,F
4933,2024-02-17 08:53,2024-02-17 09:02,2024-02-17 10:15,2024-02-17 13:27,2024-02-17 13:27,3,HOME,WALK IN,51,F
4934,2024-02-17 08:59,2024-02-17 09:15,2024-02-17 10:38,2024-02-17 11:34,2024-02-17 11:34,4,HOME,WALK IN,35,M
4935,2024-02-17 09:14,2024-02-17 09:20,2024-02-17 09:23,2024-02-17 10:38,2024-02-17 13:21,2,ADMITTED,AMBULANCE,57,F
4936,2024-02-17 09:19,2024-02-17 09:24,2024-02-17 09:27,2024-02-17 15:52,2024-02-17 16:23,1,ADMITTED,WALK IN,42,M
4937,2024-02-17 09:24,2024-02-17 09:27,,,2024-02-17 10:55,5,LEFT WITHOUT BEING SEEN,WALK IN,61,F
4938,2024-02-17 09:27,2024-02-17 09:35,2024-02-17 09:51,2024-02-17 12:44,2024-02-17 12:44,1,HOME,AMBULANCE,46,M
4939,2024-02-17 09:33,2024-02-17 09:42,2024-02-17 09:58,2024-02-17 12:33,2024-02-17 14:27,2,ADMITTED,AMBULANCE,54,F
4940,2024-02-17 09:40,2024-02-17 09:50,2024-02-17 10:07,2024-02-17 11:08,2024-02-17 11:08,2,HOME,WALK IN,74,F
4941,2024-02-17 09:56,2024-02-17 10:06,2024-02-17 10:15,2024-02-17 12:15,2024-02-17 12:15,2,HOME,WALK IN,66,M
4942,2024-02-17 10:08,2024-02-17 10:15,2024-02-17 10:38,2024-02-17 13:07,2024-02-17 14:29,2,ADMITTED,WALK IN,70,M
4943,2024-02-17 10:32,2024-02-17 10:37,2024-02-17 10:43,2024-02-17 12:21,2024-02-17 12:21,4,HOME,WALK IN,48,M
4944,2024-02-17 10:56,2024-02-17 11:03,2024-02-17 11:08,2024-02-17 11:29,2024-02-17 11:29,4,HOME,AMBULANCE,35,M
4945,2024-02-17 11:08,2024-02-17 11:12,2024-02-17 11:12,2024-02-17 16:25,2024-02-17 16:25,2,HOME,WALK IN,68,F
4946,2024-02-17 11:11,2024-02-17 11:17,2024-02-17 11:29,2024-02-17 12:20,2024-02-17 13:21,2,ADMITTED,WALK IN,37,F
4947,2024-02-17 11:12,2024-02-17 11:20,2024-02-17 11:34,2024-02-17 14:24,2024-02-17 15:12,2,ADMITTED,WALK IN,48,F
4948,2024-02-17 11:18,2024-02-17 11:24,2024-02-17 12:00,2024-02-17 13:23,2024-02-17 14:39,2,ADMITTED,AMBULANCE,64,M
4949,2024-02-17 11:39,2024-02-17 11:44,2024-02-17 12:47,2024-02-17 14:35,2024-02-17 15:35,4,ADMITTED,AMBULANCE,67,M
4950,2024-02-17 11:45,2024-02-17 11:55,2024-02-17 12:52,2024-02-17 13:55,2024-02-17 13:55,4,HOME,WALK IN,59,M
4951,2024-02-17 11:50,2024-02-17 12:00,2024-02-17 13:21,2024-02-17 16:43,2024-02-17 16:43,4,HOME,WALK IN,66,M
4952,2024-02-17 11:58,2024-02-17 12:02,2024-02-17 12:05,2024-02-17 21:49,2024-02-17 21:49,3,HOME,WALK IN,53,M
4953,2024-02-17 12:09,2024-02-17 12:10,2024-02-17 12:15,2024-02-17 14:29,2024-02-17 14:29,3,HOME,WALK IN,54,F
4954,2024-02-17 12:11,2024-02-17 12:20,2024-02-17 12:21,2024-02-17 16:58,2024-02-17 16:58,3,HOME,AMBULANCE,76,F
4955,2024-02-17 12:21,2024-02-17 12:26,2024-02-17 12:40,2024-02-17 14:33,2024-02-17 14:33,3,HOME,WALK IN,31,F
4956,2024-02-17 12:24,2024-02-17 12:27,2024-02-17 12:44,2024-02-17 15:22,2024-02-17 15:22,3,HOME,WALK IN,33,F
4957,2024-02-17 12:52,2024-02-17 13:00,2024-02-17 13:10,2024-02-17 16:23,2024-02-17 16:23,1,HOME,WALK IN,69,F
4958,2024-02-17 13:08,2024-02-17 13:12,2024-02-17 13:20,2024-02-17 15:28,2024-02-17 15:28,3,HOME,WALK IN,32,M
4959,2024-02-17 13:15,2024-02-17 13:26,2024-02-17 13:27,2024-02-17 15:01,2024-02-17 15:01,2,HOME,WALK IN,19,F
4960,2024-02-17 13:21,2024-02-17 13:26,2024-02-17 13:26,2024-02-17 15:14,2024-02-17 15:51,2,ADMITTED,WALK IN,75,M
4961,2024-02-17 13:24,2024-02-17 13:39,2024-02-17 13:55,2024-02-17 15:10,2024-02-17 15:37,1,ADMITTED,WALK IN,26,F
4962,2024-02-17 14:07,2024-02-17 14:12,2024-02-17 14:29,2024-02-17 14:48,2024-02-17 14:48,5,HOME,WALK IN,43,F
4963,2024-02-17 14:18,2024-02-17 14:22,2024-02-17 14:27,2024-02-17 17:01,2024-02-17 17:01,2,HOME,WALK IN,35,M
4964,2024-02-17 14:32,2024-02-17 14:35,2024-02-17 14:35,2024-02-17 16:12,2024-02-17 16:12,2,HOME,WALK IN,58,F
4965,2024-02-17 14:48,2024-02-17 14:52,2024-02-17 14:52,2024-02-17 17:23,2024-02-17 17:23,3,HOME,AMBULANCE,41,F
4966,2024-02-17 14:49,2024-02-17 14:58,2024-02-17 14:59,2024-02-17 17:06,2024-02-17 17:06,3,HOME,WALK IN,60,F
4967,2024-02-17 14:56,2024-02-17 14:58,2024-02-17 15:01,2024-02-17 16:23,2024-02-17 16:23,4,HOME,WALK IN,34,M
4968,2024-02-17 15:05,2024-02-17 15:08,2024-02-17 15:10,2024-02-17 16:41,2024-02-17 16:41,3,HOME,WALK IN,81,M
4969,2024-02-17 15:28,2024-02-17 15:33,2024-02-17 15:33,2024-02-17 18:19,2024-02-17 18:19,2,ADMITTED,AMBULANCE,61,F
4970,2024-02-17 16:12,2024-02-17 16:17,2024-02-17 16:17,2024-02-17 17:32,2024-02-17 17:32,4,HOME,WALK IN,29,M
4971,2024-02-17 16:21,2024-02-17 16:25,2024-02-17 16:25,2024-02-17 20:03,2024-02-17 20:03,2,HOME,WALK IN,52,F
4972,2024-02-17 16:55,2024-02-17 16:56,2024-02-17 17:00,2024-02-17 20:08,2024-02-17 20:08,2,ADMITTED,WALK IN,70,F
4973,2024-02-17 16:58,2024-02-17 17:06,2024-02-17 17:06,2024-02-17 17:42,2024-02-17 17:42,4,HOME,WALK IN,34,F
4974,2024-02-17 17:02,2024-02-17 17:04,2024-02-17 17:04,2024-02-17 17:59,2024-02-17 17:59,3,HOME,WALK IN,54,F
4975,2024-02-17 17:05,2024-02-17 17:09,2024-02-17 17:09,2024-02-17 18:04,2024-02-17 18:04,4,HOME,WALK IN,32,M
4976,2024-02-17 17:14,2024-02-17 17:18,2024-02-17 17:18,2024-02-17 18:33,2024-02-17 18:33,4,HOME,WALK IN,30,F
4977,2024-02-17 17:23,2024-02-17 17:27,2024-02-17 17:27,2024-02-17 20:21,2024-02-17 20:21,3,HOME,WALK IN,24,F
4978,2024-02-17 17:34,2024-02-17 17:37,2024-02-17 17:37,2024-02-17 18:34,2024-02-17 18:34,4,HOME,WALK IN,27,M
4979,2024-02-17 17:39,2024-02-17 17:41,2024-02-17 17:41,2024-02-17 18:56,2024-02-17 18:56,3,HOME,WALK IN,68,M
4980,2024-02-17 17:46,2024-02-17 17:50,2024-02-17 17:59,2024-02-17 18:15,2024-02-17 18:15,3,HOME,WALK IN,45,M
4981,2024-02-17 17:48,2024-02-17 17:50,2024-02-17 17:50,2024-02-17 20:06,2024-02-17 20:06,3,HOME,WALK IN,38,M
4982,2024-02-17 17:53,2024-02-17 17:58,2024-02-17 18:04,2024-02-17 19:58,2024-02-17 19:58,3,ADMITTED,AMBULANCE,40,F
4983,2024-02-17 18:18,2024-02-17 18:21,2024-02-17 18:21,2024-02-17 21:12,2024-02-17 21:12,1,ADMITTED,AMBULANCE,69,M
4984,2024-02-17 18:18,2024-02-17 18:25,2024-02-17 18:25,2024-02-17 20:11,2024-02-17 20:11,3,HOME,WALK IN,75,F
4985,2024-02-17 18:21,2024-02-17 18:26,2024-02-17 18:26,2024-02-17 22:00,2024-02-17 22:00,2,ADMITTED,AMBULANCE,15,M
4986,2024-02-17 18:22,2024-02-17 18:31,2024-02-17 18:33,2024-02-17 22:57,2024-02-18 06:01,4,ADMITTED,WALK IN,38,F
4987,2024-02-17 18:26,2024-02-17 18:32,2024-02-17 18:34,2024-02-17 20:03,2024-02-17 20:03,5,HOME,WALK IN,50,F
4988,2024-02-17 18:26,2024-02-17 18:36,2024-02-17 18:40,2024-02-17 22:35,2024-02-17 22:35,2,ADMITTED,WALK IN,42,M
4989,2024-02-17 18:27,2024-02-17 18:38,2024-02-17 20:22,2024-02-17 22:03,2024-02-17 22:03,3,HOME,AMBULANCE,56,M
4990,2024-02-17 18:29,2024-02-17 18:42,2024-02-17 20:30,2024-02-18 02:01,2024-02-18 02:01,3,HOME,AMBULANCE,50,F
4991,2024-02-17 18:38,2024-02-17 18:43,2024-02-17 18:43,2024-02-17 22:44,2024-02-17 22:44,1,HOME,WALK IN,51,F
4992,2024-02-17 18:41,2024-02-17 18:48,2024-02-17 20:08,2024-02-17 21:58,2024-02-17 21:58,2,HOME,WALK IN,68,F
4993,2024-02-17 18:51,2024-02-17 19:01,2024-02-17 20:11,2024-02-17 22:51,2024-02-18 00:40,2,ADMITTED,WALK IN,75,F
4994,2024-02-17 18:53,2024-02-17 19:01,,,2024-02-17 21:23,4,LEFT WITHOUT BEING SEEN,WALK IN,41,F
4995,2024-02-17 19:02,2024-02-17 19:09,2024-02-17 20:35,2024-02-18 01:33,2024-02-18 01:33,3,HOME,WALK IN,65,M
4996,2024-02-17 19:04,2024-02-17 19:09,2024-02-17 20:32,2024-02-17 23:58,2024-02-17 23:58,3,HOME,AMBULANCE,46,M
4997,2024-02-17 19:27,2024-02-17 19:34,2024-02-17 19:58,2024-02-18 00:02,2024-02-18 07:23,1,ADMITTED,WALK IN,53,M
4998,2024-02-17 19:27,2024-02-17 19:41,2024-02-17 20:13,2024-02-18 00:00,2024-02-18 00:00,2,HOME,AMBULANCE,75,M
4999,2024-02-17 19:38,2024-02-17 19:44,2024-02-17 21:13,2024-02-18 01:42,2024-02-18 01:42,3,HOME,AMBULANCE,25,F
5000,2024-02-17 20:00,2024-02-17 20:05,2024-02-17 20:21,2024-02-17 22:38,2024-02-17 23:40,2,ADMITTED,WALK IN,64,M
5001,2024-02-17 20:19,2024-02-17 20:23,2024-02-17 21:31,2024-02-17 23:48,2024-02-17 23:48,4,HOME,WALK IN,68,F
5002,2024-02-17 20:24,2024-02-17 20:27,,,2024-02-17 22:34,4,LEFT WITHOUT BEING SEEN,WALK IN,63,M
5003,2024-02-17 20:28,2024-02-17 20:38,,,2024-02-17 21:10,4,LEFT WITHOUT BEING SEEN,WALK IN,37,M
5004,2024-02-17 20:30,2024-02-17 20:36,2024-02-17 21:12,2024-02-17 22:48,2024-02-17 22:48,2,HOME,WALK IN,70,M
5005,2024-02-17 20:48,2024-02-17 20:55,,,2024-02-17 22:39,3,LEFT WITHOUT BEING SEEN,WALK IN,84,F
5006,2024-02-17 20:52,2024-02-17 21:04,2024-02-17 21:27,2024-02-18 02:25,2024-02-18 09:23,2,ADMITTED,WALK IN,71,M
5007,2024-02-17 20:53,2024-02-17 21:02,,,2024-02-17 22:12,4,LEFT WITHOUT BEING SEEN,WALK IN,27,M
5008,2024-02-17 20:57,2024-02-17 21:04,2024-02-18 00:00,2024-02-18 03:56,2024-02-18 03:56,3,HOME,WALK IN,49,F
5009,2024-02-17 21:04,2024-02-17 21:07,,,2024-02-17 23:09,4,LEFT WITHOUT BEING SEEN,WALK IN,23,M
5010,2024-02-17 21:04,2024-02-17 21:15,2024-02-17 22:03,2024-02-18 06:35,2024-02-18 10:34,2,ADMITTED,WALK IN,64,F
5011,2024-02-17 21:44,2024-02-17 21:49,,,2024-02-17 23:37,4,LEFT WITHOUT BEING SEEN,WALK IN,26,M
5012,2024-02-17 21:48,2024-02-17 21:55,2024-02-18 01:47,2024-02-18 03:20,2024-02-18 03:20,3,HOME,WALK IN,39,F
5013,2024-02-17 21:52,2024-02-17 21:59,2024-02-18 02:01,2024-02-18 02:48,2024-02-18 02:48,4,HOME,WALK IN,41,M
5014,2024-02-17 21:59,2024-02-17 22:04,2024-02-17 22:57,2024-02-18 01:47,2024-02-18 08:07,2,ADMITTED,AMBULANCE,79,M
5015,2024-02-17 22:50,2024-02-17 22:53,2024-02-18 00:00,2024-02-18 01:36,2024-02-18 01:36,2,HOME,WALK IN,55,F
5016,2024-02-17 23:40,2024-02-17 23:49,,,2024-02-18 01:36,3,LEFT WITHOUT BEING SEEN,WALK IN,43,M
5017,2024-02-17 23:43,2024-02-17 23:58,,,2024-02-18 00:47,4,LEFT WITHOUT BEING SEEN,WALK IN,53,M
5018,2024-02-18 00:38,2024-02-18 00:43,2024-02-18 01:49,2024-02-18 05:12,2024-02-18 05:12,3,HOME,WALK IN,60,F
5019,2024-02-18 01:22,2024-02-18 01:28,2024-02-18 02:25,2024-02-18 04:09,2024-02-18 04:09,4,HOME,AMBULANCE,55,M
5020,2024-02-18 02:17,2024-02-18 02:19,2024-02-18 02:31,2024-02-18 03:26,2024-02-18 03:26,4,HOME,WALK IN,37,M
5021,2024-02-18 02:31,2024-02-18 02:40,2024-02-18 02:40,2024-02-18 03:35,2024-02-18 03:35,4,HOME,WALK IN,50,M
5022,2024-02-18 04:08,2024-02-18 04:13,2024-02-18 04:13,2024-02-18 06:57,2024-02-18 11:32,3,ADMITTED,WALK IN,24,F
5023,2024-02-18 05:21,2024-02-18 05:24,2024-02-18 05:24,2024-02-18 08:11,2024-02-18 11:49,2,ADMITTED,WALK IN,67,M
5024,2024-02-18 05:37,2024-02-18 05:43,2024-02-18 05:43,2024-02-18 06:57,2024-02-18 06:57,4,HOME,WALK IN,47,M
5025,2024-02-18 06:33,2024-02-18 06:37,2024-02-18 06:37,2024-02-18 07:52,2024-02-18 11:48,4,ADMITTED,WALK IN,22,M
5026,2024-02-18 07:32,2024-02-18 07:39,2024-02-18 07:39,2024-02-18 08:58,2024-02-18 12:28,3,ADMITTED,WALK IN,46,F
5027,2024-02-18 07:47,2024-02-18 07:54,2024-02-18 07:54,2024-02-18 09:50,2024-02-18 12:34,4,ADMITTED,WALK IN,78,M
5028,2024-02-18 08:16,2024-02-18 08:21,2024-02-18 08:21,2024-02-18 10:54,2024-02-18 10:54,3,HOME,WALK IN,50,M
5029,2024-02-18 08:18,2024-02-18 08:28,2024-02-18 08:28,2024-02-18 11:38,2024-02-18 11:38,2,HOME,WALK IN,84,M
5030,2024-02-18 08:25,2024-02-18 08:41,2024-02-18 08:41,2024-02-18 09:30,2024-02-18 09:30,4,HOME,WALK IN,41,M
5031,2024-02-18 08:37,2024-02-18 08:46,2024-02-18 08:46,2024-02-18 10:31,2024-02-18 10:31,4,HOME,WALK IN,52,M
5032,2024-02-18 08:44,2024-02-18 08:52,2024-02-18 08:57,2024-02-18 10:25,2024-02-18 10:25,4,HOME,WALK IN,77,M
5033,2024-02-18 09:08,2024-02-18 09:12,2024-02-18 09:12,2024-02-18 10:34,2024-02-18 10:34,4,HOME,WALK IN,55,F
5034,2024-02-18 09:12,2024-02-18 09:17,2024-02-18 09:17,2024-02-18 10:53,2024-02-18 10:53,3,HOME,AMBULANCE,82,M
5035,2024-02-18 09:14,2024-02-18 09:21,2024-02-18 09:27,2024-02-18 11:49,2024-02-18 13:09,4,ADMITTED,AMBULANCE,27,M
5036,2024-02-18 09:57,2024-02-18 10:09,2024-02-18 10:09,2024-02-18 11:23,2024-02-18 11:23,3,HOME,WALK IN,48,F
5037,2024-02-18 09:58,2024-02-18 10:02,2024-02-18 10:02,2024-02-18 11:55,2024-02-18 11:55,3,HOME,WALK IN,23,M
5038,2024-02-18 10:42,2024-02-18 10:50,2024-02-18 10:50,2024-02-18 12:43,2024-02-18 13:38,3,ADMITTED,WALK IN,40,M
5039,2024-02-18 11:06,2024-02-18 11:12,2024-02-18 11:12,2024-02-18 13:43,2024-02-18 14:04,3,ADMITTED,WALK IN,65,M
5040,2024-02-18 11:10,2024-02-18 11:17,2024-02-18 11:17,2024-02-18 12:30,2024-02-18 13:10,3,ADMITTED,WALK IN,64,F
5041,2024-02-18 11:39,2024-02-18 11:49,2024-02-18 11:49,2024-02-18 13:07,2024-02-18 13:07,4,HOME,WALK IN,27,F
5042,2024-02-18 11:41,2024-02-18 11:53,2024-02-18 11:53,2024-02-18 13:16,2024-02-18 13:16,3,HOME,AMBULANCE,58,M
5043,2024-02-18 12:27,2024-02-18 12:30,2024-02-18 12:30,2024-02-18 14:22,2024-02-18 16:00,2,ADMITTED,AMBULANCE,62,F
5044,2024-02-18 12:27,2024-02-18 12:30,2024-02-18 12:30,2024-02-18 14:34,2024-02-18 16:24,3,ADMITTED,WALK IN,26,F
5045,2024-02-18 12:37,2024-02-18 12:42,2024-02-18 12:43,2024-02-18 14:02,2024-02-18 14:02,3,HOME,AMBULANCE,27,M
5046,2024-02-18 12:42,2024-02-18 12:51,2024-02-18 12:51,2024-02-18 16:02,2024-02-18 16:02,2,HOME,WALK IN,42,F
5047,2024-02-18 13:40,2024-02-18 13:47,2024-02-18 13:47,2024-02-18 14:26,2024-02-18 14:26,4,HOME,WALK IN,45,M
5048,2024-02-18 13:42,2024-02-18 13:45,2024-02-18 13:45,2024-02-18 14:01,2024-02-18 14:01,5,HOME,WALK IN,53,M
5049,2024-02-18 14:22,2024-02-18 14:27,2024-02-18 14:27,2024-02-18 15:07,2024-02-18 17:01,4,ADMITTED,WALK IN,27,F
5050,2024-02-18 14:27,2024-02-18 14:36,2024-02-18 14:36,2024-02-18 17:31,2024-02-18 17:31,2,HOME,WALK IN,45,F
5051,2024-02-18 14:55,2024-02-18 14:57,2024-02-18 14:57,2024-02-18 17:15,2024-02-18 17:15,3,HOME,WALK IN,40,F
5052,2024-02-18 14:57,2024-02-18 15:04,2024-02-18 15:04,2024-02-18 18:07,2024-02-18 18:33,4,ADMITTED,AMBULANCE,73,F
5053,2024-02-18 15:29,2024-02-18 15:32,2024-02-18 15:32,2024-02-18 16:23,2024-02-18 16:23,4,HOME,WALK IN,17,F
5054,2024-02-18 15:31,2024-02-18 15:38,2024-02-18 15:38,2024-02-18 17:20,2024-02-18 17:20,3,HOME,WALK IN,58,F
5055,2024-02-18 15:43,2024-02-18 15:47,2024-02-18 15:47,2024-02-18 17:42,2024-02-18 17:42,2,HOME,WALK IN,62,F
5057,2024-02-18 16:02,2024-02-18 16:10,2024-02-18 16:10,2024-02-18 17:34,2024-02-18 17:34,3,HOME,AMBULANCE,45,M
5058,2024-02-18 16:06,2024-02-18 16:11,2024-02-18 16:11,2024-02-18 17:00,2024-02-18 18:27,4,ADMITTED,WALK IN,33,F
5059,2024-02-18 16:06,2024-02-18 16:14,2024-02-18 16:23,2024-02-18 17:05,2024-02-18 17:05,4,HOME,WALK IN,48,M
5061,2024-02-18 16:43,2024-02-18 16:47,2024-02-18 16:47,2024-02-18 18:12,2024-02-18 18:12,4,HOME,WALK IN,59,F
5063,2024-02-18 17:16,2024-02-18 17:22,2024-02-18 17:22,2024-02-18 18:50,2024-02-18 18:50,2,HOME,AMBULANCE,23,M
5064,2024-02-18 17:25,2024-02-18 17:33,2024-02-18 17:33,2024-02-18 18:06,2024-02-18 18:06,5,HOME,WALK IN,23,F
5066,2024-02-18 17:41,2024-02-18 17:46,2024-02-18 17:46,2024-02-18 18:46,2024-02-18 18:46,3,HOME,AMBULANCE,37,M
5068,2024-02-18 17:58,2024-02-18 18:04,2024-02-18 18:04,2024-02-18 23:03,2024-02-18 23:03,2,HOME,WALK IN,23,F
5069,2024-02-18 18:05,2024-02-18 18:11,2024-02-18 18:11,2024-02-18 20:27,2024-02-18 20:27,3,HOME,AMBULANCE,59,F
5071,2024-02-18 18:18,2024-02-18 18:23,,,2024-02-18 19:04,4,LEFT WITHOUT BEING SEEN,WALK IN,42,M
5073,2024-02-18 18:37,2024-02-18 18:44,2024-02-18 20:00,2024-02-18 21:43,2024-02-18 21:43,3,HOME,WALK IN,45,M
5074,2024-02-18 18:38,2024-02-18 18:43,2024-02-18 20:11,2024-02-18 21:28,2024-02-18 21:28,4,HOME,WALK IN,57,F
5076,2024-02-18 19:09,2024-02-18 19:17,2024-02-18 20:12,2024-02-18 23:08,2024-02-18 23:08,4,HOME,WALK IN,48,F
5078,2024-02-18 19:21,2024-02-18 19:28,2024-02-18 20:00,2024-02-18 21:44,2024-02-18 21:44,3,HOME,AMBULANCE,23,M
5079,2024-02-18 19:49,2024-02-18 19:57,2024-02-18 20:51,2024-02-18 21:25,2024-02-18 21:25,4,HOME,WALK IN,33,F
5080,2024-02-18 19:53,2024-02-18 19:59,2024-02-18 20:04,2024-02-18 23:33,2024-02-18 23:33,3,HOME,WALK IN,25,F
5081,2024-02-18 19:54,2024-02-18 20:02,2024-02-18 20:59,2024-02-18 22:21,2024-02-18 22:21,4,HOME,WALK IN,60,M
5082,2024-02-18 19:57,2024-02-18 20:02,2024-02-18 20:27,2024-02-18 23:50,2024-02-18 23:50,3,HOME,WALK IN,70,M
5083,2024-02-18 20:00,2024-02-18 20:06,,,2024-02-18 22:09,5,LEFT WITHOUT BEING SEEN,WALK IN,45,F
5086,2024-02-18 20:12,2024-02-18 20:15,,,2024-02-18 21:37,3,LEFT WITHOUT BEING SEEN,WALK IN,60,F
5088,2024-02-18 21:02,2024-02-18 21:06,,,2024-02-18 22:35,4,LEFT WITHOUT BEING SEEN,WALK IN,23,F
5089,2024-02-18 21:05,2024-02-18 21:09,2024-02-18 23:05,2024-02-18 23:45,2024-02-18 23:45,3,HOME,WALK IN,26,M
5090,2024-02-18 21:13,2024-02-18 21:16,,,2024-02-18 23:00,4,LEFT WITHOUT BEING SEEN,WALK IN,30,M
